# callgrind format
version: 1
creator: callgrind-3.22.0
pid: 8773
cmd:  ./grid_bfs --small
part: 1


desc: I1 cache: 16384 B, 64 B, 4-way associative
desc: D1 cache: 16384 B, 64 B, 4-way associative
desc: LL cache: 262144 B, 64 B, 8-way associative

desc: Timerange: Basic block 0 - 342903
desc: Trigger: Program termination

positions: line
events: Ir Dr Dw I1mr D1mr D1mw ILmr DLmr DLmw
summary: 1588804 461457 179284 1819 17106 3951 1515 8786 2837


ob=(7) /usr/lib/aarch64-linux-gnu/libgomp.so.1.0.0
fl=(108) ???
fn=(584) 0x000000000000ccc0
0 25 5 11 2 1 0 1 1
cfn=(600) 0x000000000000b5e8
calls=1 0 
0 9 5
0 8 0 3 1 0 0 1
cob=(1) /usr/lib/aarch64-linux-gnu/ld-linux-aarch64.so.1
cfi=(106) ./elf/../sysdeps/aarch64/dl-trampoline.S
cfn=(400) _dl_runtime_resolve
calls=1 38 
0 988 321 150 13 16 2 12 3 2
0 14 5 2 1 1 0 1 1

fn=(660) 0x000000000000ba00
0 22 4 2 3 1 0 3 1
cfn=(670) 0x000000000000ba48
calls=1 0 
0 5223 1716 473 46 82 7 46 39 7

fn=(680) 0x000000000000e3cc
0 44 14 6 3 0 0 3

fn=(600)
0 9 5

fn=(632) 0x000000000000b8dc
0 99 10 1 3 6 1 3 6
cfn=(656) 0x000000000000f2a0
calls=1 0 
0 5249 1720 475 52 83 7 52 40 7
cob=(1)
cfi=(106)
cfn=(400)
calls=1 38 
0 921 332 112 5 16 0 5 8
0 16 2 3 1 1 0 1
0 2 0 1 1 0 0 1

fn=(778) 0x0000000000036020
0 14 1 5 2 0 0 2
cfn=(782) 0x0000000000041820
calls=1 0 
0 5 1 1 1 1 0 1
0 14 2 1 1 0 0 1
cfn=(794) 0x0000000000041950
calls=1 0 
0 5 2 1 1 0 0 1
0 6 5
cfn=(802) 0x000000000000c1c4
calls=1 0 
0 230 91 14 2 8 2 2 2 2

fn=(814) 0x000000000000cb20
fi=(93) ./elf/./elf/dl-init.c
73 3
+3 5 7 0 0 1
fe=(108)
-76 8 0 2 1 0 0 1
cob=(2) /usr/lib/aarch64-linux-gnu/libc.so.6
cfi=(140) ./nptl/./nptl/pthread_key_create.c
cfn=(770) pthread_key_create@@GLIBC_2.34
calls=1 25 
0 46 11 11 0 1 0 0 1
0 8 3 0 1

fn=(678) 0x000000000000ea80
0 3
cfn=(722) 0x000000000000c284
calls=1 0 
0 3083 1036 310 26 54 7 26 24 7
cob=(2)
cfi=(134) ./stdlib/./stdlib/getenv.c
cfn=(650) getenv
calls=4 25 
0 942 292 28 4 3 0 4 3
0 53 7 3 8 2 0 8 1
0 16 2 6 1 1 0 1
cfn=(680)
calls=1 0 
0 22 7 3 3 0 0 3
0 3 0 0 2 0 0 2
cfn=(690) 0x000000000000eadc
calls=1 0 
0 14 8

fn=(679) 0x000000000000ea80'2
0 5 0 1
cfn=(766) 0x0000000000036f30
calls=1 0 
0 1100 380 148 14 28 5 14 10 5
cob=(2)
cfi=(134)
cfn=(650)
calls=2 25 
0 443 142 14 0 1 0 0 1
0 19 2 1 2 0 0 2
0 16 2 6 0 1
cfn=(680)
calls=1 0 
0 22 7 3
0 3
cfn=(690)
calls=1 0 
0 14 8

fn=(794)
0 5 2 1 1 0 0 1

fn=(804) 0x000000000003f9c8
0 29 15 5 1 2 2 1 0 2
cob=(2)
cfi=(136) ./stdlib/./stdlib/secure-getenv.c
cfn=(674) secure_getenv
calls=1 29 
0 192 73 9 0 6 0 0 2
0 8 3 0 1 0 0 1

fn=(462) 0x000000000000b6a8
fi=(93)
73 1 0 0 1
+1 5 1 0 0 1
cfi=(108)
cfn=(814)
calls=1 -74 
* 70 21 13 2 2 0 1 1
-1 3 0 0 1
fe=(108)
-73 15 2 13 2 0 0 2
cfn=(464) 0x00000000000223e0
calls=1 0 
0 16086 4622 1971 245 290 66 236 175 56

fn=(448) 0x000000000000cb60
fi=(93)
73 2
+1 10 2 0 0 1 0 0 1
cfi=(108)
cfn=(462)
calls=1 -74 
* 16180 4646 1997 251 293 66 239 176 56
cfi=(108)
cfn=(456) 0x000000000000cc60
calls=1 -74 
* 12 0 0 3 0 0 3
-1 6
fe=(108)
-73 5 0 2 1 0 0 1
cob=(1)
cfi=(106)
cfn=(400)
calls=1 38 
0 768 270 107 0 13 0 0 9
0 15 4 3 1 2 1 1 2 1

fn=(690)
0 28 16

fn=(578) 0x000000000000b5a8
0 10 1 5 2 1 0 2 1
cfn=(582) 0x000000000000b614
calls=1 0 
0 1048 336 168 18 18 2 16 5 2
0 40 7 11 2 2 1 2
cfn=(614) 0x000000000000b7b8
calls=1 0 
0 7926 2442 699 72 139 8 72 84 7

fn=(722)
0 5 0 1 0 0 1 0 0 1
cfn=(724) 0x000000000000bfe8
calls=1 0 
0 3078 1036 309 26 54 6 26 24 6

fn=(458) 0x000000000000cbd0
0 10 0 0 2 0 0 2

fn=(572) 0x0000000000022524
0 12 1
cfn=(573) 0x0000000000022524'2
calls=1 0 
0 750 68 1

fn=(573)
0 741 62
cfn=(573)
calls=61 0 
0 23058 2257 61
0 9 6 1

fn=(582)
0 4 0 2 1 0 0 1
cfn=(584)
calls=1 0 
0 1044 336 166 17 18 2 15 5 2

fn=(670)
0 4
cfn=(678)
calls=1 0 
0 4136 1352 350 44 60 7 44 28 7
cob=(1)
cfi=(106)
cfn=(400)
calls=1 38 
0 1067 362 121 1 21 0 1 10
0 16 2 2 1 1 0 1 1

fn=(724)
0 9 2 0 2 0 0 2
cfn=(679)
calls=1 0 
0 1622 541 173 16 30 5 16 11 5
cob=(2)
cfi=(134)
cfn=(650)
calls=3 25 
0 617 214 21 0 5 0 0 3
cob=(1)
cfi=(106)
cfn=(400)
calls=1 38 
0 782 272 113 3 17 1 3 9 1
0 48 7 2 5 2 0 5 1

fn=(766)
0 5 0 1 1 0 1 1 0 1
cfn=(778)
calls=1 0 
0 274 102 22 7 9 2 7 2 2
0 11 0 4 2 0 1 2 0 1
cob=(1)
cfi=(106)
cfn=(400)
calls=1 38 
0 794 273 116 4 19 1 4 8 1
0 16 5 5

fn=(456)
0 2 0 0 1 0 0 1
cfn=(458)
calls=1 0 
0 10 0 0 2 0 0 2

fn=(802)
0 1
cfn=(804)
calls=1 0 
0 229 91 14 2 8 2 2 2 2

fn=(656)
0 4 0 0 3 0 0 3
cfn=(660)
calls=1 0 
0 5245 1720 475 49 83 7 49 40 7

fn=(782)
0 5 1 1 1 1 0 1

fn=(464)
0 8 1 1 2 0 0 1
cfn=(578)
calls=1 0 
0 9024 2786 883 94 160 11 92 90 9
0 7 0 6 1 0 0 1
cob=(1)
cfi=(106)
cfn=(400)
calls=1 38 
0 7038 1833 1079 147 129 55 141 84 47
0 9 2 2 1 1 0 1 1

fn=(502) 0x000000000000cc80
0 6 0 3 1 0 0 1
cob=(1)
cfi=(106)
cfn=(401) _dl_runtime_resolve'2
calls=1 38 
0 2452 521 558 82 52 47 77 35 45
0 9 2 2 1 1 0 1 1
0 2 0 1
cfn=(572)
calls=1 0 
0 762 69 1
cob=(1)
cfi=(106)
cfn=(401)
calls=3 38 
0 2628 886 343 9 56 2 8 31
0 62 13 9 7 2 1 7 2 1

fn=(614)
0 4 0 0 1 0 0 1
cfn=(632)
calls=1 0 
0 6287 2064 592 62 106 8 62 54 7
cob=(2)
cfi=(133) ./string/../sysdeps/aarch64/strncmp.S
cfn=(618) strncmp
calls=27 72 
0 535 56 0 2 14 0 2 14
cob=(1)
cfi=(106)
cfn=(400)
calls=1 38 
0 753 262 105 3 14 0 3 11
0 347 60 2 4 5 0 4 5

fn=(442) 0x000000000000cb8c
0 4 1 0 1 1 0 1 1

ob=(5) /usr/lib/aarch64-linux-gnu/libm.so.6
fl=(103) ./csu/../sysdeps/aarch64/crti.S
fn=(376) call_weak_fn
63 1 0 0 1 0 0 1
+1 1 1 0 0 1 0 0 1
+1 1
+3 1

fl=(104) ???
fn=(382) 0x000000000000cb90
0 10 0 0 2 0 0 2

fn=(380) 0x000000000000cc20
0 2 0 0 1 0 0 1
cfn=(382)
calls=1 0 
0 10 0 0 2 0 0 2

ob=(4) /usr/libexec/valgrind/vgpreload_core-arm64-linux.so
fl=(94) ???
fn=(342) 0x0000000000000570
0 4 1 0 2 1 0 2

fn=(350) 0x00000000000005c0
0 10 0 0 1 0 0 1

fn=(348) 0x0000000000000650
0 1 0 0 1 0 0 1
cfn=(350)
calls=1 0 
0 10 0 0 1 0 0 1

ob=(1)
fl=(5) ./elf/./elf/do-rel.h
fn=(8) _dl_start
53 1
fi=(4) ./elf/../sysdeps/generic/ldsodefs.h
+26 1
fi=(6) ./elf/../sysdeps/aarch64/dl-machine.h
188 1
fe=(5)
53 2 1
-3 1 2
-1 1 1
+4 1 1
-4 1
+1 1
+3 1
-4 1
+4 1 0 0 1 0 0 1
+3 3
fi=(6)
303 1 1 0 0 1 0 0 1
fe=(5)
56 1
fi=(6)
303 3 1 1 0 0 1 0 0 1
fe=(5)
56 2
fi=(6)
303 22 22 0 0 3 0 0 3
fe=(5)
56 22
fi=(6)
303 66 22 22 0 6 7 0 6 7
fe=(5)
56 44
+5 2
fi=(6)
179 4
+9 24 8 0 1 4 0 1 4
+4 8 4
-4 4 4
+4 8
-4 4
+4 4
+4 12
+4 12 4 4
fe=(5)
61 12
+2 8 8 0 1 1 0 1 1
+2 4
-1 8
fi=(6)
177 8
fi=(2) ./elf/./elf/rtld.c
563 1
fi=(4)
79 1 1
fi=(2)
563 1
fe=(5)
51 2 1
fi=(4)
+28 2
cfi=(5)
cfn=(9) _dl_start'2
calls=1 -26 
* 1472960 429678 159803 889 15605 2488 702 8194 1450
fe=(5)

fn=(9)
53 2 1
-3 1 2
-1 1 1
+4 1 1
-4 1
+1 1
+3 1
-4 1
+4 1
+3 2
+5 3
cfi=(2)
cfn=(3) _dl_start'2
calls=1 563 
* 1472945 429673 159803 889 15605 2488 702 8194 1450

fn=(258) _dl_relocate_object
53 8 4
-3 4 8 0 0 2 0 0 1
-1 4 4
+4 4 4
fi=(70) ./elf/./elf/dl-reloc.c
301 4 4
fe=(5)
49 4
+4 4
-3 4
-1 4
+4 4
+27 4
+3 8
fi=(6)
342 3447 1149 1149 0 143 0 0 143
fe=(5)
83 3447
fi=(6)
314 1151 2302 0 1 433 0 1 433
-1 1151
+3 2302
+2 2298 1149 0 0 2 0 0 1
+23 2298 1149
fi=(70)
-40 2
+3 14 4
+24 6 2 2
+3 2
+17 4 2 0 0 2 0 0 2
fi=(6)
-2 4
+3 2 2 0 0 1 0 0 1
-1 2
fi=(4)
79 2 2 0 0 1 0 0 1
fi=(6)
349 6 2 0 0 1
+4 2 2 0 0 1 0 0 1
-3 6 0 0 1 0 0 1
+3 2
+4 14 6 0 0 2 0 0 1
+5 2 0 2 0 0 1 0 0 1
fi=(70)
170 6 2 0 0 2 0 0 2
fi=(4)
-30 3 1 0 1 0 0 1
fi=(70)
+31 2
+3 11 1
+12 2 2 0 0 1 0 0 1
-2 1 0 1 1 0 0 1
+2 1 1
-3 1 0 1
+3 2
+2 2 1 0 0 1
-1 2
+3 6 1
cfi=(72) ./elf/./elf/dl-lookup.c
cfn=(263) _dl_lookup_symbol_x'2
calls=1 772 
* 1175 384 154 2 41 11 2 20 8
fe=(5)
-76 4
+9 2
+3 4 2 0 0 1
fi=(4)
-47 2 2
fe=(5)
+50 4 2 0 0 1
+2 4
+2 3 6
+3 3 3
-3 3
fi=(6)
+42 3
fe=(5)
-40 3
-1 3
-1 3 3
+3 3
-2 6 0 6
-1 3
+3 3
fi=(6)
+41 6
+2 3
fi=(70)
-9 9 3 0 0 1 0 0 1
fi=(4)
-30 3 1
fi=(70)
+31 2
+3 8 1
fi=(6)
+14 2 2
+5 2
-5 2 2
+5 4
-5 2
+5 6 2
+3 6
fe=(5)
-46 6
-19 14 4
cfi=(70)
cfn=(253) _dl_relocate_object'2
calls=1 301 
* 134 51 8 0 4 0 0 4
fi=(6)
+57 12 2
+8 12
+15 2 2
+62 2
+2 8 2
+2 8 4 0 0 1 0 0 1
-1 2 0 2
fe=(5)
150 4 2
cfn=(259) _dl_relocate_object'2
calls=2 * 
* 63999 20557 7551 25 1140 22 24 588 8
* 4
cfi=(70)
cfn=(253)
calls=1 +36 
* 12893 4199 1535 0 254 3 0 86 1
fi=(70)
+28 1
fi=(6)
+10 5 2 0 1 0 0 1
+5 1
-5 1 1
+5 5 1
+50 4 1 0 0 1
+9 1 1
+1 4 2
-1 1 0 1
+2 2 1 1
+37 1
cfi=(5)
cfn=(259)
calls=1 83 
* 58 23 4
fi=(70)
+58 4
cfn=(278) _dl_protect_relro
calls=2 +6 
* 58 14 6 0 1 0 0 1
+1 16 24 0 0 1
fe=(5)

fn=(259)
53 8 4 0 0 2
-3 4 8 0 0 1
-1 4 4
+4 4 4 0 0 1
fi=(70)
301 4 4
fe=(5)
49 4
+4 4
-3 4
-1 4
+4 4
+27 4
+3 8
fi=(6)
342 372 124 124 0 15 0 0 15
fe=(5)
83 384
fi=(6)
314 126 252 0 0 45 0 0 45
-1 126
+3 252
+2 248 124 0 0 1 0 0 1
+23 248 124 0 0 1 0 0 1
fe=(5)
83 8
fi=(70)
301 6
+3 42 12 0 1 0 0 1
+24 18 6 6 1 0 0 1
+3 6
+17 12 6 0 0 5 0 0 2
fi=(6)
-2 4
+3 2 2
-1 2
fi=(4)
79 2 2
fi=(6)
349 6 2
+4 2 2
-3 6
+3 2
+4 14 6 0 0 2 0 0 1
+5 2 0 2
fi=(70)
170 6 2 0 0 2 0 0 2
fi=(4)
-30 3 1
fi=(70)
+31 2
+3 11 1
+12 2 2
-2 1 0 1
+2 1 1
-3 1 0 1
+3 2
+2 2 1
-1 2
+3 6 1
cfi=(72)
cfn=(263)
calls=1 772 
* 608 203 79 0 9 0 0 4
fe=(5)
-76 4
+9 4
+3 4 2 0 0 1
fi=(4)
-47 2 2
fe=(5)
+50 4 2 0 0 1
+2 4
+2 17 34 0 0 6 0 0 6
+3 17 17
-3 17
fi=(6)
+42 17
fe=(5)
-40 17
-1 17
-1 17 17 0 0 3 0 0 2
+3 17
-2 34 0 34
-1 17
+3 17
fi=(6)
+41 34
+2 17
fi=(70)
-9 51 17 0 0 3 0 0 3
fi=(4)
-30 9 3
fi=(70)
+31 6
+3 24 3 0 0 1
fi=(6)
+14 14 14
+5 14
-5 14 14
+5 28
-5 14
+5 42 14
+3 42
fe=(5)
-46 36
-19 59 4 0 0 1
cfi=(70)
cfn=(253)
calls=1 301 
* 83 34 4 8 6 0 7
fi=(6)
+57 84 14
+8 82
+15 13 13
+62 13
+2 52 13
+2 52 26 0 0 1 0 0 1
-1 13 0 13 0 0 3 0 0 3
fe=(5)
150 26 13
cfn=(259)
calls=13 * 
* 572672 183940 68397 250 9953 192 240 5126 66
* 12
cfi=(70)
cfn=(253)
calls=3 +36 
* 90863 29247 10770 40 1585 29 38 763 9
fi=(6)
282 3 2 0 0 1 0 0 1
+1 3 1
fi=(71) ./elf/../sysdeps/aarch64/dl-irel.h
38 1 1
-1 1
+1 2 1 2
+1 2 1 1
+1 2
cob=(2)
cfi=(76) ./string/../sysdeps/aarch64/multiarch/strlen.c
cfn=(276) strlen
calls=1 -6 
* 13 4 2 2 0 0 2
* 1
fi=(6)
285 1 0 1
fe=(5)
150 2 1
cfn=(259)
calls=1 * 
* 93 38 4 8 7 0 7
fi=(70)
+28 1
fi=(6)
+10 5 2
+5 1
-5 1 1
+5 5 1
+50 4 1
+9 1 1
+1 4 2
-1 1 0 1
+2 2 1 1
+37 1
cfi=(5)
cfn=(259)
calls=1 83 
* 58 23 4 0 3 0 0 2
fi=(70)
+58 12 0 0 1 0 0 1
cfn=(278)
calls=6 +6 
* 174 42 18 4 1 0 3
+1 48 72 0 0 3 0 0 1
fe=(5)

fl=(19) ./elf/../misc/sbrk.c
fn=(50) sbrk
37 3 0 3 1 0 0 1
+3 1
-3 2 0 2
+3 1 1
+18 1
+4 2
+16 5 5 0 1 0 0 1

fl=(32) ./elf/./elf/dl-hwcaps-subdirs.c
fn=(90) _dl_hwcaps_subdirs_active
27 1 0 2 1 0 1 1 0 1
+2 1
-2 1
+2 2 2

fl=(24) ./elf/./elf/dl-minimal-malloc.c
fn=(118) __minimal_free
97 9 0 12
+2 15 3
+7 9 12 0 2 0 0 2

fn=(64) __minimal_malloc
fi=(23) ./elf/../include/rtld-malloc.h
44 1
fi=(72)
272 1
+7 1 2
171 1
279 6 4
+1 2 1 0 0 1 0 0 1
+1 2 3
170 1
+1 1
-1 1
+1 2
-1 1
+2 3
cfn=(267) do_lookup_x'2
calls=1 * 
* 1186 287 206 0 58 0 0 41
fe=(24)
36 138 0 184 2 0 3 2 0 2
+1 46
-1 46
+1 137 46 0 0 5 0 0 3
+11 135 45
+1 45
+2 45 0 0 5
-3 45 0 45
+3 213
+5 20 4
+1 12
+2 8 0 8 2 0 0 1
+1 28
cfi=(51) ./misc/../sysdeps/unix/sysv/linux/mmap64.c
cfn=(162) mmap
calls=4 -13 
* 52 8 8 3 0 0 3
* 4
+2 8
+2 16
cfi=(52) ./misc/../sysdeps/unix/sysv/linux/setvmaname.c
cfn=(164) __set_vma_name
calls=4 -31 
* 79 28 22 6 2 2 3 2 2
+1 20 4
+2 6 4 2
+4 2
-1 4 0 4
+3 6 8
-3 82 0 82
+3 123 164
-30 1 0 0 1 0 0 1
-1 2
+1 2 1 0 1 0 0 1
+1 1
-1 1
+1 1
-2 2 0 1
cfn=(65) __minimal_malloc'2
calls=1 +6 
* 15 4 3 1 0 0 1
+28 2 2 0 1
-3 6 4 2
+4 4
cfn=(65)
calls=2 -1 
* 10 8 4
fi=(23)
-27 1
fi=(22) ./elf/./elf/dl-object.c
+51 1
+5 1 0 0 1 0 0 1
-2 1 0 1 0 0 1 0 0 1
+6 1 1
-4 1
+3 1
-1 1 0 1 0 0 1 0 0 1
-3 1 0 1 0 0 1 0 0 1
+5 2
-2 1 0 1
+2 1
cfi=(25) ./string/../sysdeps/aarch64/multiarch/../memcpy.S
cfn=(66) memcpy
calls=1 -32 
* 20 3 3 3 1 1 3 1 1
* 1 0 1
+2 3 1 1
+13 2 1 0 1 0 0 1
+6 1
+2 1 1 0 0 1 0 0 1
+3 2 0 1
-3 2 0 1
+3 2 1
+1 3 0 1 1 0 1 1 0 1
cfn=(59) _dl_new_object'2
calls=1 +5 
* 148 14 22 4 1 6 4 1 6
fi=(40) ./elf/./elf/dl-tls.c
432 1
+20 3 0 0 1 0 0 1
+7 2
-7 2
+7 2
cfi=(10) ./string/../sysdeps/aarch64/nptl/../memset.S
cfn=(22) memset
calls=1 32 
* 132 0 117 2 0 30 0 0 30
+5 1
+2 1
-2 1 0 1
+2 1
cfn=(244) allocate_dtv
calls=1 360 
* 59 15 15 2 0 1 2 0 1
* 1
+1 1
+3 5 5 0 1 0 0 1
fe=(24)

fn=(65)
36 3 0 4
+1 1
-1 1
+1 3 1
+11 3 1
+1 1
+2 1
-3 1 0 1
+3 2
-3 2
+1 1
+2 1 0 0 1 0 0 1
-3 1 0 1
+3 8
+19 8 0 8
+3 12 16

fn=(62) __minimal_calloc
80 38 0 38 3 0 1 1
+7 19
-7 19
+8 57
-4 19
+4 19
+4 19 38
fi=(23)
-36 76 19 0 3 4 0 1
cfi=(24)
cfn=(65)
calls=1 -20 
* 24 6 7
cfi=(24)
cfn=(64)
calls=18 -20 
* 1992 458 391 26 67 16 22 50 15
fe=(24)

fl=(66) ./elf/./elf/dl-version.c
fn=(226) _dl_check_all_versions
392 3 0 4 1 0 0 1
+4 2
-2 5 0 2
cfn=(227) _dl_check_all_versions'2
calls=1 +3 
* 20650 5990 1285 24 260 90 20 121 75
fi=(2)
676 1
+4 3 3
fe=(66)

fn=(227)
397 1 1
+1 5 0 0 1 0 0 1
cfn=(228) _dl_check_map_versions
calls=1 155 
* 20644 5989 1285 23 260 90 19 121 75

fn=(228)
155 4 0 4 1 0 2
+15 2 1
+2 1
fi=(4)
-93 6 1 8 1 0 0 1
fe=(66)
+93 2 1 0 0 1
+2 1 1 0 0 1
+1 1 1 0 0 1
+2 1
+3 1 1
-24 1 0 1 0 0 1
+24 1 1 0 0 1
-16 1
+16 1
+4 3 1 0 0 1 0 0 1
fi=(67) ./elf/../sysdeps/generic/_itoa.h
76 6 0 1 1 0 0 1
fe=(66)
+71 1
fi=(67)
-71 1
fe=(66)
+71 4 0 3 0 0 1
36 3 1
200 2 2
36 3 0 0 1 0 0 1
200 1
36 2 1
+1 4 4
-1 4
+2 15
cfi=(46) ./elf/./elf/dl-misc.c
cfn=(148) _dl_name_match_p
calls=5 +30 
* 366 78 20 0 2
* 6
208 1
+5 1 1
+5 2 0 0 1 0 0 1
-5 2 0 1
+5 1 0 1
-5 2 0 3
+5 1 1
-1 1 1
+1 1 1
-1 2 1
+1 10 6 0 1 2 0 1
+3 2 1 1
56 1 1
fi=(4)
+23 1 1
fe=(66)
-23 2 1
+8 3 1
+6 2 1 0 1 1 0 1
+16 1 1
+1 1
+2 2 1
+5 3 1 0 0 1 0 0 1
+14 12 4
+12 6 3 0 0 1 0 0 1
+4 3
-30 9 3 0 1 0 0 1
231 1 1 0 1 0 0 1
+3 1 1
-3 3
+3 1
110 1 1 0 1 0 0 1
+3 4 1 0 0 1 0 0 1
cfi=(26) ./string/../sysdeps/aarch64/strcmp.S
cfn=(74) strcmp
calls=1 -49 
* 67 12 0 0 1 0 0 1
* 1
224 5 1
+10 2 3 0 1 0 0 1
+9 2 1 0 1 0 0 1
+5 1
-50 1
cfn=(229) _dl_check_map_versions'2
calls=1 36 
* 5380 1594 182 11 78 8 8 61 6
397 1 1
+1 5
cfn=(229)
calls=1 155 
* 14647 4248 1060 0 168 78 0 55 69
-2 1 1
+2 2
-1 1
-1 1

fn=(229)
155 28 0 28
+15 14 7 0 0 3
+2 7
fi=(4)
-93 42 7 56
fe=(66)
+93 14 7 0 0 1
+2 7 7 0 0 4 0 0 1
+1 7 7
+2 7
+3 5 5 0 0 1
-24 5 0 5
+24 5 5 0 0 3
-16 5
+16 5
+4 15 5 0 0 5 0 0 5
fi=(67)
76 30 0 5
fe=(66)
+71 5
fi=(67)
-71 5
fe=(66)
+71 20 0 15
36 15 5 0 0 1
200 10 10
36 15
200 5
36 37 14 0 0 1
200 18 18 0 0 1 0 0 1
36 27
200 9
36 18 9
+1 71 71
-1 71
+2 255
cfi=(46)
cfn=(148)
calls=85 +30 
* 6016 1326 340 0 22
* 99
208 14
+5 14 14 0 0 4 0 0 4
+5 28
-5 28 0 14
+5 14 0 14
-5 28 0 42
+5 14 14
-1 14 14
+1 14 14
-1 28 14 0 0 3 0 0 3
+1 40 26
-1 26 26
+1 26 26
-1 52 26 0 0 5 0 0 5
+1 143 78
+3 26 13 13
56 13 13
fi=(4)
+23 13 13
fe=(66)
-23 26 13 0 0 3
218 81 81
+3 54 27 27
56 27 27 0 0 2
fi=(4)
+23 27 27 0 0 2
fe=(66)
-23 54 27 0 0 5
+8 120 40
+6 80 40 0 0 3
+16 40 40 0 0 3
+1 40
+2 80 40
+5 120 40 0 0 9 0 0 5
+14 1455 485 0 0 15 0 0 11
+12 890 445 0 0 10 0 0 9
+4 445
-30 1335 445 0 0 38 0 0 27
231 40 40
+3 40 40
-3 120
+3 40
+5 26
-24 26
cfn=(229)
calls=26 +3 
* 56823 18286 4039 99 545 441 72 318 395
110 40 40
+3 160 40 0 0 3 0 0 3
cfi=(26)
cfn=(74)
calls=40 -49 
* 2229 344 0 0 27 0 0 22
* 40
224 200 40
+10 28 42
+9 28 14
+5 8
-50 8
cfn=(229)
calls=8 36 
* 27573 8426 1509 33 301 133 24 195 119
-42 2 0 2
+8 2
+93 3
cfn=(229)
calls=1 368 
* 8 13
* 30 12 0 1 0 0 1
+3 24 12 0 0 1
cfn=(229)
calls=6 +3 
* 4193 1504 612 0 63 78 0 20 69
+10 142
-7 142 142 0 0 26 0 0 14
+3 142 142 0 0 11 0 0 6
-3 426
+3 142
-3 6 6 0 0 2
+3 6 6
-3 18
+3 6
+8 6
fi=(23)
44 35 7 7 1 5 0 1
fe=(66)
280 7
fi=(23)
44 7
cfi=(24)
cfn=(62)
calls=7 +36 
* 266 63 63 3 4 1
fe=(66)
279 7 0 7 1 0 6 1
+2 7 7
fi=(23)
44 7
fe=(66)
281 7
+13 7 7 0 0 7
fi=(4)
79 7 7
fe=(66)
294 7 7 0 0 4
-3 7 0 7
+3 14 0 7 0 0 4
+2 7
+3 6 6
+11 6
-11 18 6
+4 18 6 0 1 1 0 1
cfn=(229)
calls=6 +3 
* 2991 1162 578 3 8 73 3 0 73
* 27 9
cfn=(229)
calls=9 +3 
* 4587 1759 902 8 11 101 8 0 101
+18 26
-15 52 26
+2 52
-2 30 15
+2 30
+2 41
+2 41 41
-2 41 41
+1 41
-1 41
+3 41 41
-1 41
+1 41
-2 41 0 82 1 0 15 1 0 15
+1 41 0 41 0 0 5 0 0 5
+1 41 0 41 0 0 2 0 0 2
+3 82 41
+8 30 15
+5 9
-28 9
cfn=(229)
calls=9 +2 
* 4614 1768 902 8 11 101 8 0 101
+33 6
+3 6 6
+11 6
-11 12
cfn=(229)
calls=6 +6 
* 2228 952 426 0 7 53 0 0 53
+20 142
-14 296 148
+4 142 142
-6 142 284
+7 284
+1 142 142
-1 142
+1 142
-1 142 0 142 0 0 37 0 0 37
+1 142 0 142
+1 142 0 142 0 0 16 0 0 16
+3 296 148
+12 6
+1 12 6 0 1 2 0 1
+1 12 6 0 1 6 0 1
+1 32 64
+19 32 40
274 1 0 0 1 0 0 1
+60 1
-40 2 1
cfn=(229)
calls=1 +43 
* 77 40 12 0 0 2 0 0 2
397 6 6 0 0 2
+1 30
cfn=(229)
calls=6 155 
* 36177 10589 2812 0 490 205 0 135 174
-2 7 7
+2 14
-1 7
-1 8 2 0 0 1
+5 4 4

fl=(40)
fn=(210) _dl_assign_tls_modid
141 8 0 0 1 0 0 1
-13 4
+13 4 4
-13 8 4 0 1 0 0 1
+53 4
+2 8
-2 8 4
+2 4 0 4
+3 8 0 4

fn=(240) _dl_determine_tlsoffset
222 2 0 0 1 0 0 1
-6 2 0 2
+6 2 1
+3 2 1
+84 2 1 0 1 0 0 1
+2 1 1
-2 1
-2 1
-88 1
-1 1
-1 2
cfn=(241) _dl_determine_tlsoffset'2
calls=1 +94 
* 143 19 7 4 1 0 4
fi=(2)
786 1
cfi=(40)
cfn=(242) _dl_allocate_tls_storage
calls=1 417 
* 405 62 177 15 4 32 10 1 31
fe=(40)

fn=(241)
332 4
-23 4
+23 12
+1 4
+1 12
+2 4
-11 4 0 4
+12 4
+3 8
-31 4
+31 4
+3 4
-34 8 4
+2 8 0 0 1 0 0 1
+3 4 4 0 0 1
+4 4
-5 4 4 0 1 0 0 1
+1 4
+4 4 4
-5 4
+3 4
-3 4
+3 4
+2 12
+29 2 0 0 1 0 0 1
-1 1
+1 4 1 0 1 0 0 1
+7 1 0 2
+1 1 2
-9 1 0 1
+9 1

fn=(242)
417 1 0 2 1 0 0 1
+13 2
fi=(23)
56 1
fe=(40)
417 1
+14 1 1
-14 1 0 1
+13 1 1
-13 1 0 2
fi=(23)
56 1 1
fe=(40)
431 1
fi=(23)
56 2
cfi=(24)
cfn=(64)
calls=1 -20 
* 292 38 149 8 0 31 4 0 31
fi=(2)
786 1
+1 1
+6 2 1 1
fi=(39) ./elf/../sysdeps/generic/dl-call_tls_init_tp.h
31 1
+2 1
cfi=(20) ./elf/../sysdeps/nptl/dl-tls_init_tp.c
cfn=(246) __tls_init_tp
calls=1 +35 
* 86 14 21 5 4 1 4 1
fi=(2)
797 2
+3 1 2 0 1 0 0 1
-3 1 0 1
+3 4 4
fe=(40)

fn=(238) _dl_tls_static_surplus_init
97 1 0 2 1 0 0 1
+3 1
-3 2 0 2
+3 2
-3 1
+3 2
cfi=(12) ./elf/./elf/dl-tunables.c
cfn=(33) __tunable_get_val'2
calls=1 390 
* 23 5 3 1 2 0 0 1
+1 2
-1 1 1 0 1 0 0 1
+1 2
cfi=(12)
cfn=(33)
calls=1 390 
* 23 5 3 0 2 0 0 1
+1 3
+2 1
-3 1 1
+3 2
+3 1
+4 1
-28 1
+26 1
-26 1
+26 1 0 1
-26 1
+29 1 2
-29 1
+28 3 0 1 0 0 1 0 0 1
+1 2 2

fn=(124) _dl_count_modids
194 3 0 0 1 0 0 1
-2 2 0 2 1 0 0 1
+2 2 1
+1 1 1
+15 2 2

fn=(292) _dl_allocate_tls_init
523 6 0 5 1 0 0 1
+1 1
+10 2 0 2
+3 1
-3 2 1 2 0 1
+3 1
-9 1 1 0 0 1 0 0 1
+6 5 0 4 1 0 0 1
cfi=(20)
cfn=(72) rtld_mutex_dummy
calls=1 42 
* 5 2 2
+3 4 2 0 0 1 0 0 1
+12 1
-18 1
-1 1 0 1
+19 1 1
+5 10 2 0 1 1 0 1
cfn=(293) _dl_allocate_tls_init'2
calls=1 +6 
* 338 77 37 5 10 6 5 9 6
fi=(2)
2341 4 2 0 1 1 0 1
+4 7 3 0 0 1 0 0 1
+2 1
+10 2 0 1 1 0 0 1
cfi=(80) ./elf/./elf/dl-find_object.c
cfn=(294) _dl_find_object_init
calls=1 561 
* 8244 2483 991 66 226 16 66 142 10
fe=(40)

fn=(293)
563 4 4 0 0 1 0 0 1
+1 4
+6 16 8
+3 8 4 0 0 4 0 0 3
-2 4
+2 4 4 0 0 1 0 0 1
-2 4 0 0 1 0 0 1
+6 4 4
-4 8
+4 4
-4 4 0 4 0 0 1 0 0 1
+3 8
+4 8
+1 16 8 0 0 2 0 0 2
+20 4 4
-15 4
+15 4 4 0 1 0 0 1
-8 4 0 4
+8 12
+2 12 4 0 0 1 0 0 1
cfi=(25)
cfn=(66)
calls=4 72 
* 53 2 2 0 1 0 0 1
* 24 8
cfi=(10)
cfn=(22)
calls=4 32 
* 68 0 24 1 0 5 1 0 5
* 4 4
+6 4 4
-55 20
+6 10 0 0 1 0 0 1
+55 5 1
cfi=(20)
cfn=(72)
calls=1 42 
* 5 2 2
+3 5 8 1 1 0 0 1
+3 4 4

fn=(280) _dl_add_to_slotinfo
1017 4 0 4 1 0 0 1
+9 2 0 0 1 0 0 1
-9 1 0 2
+6 1 1
-6 2 0 2
+9 1 1 0 0 1
+1 1
cfn=(281) _dl_add_to_slotinfo'2
calls=1 +4 
* 17 10 2 2 2 1 2
fi=(2)
2295 1 1
+9 1
-9 1 1
+5 2 2 0 0 2
+2 1
+6 3 1 1 0 1
+2 2
+1 7 2 0 0 1
cfi=(70)
cfn=(253)
calls=1 207 
* 1337258 392874 145549 133 13421 1763 133 6851 783
-18 2
fe=(40)

fn=(281)
1017 12 0 12 0 0 1
+9 6
-9 3 0 6
+6 3 3
-6 6 0 6
+9 3 3 0 0 3 0 0 1
+1 3
cfn=(281)
calls=3 +4 
* 51 30 6 0 4 2 0 2
+4 12 4 0 0 3 0 0 1
+34 4
+3 12 0 4 1 0 3 1
+1 20 4 4 0 3 0 0 1
+3 20 32 0 1 0 0 1
fi=(2)
2295 3 3 0 0 2 0 0 1
+9 3
-9 3 3 0 0 1 0 0 1
+5 6 6 0 0 3 0 0 1
+2 3
+6 9 3 3 0 1
+2 6
+1 21 6 0 0 6 0 0 2
cfi=(70)
cfn=(253)
calls=3 207 
* 2667720 782804 290299 341 26572 3504 341 13645 1559
-18 6
fe=(40)

fn=(244)
360 1 0 2 1 0 0 1
+5 2
-5 3 0 2
+5 1 1
+4 1
fi=(23)
44 5 1 0 1 0 0 1
cfi=(24)
cfn=(62)
calls=1 +36 
* 38 9 9
fe=(40)
371 1
+3 3 0 1 0 0 1 0 0 1
+6 1 0 1
+6 3 4

fl=(96) ./misc/./misc/getauxval.c
fn=(356) getauxval
0 6 2 1
56 2 0 2 1 0 0 1
+3 2
cfn=(358) __getauxval2
calls=1 -34 
* 15 6 3 3 0 0 3

fn=(358)
25 2 0 2 1 0 0 1
+5 2
+2 2 1
+1 1
cfn=(359) __getauxval2'2
calls=1 * 
* 4 2 1 1 0 0 1
+26 1
+1 1 1 0 1 0 0 1
+4 2 2

fn=(359)
33 1 0 0 1 0 0 1
+18 1 2
-14 1 0 1
+14 1

fl=(86) ./elf/./elf/dl-call-libc-early-init.c
fn=(316) _dl_call_libc_early_init
29 1 0 0 1 0 0 1
-2 1 0 2
+6 2
-6 1
+6 4
-6 3 0 2
+6 3
cfi=(85) ./elf/./elf/dl-lookup-direct.c
cfn=(312) _dl_lookup_direct
calls=1 +41 
* 220 61 17 0 9 0 0 9
+4 1
+2 6 3 0 1 0 0 1
+1 1
+1 1 2
-2 1
+2 1 2
-1 2
cob=(2)
cfi=(87) ./elf/./elf/libc_early_init.c
cfn=(318) __libc_early_init
calls=1 -7 
* 287 82 45 26 20 6 26 18 4

fl=(50) ./io/../sysdeps/unix/sysv/linux/fstat64.c
fn=(160) fstat
30 7 0 14 6 0 1 1 0 1
+9 14
-9 7
+9 21
+33 14 14

fl=(65) ./malloc/./malloc/scratch_buffer_set_array_size.c
fn=(214) __libc_scratch_buffer_set_array_size
30 6 0 12 1 0 0 1
+4 6
-4 12 0 12
+5 6 0 0 1 0 0 1
-4 6
-1 6
+5 12
+10 18 6
+1 6 0 0 1 0 0 1
+17 18 24

fl=(23)
fn=(116) fillin_rpath.isra.0
50 3 1 0 1 0 0 1
cfi=(24)
cfn=(118)
calls=1 +47 
* 11 5 4 1 0 0 1
+1 1
cfi=(30) ./elf/./elf/dl-load.c
cfn=(103) fillin_rpath.isra.0'2
calls=1 474 
* 19 15 1

fn=(60) _dl_new_object
44 4 1 0 1 0 0 1
cfi=(24)
cfn=(62)
calls=1 +36 
* 244 31 44 16 4 12 16 4 12

fl=(61) ./io/../sysdeps/unix/sysv/linux/fstatat64.c
fn=(196) fstatat
146 1 0 2 1 0 0 1
-55 2
+55 1
-55 2
+70 3
+1 2 2

fl=(44) ./elf/./elf/dl-catch.c
fn=(222) _dl_receive_error
186 5 0 4 2 0 1 2
58 1
188 1
58 1 1
188 1
-2 1 0 2
+2 1 1
58 1
192 1
59 1 1
+11 1 0 1
192 1 0 1
+2 1
cfi=(2)
cfn=(224) version_check_doit
calls=1 674 
* 20682 6002 1296 28 260 92 24 121 75
fi=(2)
2038 1 0 0 1
+1 1 1 0 0 1
-1 1 1
+1 1
+1 2 0 0 1 0 0 1
cfn=(234) init_tls
calls=1 734 
* 1401580 413102 153578 248 14872 2029 240 7762 1024
fe=(44)

fn=(140) _dl_catch_exception
204 2 0 4 1 0 2 1 0 2
58 2
204 6 0 6 0 0 1 0 0 1
58 2 2 0 0 1 0 0 1
204 2 0 2 0 0 1 0 0 1
+3 2
+21 2 2 0 1 0 0 1
+1 4 0 4 0 0 1 0 0 1
58 2
+1 2 0 0 1 0 0 1
+11 2
-11 2 2
+11 2 0 2
-11 2 0 2 2 0 0 1
+11 2
cfn=(141) _dl_catch_exception'2
calls=2 235 
* 6500 1311 978 199 82 126 157 78 124
258 1 2
-1 1 0 1
+2 1 1
+2 1 1
-3 1 0 1
+1 3 0 1
+2 3 4 0 1 0 0 1
fi=(59) ./elf/./elf/dl-deps.c
-33 4 1
cfi=(30)
cfn=(108) _dl_dst_count
calls=1 +10 
* 30 5 4 1
* 2
+14 1 1 0 1 0 0 1
+2 3 1
+5 2 0 1
+6 1 1
-2 1 0 1
+4 1 1
-8 1
+5 1 0 2
+3 1
-2 1 0 1
+1 1 0 1
+1 1 0 1 1 0 0 1
+2 4 1 1
+4 1
-42 2 1
+1 2
+10 1 1
-4 1
+4 2
-2 1 0 1
+2 1
cfi=(44)
cfn=(141)
calls=1 -28 
* 26671 5661 3143 156 286 153 28 130 142
* 1
+1 2 1
fe=(44)

fn=(141)
204 14 0 28
58 14
204 42 0 42
58 14 14
204 14 0 14
+3 14
+21 14 14
+1 28 0 28
58 14
235 48
cfi=(45) ./setjmp/../sysdeps/aarch64/setjmp.S
cfn=(142) __sigsetjmp
calls=16 36 
* 352 32 336 7 1 7 2 0 5
* 16
+2 32 32
cfi=(59)
cfn=(188) openaux
calls=15 61 
* 26210 5497 2893 206 277 228 63 176 218
cfi=(2)
cfn=(144) map_doit
calls=1 641 
* 2209 491 300 100 27 35 93 27 35
69 30 10
+1 30 10 10
239 30 10 30
-25 10
+34 30 30
59 14
+11 14
-11 14 14
+11 14 0 14
-11 14 0 14 5
+11 14
cfn=(141)
calls=14 235 
* 22497 4801 2591 114 223 144 1 125 134
fi=(59)
208 5 3 0 0 1
-18 1
+18 1
417 7 0 0 1 0 0 1
fi=(23)
56 5
fi=(59)
419 10 0 5
fi=(23)
56 5 5 0 0 1
fi=(59)
422 10
fi=(23)
56 10
cfi=(24)
cfn=(64)
calls=5 -20 
* 120 30 35
* 5
fi=(59)
423 5
+6 5 0 5 0 0 2 0 0 1
+1 5
+1 5
-1 15
cfi=(25)
cfn=(66)
calls=5 72 
* 70 12 12 0 0 2 0 0 2
+1 20
cfi=(25)
cfn=(66)
calls=5 72 
* 70 12 12 0 0 2 0 0 2
+2 5
+2 5 5
-1 5 0 5
+1 10 0 5
+4 21 14 0 1 0 0 1
188 6 6
+5 6 6
-5 6 6
+5 6
+4 6 6 0 0 4
-4 6 0 6
+4 6
+1 36 12 0 0 2 0 0 1
fi=(64) ./elf/../include/scratch_buffer.h
-67 20
cfi=(65)
cfn=(214)
calls=5 30 
* 80 25 20 3 0 0 3
fi=(59)
+70 5
+4 10 5
cfn=(187) _dl_map_object_deps'2
calls=5 +3 
* 29735 6958 3369 135 273 46 105 45 43
442 12 6
-1 21 14 7
+1 7
183 2
cfi=(64)
cfn=(212) _dl_map_object_deps
calls=1 -98 
* 737 248 139 21 5 2 21 0 2
+45 32 8 0 0 1
cfi=(30)
cfn=(108)
calls=8 +10 
* 320 48 32 5 1 0 0 1
* 16
+14 14 14
+2 42 14
+5 10 0 5
+6 5 5
-2 5 0 5
+4 5 5
-8 5
+5 5 0 10
+3 5
-2 5 0 5
+1 5 0 5
+1 5 0 5 4
+2 20 5 5
+4 14
+1 20 0 10
-43 336 168 0 0 30
+1 324
+44 770 0 0 2 0 0 1
-34 8 8
-4 8
+4 16
-2 8 0 8
+2 8
cfi=(44)
cfn=(141)
calls=8 -28 
* 85959 19058 9721 385 810 285 186 206 259
* 14
+1 28 14
fe=(44)

fn=(138) _dl_catch_error
254 9 0 5 2 0 0 2
+2 2
cfn=(140)
calls=1 -52 
* 2266 506 334 107 28 40 100 28 40
fi=(2)
817 2 1
+8 1 1
+6 1 2
-6 1
+6 1 2
-6 1
+6 2 2
fe=(44)

fl=(59)
fn=(188)
fi=(44)
69 15 5 0 0 1
+1 15 5 5
239 15 5 15 0 0 2
-25 5
+34 15 15
fe=(59)
61 75 0 45 1 0 4 1 0 4
+3 30 30
+1 15 15
-1 30
+2 10 10
-2 40 30
cfi=(30)
cfn=(146) _dl_map_object
calls=10 1967 
* 9247 2027 704 25 85 20 0 30 18
* 15 15
cfi=(30)
cfn=(146)
calls=5 1967 
* 16643 3310 2114 180 191 202 62 146 196
* 10 0 10
+5 30 30

fn=(186) _dl_map_object_deps
143 1 0 0 1 0 0 1
+1 2
-1 4 0 4 1 0 1 1 0 1
+1 1
-1 1 0 2
+1 1
-1 4 0 7 0 0 2 0 0 2
+1 2
-1 1 0 1
+1 9 0 1 1 0 1 1 0 1
-16 1 0 1
+2 1
+6 1
-6 1 0 2 0 0 1 0 0 1
+6 3 1 1 1 0 0 1
+24 3
-30 3
-2 1 0 1
+33 1 1
-1 1
-30 2 0 2
+30 1
-24 3 1 1
+24 2 0 0 1 0 0 1
+28 5 1 2
+44 3 0 1
-50 1
+4 1 0 1
fi=(64)
77 1
fe=(59)
182 2 1 1
+2 1
fi=(64)
77 2 0 2 1 0 1 1 0 1
fe=(59)
184 1 0 1
fi=(64)
78 2 0 1
fe=(59)
+86 1 1
+29 1 1
+4 1 1
-33 1 0 1
+29 2 0 1
+4 1
+11 2 1
-10 4 1 0 1 0 0 1
+12 1 1 0 1 0 0 1
fi=(4)
79 1 1
fe=(59)
210 2 1 0 1 0 0 1
+11 1 1
-5 1 0 1
+1 2 1 1
+1 2 1 1
+3 1 1
-6 1 0 1
+6 1
-2 2 1 1
+9 1
-38 1
+38 1 0 0 1 0 0 1
-6 3
+6 4 1
cfi=(30)
cfn=(108)
calls=1 +10 
* 40 6 4 1 1 1 0 1 1
* 2
+4 1 1 0 1 0 0 1
-4 1
+4 2
-2 1 0 1
+2 1
cfi=(44)
cfn=(140)
calls=1 -28 
* 31021 6494 3823 257 341 244 92 181 231
fi=(2)
1971 3 2 0 1 1
+1 5 2
-1 2
+1 3 1 1 1 0 0 1
-1 1
+1 7 7
-1 14
+1 21 7 7
-1 7
+4 5 3 1
+1 1
+1 1 0 1
+2 2
+1 2 1
-1 2
cfn=(53) dl_main'2
calls=1 +1 
* 1422373 419126 154889 284 15134 2123 271 7884 1099
fe=(59)

fn=(187)
208 15 8 0 0 3
-18 1
+18 1
417 1
fi=(23)
56 1
fe=(59)
419 2 0 1 0 0 1 0 0 1
fi=(23)
56 1 1
fe=(59)
422 2
fi=(23)
56 2
cfi=(24)
cfn=(64)
calls=1 -20 
* 24 6 7 0 1
* 1
fe=(59)
423 1
+6 1 0 1
+1 1
+1 1
-1 3
cfi=(25)
cfn=(66)
calls=1 72 
* 15 2 2
+1 4
cfi=(25)
cfn=(66)
calls=1 72 
* 15 2 2
+2 1
+2 1 1
-1 1 0 1
+1 2 0 1
+4 3 2
188 1 1
+5 1 1
-5 1 1
+5 1
+4 1 1 0 0 1
-4 1 0 1
+4 1
+1 6 2 0 0 1
fi=(64)
-67 4
cfi=(65)
cfn=(214)
calls=1 30 
* 16 5 4
fe=(59)
+70 1
+4 2 1
cfn=(187)
calls=1 +3 
* 13280 2946 1431 51 134 29 21 34 26
442 2 1
-1 3 2 1
+1 1
210 5 5 0 0 1
fi=(4)
79 5 5 0 0 1
fe=(59)
210 10 5 0 0 2
+11 5 5
-5 5 0 5
+1 10 5 5
+1 10 5 5 0 1
+3 5 5 0 0 4
-6 5 0 5
+6 5
-2 10 5 5
+9 5
-38 5
+38 5
-6 15
+6 20 5
cfi=(30)
cfn=(108)
calls=5 +10 
* 170 27 20 0 3 0 0 3
* 10
+4 5 5
-4 5
+4 10
-2 5 0 5
+2 5
cfi=(44)
cfn=(141)
calls=5 -28 
* 29258 6844 3298 135 255 45 105 42 42
452 3 1 1 1 1 0 1
+11 1 1
fi=(23)
56 2 1
fe=(59)
463 2
fi=(23)
56 2
cfi=(24)
cfn=(64)
calls=1 -20 
* 24 6 7
* 1
fe=(59)
465 1
+5 1 1 0 1 0 0 1
+4 1
-2 1
-1 1 0 1
-1 3 0 1
+4 1
+4 24 16
+6 8
+1 8 0 8 0 0 2 0 0 2
-1 8
+1 8
+5 24 8 8 1 0 0 1
-16 16 8
+21 2 1
+37 2 0 0 1 0 0 1
+4 1 1
+11 2
-14 1
+20 3 1 0 1 0 0 1
-1 3
+1 4 1 0 1 0 0 1
-1 4 1
cfi=(14) ./elf/./elf/dl-sort-maps.c
cfn=(218) _dl_sort_maps
calls=1 298 
* 525 178 105 12 3 0 12
+5 1 0 1
+1 1
+2 1 1
-1 1 0 1
+1 2 0 1
+1 1
+7 2 1 0 1 0 0 1
+3 1
+3 9 12 0 0 1
-27 2
cfi=(25)
cfn=(66)
calls=1 72 
* 14 4 4
* 1
cfn=(187)
calls=1 +6 
* 558 195 108 15 4 0 15

fl=(42) ./elf/./elf/dl-audit.c
fn=(130) _dl_audit_activity_map
29 3 0 4 1 0 0 1
+1 2 0 0 1 0 0 1
-1 2 0 2
+2 1 1
-1 1 1
+1 1
+6 4 6 0 2 0 0 2

fn=(332) _dl_audit_activity_nsid
45 3 0 0 1 0 0 1
-4 1 0 2
+4 1
+1 1
-5 1
+4 1 1
+2 4 1
+4 2 2 0 1 0 0 1

fn=(1368) _dl_audit_preinit
118 3 0 4 1 0 0 1
+1 2
-1 1
+1 2 1 0 0 1 0 0 1
+10 3 4

fn=(182) _dl_audit_objopen
77 18 0 24 1 0 0 1
+1 12
-1 6
+1 12 6
+15 18 24

fl=(47) ./io/../sysdeps/unix/sysv/linux/open64_nocancel.c
fn=(152) __open_nocancel
28 60 0 36 1 0 2 1 0 2
+3 84
+8 60 0 0 1 0 0 1
+2 14 14
-2 20 0 5 1 0 0 1
+2 10 10

fl=(95) ???
fn=(354) init_have_lse_atomics
0 5 0 2 1 0 0 1
cfi=(96)
cfn=(356)
calls=1 56 
0 25 8 6 4 0 0 4
fi=(93)
73 3
+3 5 7
fe=(95)

fl=(38) ./elf/./elf/dl-debug.c
fn=(128) _dl_debug_state
116 4 0 4 2 0 0 2
+1 4 4

fn=(120) _dl_debug_initialize
56 3 0 2 1 0 0 1
+3 1 0 0 1 0 0 1
+26 2
-22 1 1 0 0 1 0 0 1
+22 1 2 0 0 1 0 0 1
-22 1
+1 2 0 1
+21 1
-24 1
-4 1
+33 1
+1 1
+4 1 1
-4 2 0 1 1 0 0 1
+1 1 0 2
+3 1
+1 9 1 1 1 0 0 1
cfn=(121) _dl_debug_initialize'2
calls=1 +3 
* 3 2
fi=(2)
1733 1
+7 1 1
-5 1 0 1 1 0 0 1
+5 2 1
+3 4 2 1 1 0 0 1
cfn=(53)
calls=1 +1 
* 1456418 426374 159184 701 15508 2425 514 8097 1387
fe=(38)

fn=(121)
99 1
+8 2 2

fn=(180) _dl_debug_update
38 21 0 14 7 0 0 2
+2 7
+8 14 14
-7 14 0 0 2 0 0 1
+3 14 7 0 0 1 0 0 1

fl=(12)
fn=(26) __GI___tunables_init
261 1 0 2 1 0 0 1
+6 1
-6 3 0 2 1 0 0 1
+6 2 1
+16 3 0 2
56 2
-14 3 1
+6 1 1 0 0 1 0 0 1
-3 1
+3 52 8 0 1 0 0 1
+4 1
+4 4
fi=(13) ./elf/./elf/dl-tunables.h
160 2
cfn=(28) __GI___tunables_init
calls=1 * 
* 12896 2444 0 3 46 0 3 46
fi=(9) ./elf/../sysdeps/unix/sysv/linux/dl-sysdep.c
-47 1
cfi=(14)
cfn=(30) _dl_sort_maps_init
calls=1 289 
* 36 8 6 5 1 0 5 1
+2 2
cfi=(15) ./elf/../sysdeps/unix/sysv/linux/brk.c
cfn=(34) brk
calls=1 -79 
* 12 2 3 2 0 0 2
fi=(6)
+13 5 2 0 0 1 0 0 1
fi=(16) ./elf/../sysdeps/unix/sysv/linux/aarch64/cpu-features.c
-57 5 0 0 1 0 0 1
cfi=(12)
cfn=(32) __tunable_get_val
calls=1 390 
* 1459511 427083 159679 856 15544 2472 669 8133 1434
fe=(12)

fn=(27) __GI___tunables_init'2
42 84 28
+6 27 27 0 0 9 0 0 9
-3 27
+3 1722 269 0 0 5 0 0 5
+4 27
+4 108
fi=(13)
160 54
cfn=(29) __GI___tunables_init'2
calls=27 * 
* 174445 33227 0 27 213 0 27 213
fe=(12)
281 3584
+6 5628 1792 0 1 31 0 1 31
fi=(13)
160 504 252
+1 756
-1 22 11
+1 33
-1 22 11
fe=(12)
42 1 2 0 1 0 0 1
304 3 4

fn=(44) do_tunable_update_val
69 2 0 2 1 0 0 1
+3 4 1 0 1 0 0 1
+7 1 1 0 1 0 0 1
fi=(161) ./elf/./dl-tunable-types.h
+2 2
cfi=(12)
cfn=(45) do_tunable_update_val'2
calls=1 +13 
* 22 4 4 2 0 0 2
fi=(16)
+29 1 1
+2 1
-2 1
+7 1
-1 1
+4 1
+7 2 1 0 1 0 0 1
+3 1 1
fi=(9)
-8 1 1
fi=(16)
+5 1
+3 1
-3 1 0 1
+3 1 0 1
fi=(9)
-8 1
+1 1
cfi=(18) ./string/../sysdeps/aarch64/multiarch/../strlen.S
cfn=(48) strlen
calls=1 -73 
* 13 1 0 1 0 0 1
* 1 0 1
+2 2
cfi=(19)
cfn=(50)
calls=1 -88 
* 15 6 5 2 0 0 2
* 4 0 0 1 0 0 1
+12 2 1
+3 6 3
cfi=(2)
cfn=(52) dl_main
calls=1 +57 
* 1459271 427036 159650 841 15542 2472 654 8131 1434
fe=(12)

fn=(45)
94 1 2
-1 1
+7 2
+4 3
+7 2
+1 2
+6 1
-1 1 0 2
-2 1 0 1
+3 1 0 1
+1 2 2
-25 2 0 0 2 0 0 2
-1 1
fi=(13)
+48 2
cfi=(12)
cfn=(45)
calls=1 -41 
* 15 2 4
fe=(12)

fn=(42) __GI___tunable_set_val
153 1 0 2
+1 2
-1 1
+4 1 2
-3 1
+2 2
cfn=(44)
calls=1 -87 
* 1459361 427057 159664 851 15542 2472 664 8131 1434

fn=(32)
390 45 0 0 1 0 0 1
-3 15 0 30
+3 15
-3 15
+3 60 15 0 1 15 0 1 15
+9 14 14 0 0 13 0 0 13
-9 14
+26 20
-7 10 0 10
+7 60 10
+2 28 28
-2 8 0 0 1 0 0 1
-17 4 0 4
+17 24 4
-7 3 0 0 1 0 0 1
cfn=(33)
calls=1 +7 
* 11 3 1
fi=(16)
71 1 1
+3 1
fi=(17) ./elf/../sysdeps/generic/dl-tunables-parse.h
-43 4 1 1
fi=(16)
+27 1
+1 1 1
fi=(17)
-28 2
fi=(16)
+28 7 7
fi=(17)
-28 14
fi=(16)
+27 33 1 0 1 0 0 1
+23 4 1
+6 2 0 1
+4 1
+2 1
+4 1 0 0 1 0 0 1
+7 3
-7 1 1
+4 1 0 1
-4 2 0 1
+7 1
cfi=(12)
cfn=(33)
calls=1 390 
* 23 5 3 0 1 0 0 1
+1 1 1
-1 1 1
+1 1
-26 3 0 0 1 0 0 1
cfn=(38) _dl_sysdep_start
calls=1 +26 
* 1459377 427059 159669 852 15542 2472 665 8131 1434
fe=(12)

fn=(33)
390 39 0 0 3 0 0 1
-3 13 0 26
+3 13
-3 13
+3 52 13 0 8 10 0 1 9
+9 13 13 0 0 8 0 0 3
-9 13
+26 18
-7 9 0 9
+7 54 9
+2 28 28
-2 10 0 0 3 0 0 1
-17 5 0 5
+17 30 5

fl=(53) ./elf/./dl-map-segments.h
fn=(166) _dl_map_object_from_fd
59 6 6
-1 6
+1 6
-1 30 6
+2 12
+41 24 0 36 1 0 0 1
-40 6
cfi=(54) ./misc/../sysdeps/unix/syscall-template.S
cfn=(168) munmap
calls=6 +59 
* 36
* 6 12
+40 6 0 6
-40 18 24
+41 6
cfn=(167) _dl_map_object_from_fd'2
calls=6 +4 
* 1358 237 559 19 0 111 11 0 111

fn=(167)
106 12 0 6 1 0 0 1
-1 6 0 6
+3 6
+7 60 12 18 1 0 0 1
+3 24
cfi=(54)
cfn=(170) mprotect
calls=6 +2 
* 36 0 0 1 0 0 1
* 24 18 0 1 0 0 1
+7 6 6
-44 6
+44 12 0 6
fi=(55) ./elf/./dl-load.h
-34 24 12
fe=(53)
+58 36 24
+8 6
-2 6 6
+2 6 6
-2 6
+1 6
+1 6 0 0 1 0 0 1
+1 6
-1 12
+3 12
+5 12
+3 12 6
+8 42 0 30
cfi=(10)
cfn=(22)
calls=6 32 
* 520 0 440 8 0 111 0 0 111
* 18 30
+6 12
+12 12 0 0 1 0 0 1
-59 60
+2 18 12
+2 66 18 24 1 0 0 1
cfi=(51)
cfn=(162)
calls=6 -92 
* 78 12 12
* 30 24
fi=(30)
1268 24 12 0 1 0 0 1
fi=(55)
92 20 10 0 1 0 0 1
+1 5 10
+1 10 5
-1 5
+1 5
-1 15
+3 20 0 5 1 0 0 1
cfi=(53)
cfn=(167)
calls=5 +53 
* 787 137 340 11 0 71 5 0 71
fe=(53)
+90 20 2 8
cfi=(51)
cfn=(162)
calls=2 47 
* 26 4 4
+3 10 8 0 1 0 0 1

fl=(14)
fn=(30)
289 1 0 2 1 0 0 1
+1 2
-1 1
+1 2
cfi=(12)
cfn=(32)
calls=1 390 
* 23 5 3 3 1 0 3 1
* 1 1
+1 1
+1 2 0 0 1 0 0 1
-1 1 0 1
+2 2 2

fn=(218)
298 1 0 2
+8 1
-8 11 0 10 1 0 0 1
+8 2 1 0 0 1
+4 8 12 0 1 0 0 1
182 1 1 0 1 0 0 1
-1 1
+30 1
-28 4
+1 1 1
-1 1 0 0 1 0 0 1
+1 3 1 1
-1 1
+1 7 7
-1 7
+1 21 7 7
-1 7
+28 11 0 1 1 0 0 1
+8 2
-8 1
+8 1
-3 1
+3 2
-79 1
+78 1 0 1
-2 1 0 1
+5 1
cfn=(219) _dl_sort_maps'2
calls=1 +2 
* 425 148 82 7 2 0 7

fn=(219)
223 1 1 0 1 0 0 1
-83 6 1
cfn=(220) dfs_traversal.part.0
calls=1 -5 
* 418 146 82 6 2 0 6
276 4 1 0 1 0 0 1
+7 1 0 0 1 0 0 1
+27 1

fn=(220)
135 7 0 6 1 0 0 1
+10 1 1
-2 3 1 1
+2 1
+2 4 1 1 1 0 0 1
-7 7 2
+7 3 1
+26 3 0 0 1 0 0 1
cfn=(221) dfs_traversal.part.0'2
calls=1 -38 
* 86 37 21
+48 14
+2 7 7
-83 36 7
cfn=(221)
calls=5 -5 
* 195 75 49 0 2
+86 24 8
+18 2 1
+19 4 0 0 1 0 0 1
cfi=(25)
cfn=(66)
calls=1 72 
* 14 4 4
* 1
cfn=(219)
calls=1 +13 
* 6 1 0 2 0 0 2

fn=(221)
135 49 0 42
+10 7 7 0 0 1
-2 21 7 7
+2 7
+2 20 5 5 0 1
-7 47 14
+7 51 21
+9 8
+15 24 8 8
+2 8 16
-1 8 0 8
+1 27 32
cfn=(221)
calls=1 -38 
* 21 9 9
* 4 2
cfn=(221)
calls=2 -26 
* 32 20 4

fl=(20)
fn=(246)
68 1 0 2 1 0 0 1
fi=(162) ./elf/../include/list.h
-25 2
fe=(20)
+25 2 0 2
+1 1
fi=(162)
-26 2 1 0 0 1
+1 3 0 2
fe=(20)
+28 1
fi=(162)
-27 1 0 1
fe=(20)
+27 1
fi=(162)
-26 1
fe=(20)
+29 2 0 0 1 0 0 1
fi=(162)
-28 1 0 1
fe=(20)
+28 1
+7 1
+5 1
-12 1
+1 1
+6 1 1
-5 1
+13 1
+3 3
-18 1 0 1
+14 1 0 2
+1 1 0 1
-14 1 0 1 1 0 0 1
+6 1 0 1
-5 1 0 1
+16 1
+12 4
cfi=(12)
cfn=(33)
calls=1 390 
* 23 5 3 1 2 0 0 1
* 1 1
fi=(68) ./elf/../sysdeps/unix/sysv/linux/rseq-internal.h
-73 1
+2 7 0 0 1 0 0 1
+3 2
+3 2 0 1
fe=(20)
+81 2 1 0 0 1
+7 1
-7 1
+7 1 1
-7 1 0 1 0 0 1
+7 1 0 1
+1 3 4

fn=(54) __tls_pre_init_tp
53 1 0 2 1 0 0 1
+8 1
+1 1
-9 1
+3 2
+5 3 0 1 1 0 0 1
-5 1
+6 1 0 1
-5 1
-1 1
+1 1
+1 1
-1 1
+1 1
-1 2 0 4 0 0 1 0 0 1
+1 2 0 2
+6 2 2

fn=(72)
42 179 0 358 1
+2 179
-2 179
+2 358 358

fl=(80)
fn=(294)
561 1 0 2 1 0 0 1
+3 1
-3 1
+3 1 1 0 0 1 0 0 1
-3 2 0 4
+5 2 1
+7 4 0 1 0 0 1 0 0 1
+7 1
fi=(23)
56 1
fe=(80)
579 1
cfn=(296) _dlfo_process_initial
calls=1 474 
* 1458 329 128 14 61 5 14 54 5
fi=(2)
2362 3 1 0 1 0 0 1
cfi=(7) ./elf/./elf/dl-minimal.c
cfn=(302) __rtld_malloc_init_real
calls=1 76 
* 6768 2151 856 50 164 10 50 87 4
fe=(80)

fn=(295) _dl_find_object_init'2
604 4 6

fn=(296)
474 1 0 2 1 0 0 1
+1 1
+2 1
-3 1
+1 1 1
+3 3 1
+3 4 0 0 2 0 0 2
cfi=(81) ./elf/./dl-find_object.h
cfn=(298) _dl_find_object_from_map
calls=1 94 
* 263 61 7 5 10 0 5 9
+98 1
+1 1 1 0 1 0 0 1
fi=(23)
56 3 1
cfi=(24)
cfn=(64)
calls=1 -20 
* 24 6 7 0 1
fe=(80)
580 1 0 1
fi=(23)
56 1
fe=(80)
582 1
+3 1
+5 1 0 1
+1 1
cfn=(297) _dlfo_process_initial'2
calls=1 474 
* 1148 258 110 5 50 5 5 45 5

fn=(297)
474 1 0 2
+1 1
+2 1
-3 1
+1 1 1
+3 3 1
+26 12 2 0 1 1 0 1 1
+17 4
-16 4 2
+1 16 16
-1 16
+3 74 14 0 0 1
+3 56 14 0 1 1 0 1
-7 10 2
+25 2
+2 2
-2 2 0 2
+2 4 4
-18 28 14
+2 21
cfi=(81)
cfn=(299) _dl_find_object_from_map'2
calls=7 94 
* 2076 500 175 0 205 16 0 185 16
+2 14
cfn=(297)
calls=7 -11 
* 399 112 7 0 2
-36 4
cfi=(81)
cfn=(298)
calls=1 94 
* 704 168 57 0 50 5 0 45 5
+6 54
+1 54 18 0 1 2 0 1 2
+5 4
+6 4
-6 4
-3 4
+3 2 4
+2 2 2
-2 2 0 4 0 0 1 0 0 1
+2 6 2 2
+2 8 2 2
cfn=(297)
calls=2 -10 
* 1186 278 90 0 100 8 0 90 8
+97 2 1
+2 2 0 0 1 0 0 1
cfn=(300) _dlfo_sort_mappings
calls=1 -59 
* 418 78 50 3 0 0 3
+3 5 3 1 1 0 0 1
+2 1
cfn=(295)
calls=1 +3 
* 4 6

fn=(300)
537 2 0 0 1 0 0 1
-1 1 0 2
+4 4 0 0 1 0 0 1
-4 1
+8 1
+1 1
-1 1 1
+1 2
-1 7
+1 7
-1 7 7
+1 22
+1 16 8
+2 16
-3 8
+3 8
-3 16 0 0 1 0 0 1
+1 56 28
+2 56
-3 28
+3 28
-3 56
+8 8
+1 8 16
-1 8 16
+1 8 0 16
+1 8 0 16
-15 8
+13 8 0 16
-13 16
+17 2 2

fl=(25)
fn=(66)
72 61 0 0 1 0 0 1
+5 61
+1 61
+1 61
+1 61
+1 61
+1 61
+3 38
+1 38
+1 9 9 0 0 1 0 0 1
+1 9 9
+1 9 0 9 0 0 1 0 0 1
+1 9 0 9 0 0 1 0 0 1
+1 9
+4 29
+1 20 20
+1 20 20
+1 20 0 20 0 0 7 0 0 7
+1 20 0 20
+1 20
+4 9 0 0 1 0 0 1
+9 9
+1 1
+1 1 1 0 0 1 0 0 1
+1 1 1
+1 1 1
+1 1 0 1 0 0 1 0 0 1
+1 1 0 1 1 0 0 1
+1 1 0 1
+2 9
+5 23 46
+1 23 46
+1 23
+1 23
+1 23 0 46 0 0 9 0 0 8
+1 23 0 46 0 0 7 0 0 7
+1 23

fl=(58) ./io/../sysdeps/unix/sysv/linux/access.c
fn=(184) access
25 2 0 2 1 0 0 1
+4 1
-4 1
+4 7 0 0 1 0 0 1
+2 2 2
-2 1 0 1
+2 1

fl=(8) ./elf/./elf/dl-setup_hash.c
fn=(14) _dl_setup_hash
28 16 8 0 1 0 0 1
fi=(4)
+51 8 8
fe=(8)
-48 16 8
+1 16 8 8 0 8 0 0 8
+2 8 16 0 0 1 0 0 1
+2 24
+8 8
-7 8 0 8
+8 8
-7 8
+3 8
-3 8 8 0 1 0 0 1
+3 8
-3 8 0 8
+7 8
-5 8 0 8
+3 8 0 8
+2 8 0 8
+5 8

fl=(26)
fn=(74)
64 2431 0 0 1 0 0 1
+3 2431
+1 2431
+1 2431
+1 2431
+1 2431
+1 1968
+5 74 74 0 0 8 0 0 4
+1 74 74 0 0 3 0 0 2
+7 74
+1 74
+2 74
+1 74
+1 74
-13 37 37
+1 37 37 0 0 2 0 0 2
+7 37
+1 37
+2 37
+1 37
+1 37
+4 74
+1 74
+3 74
+1 74
+1 74
+2 74
+5 74
+1 74
+3 74
+1 74
+1 74
-15 156 0 0 4 0 0 1
+1 156
+1 156
+2 156
+5 156
+1 156
+3 156
+1 156
+1 156
+8 1820 0 0 1
+1 1820 1820 0 0 75 0 0 15
+1 1820 1820 0 0 27 0 0 10
+1 1820
+1 1820
+1 1820
+1 1820
+1 1820
+1 1820
cfn=(75) strcmp'2
calls=1820 -44 
* 46249 4894 0 0 13 0 0 7
+5 537 0 0 1 0 0 1
+2 1231 1231 0 0 108 0 0 62
+1 1231 1231 0 0 35 0 0 15
+1 1231
+1 1231
+1 1231
+1 953
+1 953
+3 259
+1 259
+1 259 259 0 0 3 0 0 1
+4 259 0 0 2 0 0 1
+1 259
+1 259
+1 259
+1 259
+1 259
+2 470
+5 235 235 0 0 5 0 0 3
+1 235 235
+4 235
+1 235
+1 235 235 0 0 20 0 0 17
+1 235
+1 235
+1 235
-10 76 76
+1 76 76
+4 76
+1 76
+1 76 76 0 0 6 0 0 5
+1 76
+1 76
+1 76
+2 235 0 0 4 0 0 1
+4 235
+1 235
+1 235
+2 103 103 0 0 8 0 0 5
+1 103
+1 103
+1 103
+5 103
+1 103
+1 103
cfn=(75)
calls=103 -95 
* 927
+3 278 0 0 3
+1 278

fn=(75)
77 2447 2447 0 0 6 0 0 3
+1 2447 2447 0 0 7 0 0 4
+7 2447
+1 2447
+2 2447
+1 2447
+1 2447
-5 1820
+1 1820
+2 1820
+1 1820
+1 1820
+4 1820
+1 1820
+3 1820
+1 1820
+1 1820
+2 1820
+5 1820
+1 1820
+3 1820
+1 1820
+1 1820
-15 103
+1 103
+1 103
+2 103
+5 103
+1 103
+3 103
+1 103
+1 103

fl=(18)
fn=(48)
50 32 0 0 1 0 0 1
+2 32
+1 32 32 0 0 3 0 0 3
+1 32
+1 32
+1 32
+1 32
+1 32
+1 32
+2 7
+1 7
+1 7
+1 7
+4 30 30 0 1 0 0 1
+1 30
+1 30
+1 30
+1 30
+1 18 18
+1 18
+1 18
+1 18
+1 18
+1 13
+2 13
+1 13
+1 13
+2 13
+2 13
+1 13
+1 13
+1 13
-9 12
+1 12
+1 12
+2 12
+2 12
+1 12 0 0 1 0 0 1
+1 12
+1 12

fl=(31) ./elf/./elf/dl-hwcaps.c
fn=(88) _dl_important_hwcaps
fi=(30)
720 2 0 1
fi=(23)
56 3 1 0 1 0 0 1
cfi=(24)
cfn=(64)
calls=1 -20 
* 24 6 7
fi=(30)
725 1 0 1
+2 1
+8 2 1
-1 2
+1 2
fi=(23)
56 1 1
fi=(30)
734 2
+5 1
fi=(23)
56 2
cfi=(24)
cfn=(64)
calls=1 -20 
* 24 6 7
fi=(30)
739 1 0 1 1 0 0 1
+2 3 2
+26 1 1
-19 2
+13 2
-14 1 0 1 0 0 1 0 0 1
+23 2
-22 2 0 1
+20 1
-5 1
+7 1 0 0 1 0 0 1
-14 1 0 1
+2 2
+1 1 0 2 0 0 1 0 0 1
+2 1 0 1
+7 1 0 1
-6 2 0 1
+5 1
+1 4 1
cfi=(10)
cfn=(22)
calls=1 32 
* 13 0 2 1 0 0 1
+2 3 0 0 1 0 0 1
-8 1 1 0 0 1 0 0 1
+8 1 0 1
-14 1 0 1
+7 1
-4 1 0 2 0 0 1 0 0 1
+4 1
-1 1 0 2
+4 5 1 0 0 1 0 0 1
cfn=(87) _dl_init_paths'2
calls=1 +1 
* 834 208 101 31 1 5 31 1 5
fe=(31)
172 4 0 4 1 0 1 1 0 1
+3 1
-3 1 0 2
+3 2
-3 5 0 6 1 0 1 1 0 1
+2 1
cfi=(32)
cfn=(90)
calls=1 27 
* 5 2 2 1 0 1 1 0 1
* 1 0 1
fi=(34) ./elf/./dl-hwcaps.h
-97 1
-32 1 0 2
+33 1 0 1
-1 1 0 1
+2 1
cfi=(31)
cfn=(89) _dl_important_hwcaps'2
calls=1 -27 
* 318 101 96 14 0 5 14 0 5
fe=(31)

fn=(89)
52 2 0 0 1 0 0 1
cfi=(33) ./elf/./elf/dl-hwcaps_split.c
cfn=(92) _dl_hwcaps_split_masked
calls=1 -1 
* 22 8 7 3 0 0 3
* 1
fi=(34)
-9 2
+2 1 0 2
+33 2 1 1
-1 2 1 1
+2 1
cfi=(31)
cfn=(89)
calls=1 -27 
* 285 91 85 10 0 5 10 0 5
fe=(31)
-27 2 0 0 1 0 0 1
cfi=(33)
cfn=(92)
calls=1 -1 
* 29 10 8 1 0 0 1
* 1
fi=(23)
+4 1
fe=(31)
+44 3 0 1
fi=(23)
-44 2 1
cfi=(24)
cfn=(64)
calls=1 -20 
* 24 6 7
fe=(31)
+44 2 0 1 0 0 1 0 0 1
+2 1
fi=(34)
-59 1 1
fe=(31)
+65 1
-3 1 0 1
fi=(34)
-60 1 0 2 1 0 0 1
+1 1
cfi=(31)
cfn=(89)
calls=1 +66 
* 215 73 65 7 0 4 7 0 4
fe=(31)
+66 2
cfi=(33)
cfn=(94) _dl_hwcaps_split
calls=1 -87 
* 10 5 4
* 1
fi=(34)
-69 2
+2 1 0 2
+33 2 1 1 1 0 0 1
-1 2 1 1
+2 1
cfi=(31)
cfn=(89)
calls=1 +46 
* 194 66 57 6 0 4 6 0 4
fe=(31)
+46 2
cfi=(33)
cfn=(92)
calls=1 -74 
* 29 10 8
* 1
+8 2 0 0 1 0 0 1
+9 6 1 1
fi=(23)
-86 1 0 0 1 0 0 1
fe=(31)
189 1 1
-4 1
fi=(23)
56 1 1 0 1 0 0 1
fe=(31)
186 2
+3 2 0 1 0 0 1 0 0 1
+4 1 1
-7 1
+7 1
fi=(23)
56 2
cfi=(24)
cfn=(64)
calls=1 -20 
* 24 6 7
* 1
fe=(31)
194 1
+8 1 2
+1 2
-1 1 1
+1 1 0 0 1 0 0 1
-1 2 0 2
+1 1
cfn=(100) copy_hwcaps
calls=1 74 
* 107 43 38 2 0 3 2 0 3

fn=(100)
74 3 0 4 1 0 1 1 0 1
+6 1
-6 1
+6 1
-6 2 0 2
+10 1
fi=(34)
-39 1 0 2
+33 1 0 1
-1 1 0 1
+2 1
cfi=(31)
cfn=(101) copy_hwcaps'2
calls=1 -2 
* 29 14 7 0 0 1 0 0 1
fe=(31)
204 6 2
cfn=(101)
calls=1 74 
* 59 27 21 1 0 1 1 0 1

fn=(101)
74 3 0 4
+6 1
-6 1
+6 1
-6 2 0 2
+10 1
fi=(34)
-39 1 0 2
+33 1 0 1
-1 1 0 1
+2 1
cfi=(31)
cfn=(101)
calls=1 -2 
* 36 16 8
fe=(31)
-2 4
cfi=(33)
cfn=(92)
calls=2 -26 
* 51 18 15 0 0 1 0 0 1
* 2
+13 8 12
208 1 2
+8 3 4
-7 1 0 2 0 0 1 0 0 1
+4 2 1 1 1 0 0 1
+3 3 4

fl=(106)
fn=(400)
38 13 0 0 1 0 0 1
+12 13 0 26 0 0 1 0 0 1
+5 13 0 26
+4 13 0 26
+4 13 0 26
+4 13 0 26 0 0 2
+4 13 0 26
+4 13 0 26
+4 13 0 26
+4 13 0 26
+5 13 13
+3 13 13
+2 13
+1 13 0 0 1 0 0 1
+1 13
+1 13
+1 13
+3 13
cob=(2)
cfi=(160) ./time/../sysdeps/unix/sysv/linux/clock_gettime.c
cfn=(1400) clock_gettime@@GLIBC_2.17
calls=1 -62 
* 10 2 0 2 1 0 2 1
cob=(2)
cfi=(153) ./stdlib/./stdlib/cxa_atexit.c
cfn=(1166) __cxa_atexit
calls=1 -33 
* 5823 1818 954 100 170 24 61 32 21
cob=(8) /usr/lib/aarch64-linux-gnu/libstdc++.so.6.0.33
cfi=(141) ???
cfn=(834) std::ios_base::Init::Init()
calls=1 0 
* 78334 23043 10585 347 757 172 334 256 137
cob=(2)
cfi=(140)
cfn=(770)
calls=1 -75 
* 37 10 11 4 2 1 4 1 1
cob=(2)
cfi=(137) ./nptl/../string/bits/string_fortified.h
cfn=(730) pthread_attr_init@@GLIBC_2.17
calls=1 -41 
* 19 5 8 3 1 1 3 0 1
cob=(2)
cfi=(136)
cfn=(674)
calls=1 -71 
* 247 78 9 1 5 0 1 1
cob=(2)
cfi=(134)
cfn=(650)
calls=1 -75 
* 203 72 7 5 3 0 5 1
cob=(2)
cfi=(133)
cfn=(618)
calls=1 -28 
* 17 2 0 2 1 0 2 1
cob=(2)
cfi=(122) ./malloc/./malloc/malloc.c
cfn=(588) calloc
calls=1 3699 
* 244 55 38 13 2 2 12 0 2
cob=(2)
cfi=(109) ./posix/../sysdeps/unix/sysv/linux/aarch64/sysconf.c
cfn=(468) sysconf
calls=1 -71 
* 6318 1577 974 147 119 54 141 76 47
cob=(2)
cfi=(98) ./misc/./misc/getauxval.c
cfn=(364) getauxval
calls=3 -44 
* 29 12 6 1 2 0 1
cfi=(107) ./elf/./elf/dl-runtime.c
cfn=(402) _dl_fixup
calls=13 -54 
* 9533 3400 1153 23 254 20 18 96 13

fn=(401)
38 58
+12 58 0 116
+5 58 0 116
+4 58 0 116
+4 58 0 116
+4 58 0 116
+4 58 0 116
+4 58 0 116
+4 58 0 116
+4 58 0 116
+5 58 58
+3 58 58
+2 58
+1 58
+1 58
+1 58
+1 58
+3 58
cob=(2)
cfi=(136)
cfn=(674)
calls=1 -71 
* 285 79 9 11 24 0 2 1
cob=(8)
cfi=(141)
cfn=(1202) std::future_category()
calls=1 0 
* 4 0 0 1 0 0 1
cob=(8)
cfi=(141)
cfn=(1188) std::error_category::error_category()
calls=1 0 
* 6 1 1 1 1 0 1
cob=(2)
cfi=(98)
cfn=(364)
calls=1 -44 
* 9 4 2 2 1
cob=(8)
cfi=(141)
cfn=(1160) std::basic_ios<wchar_t, std::char_traits<wchar_t> >::_M_cache_locale(std::locale const&)
calls=1 0 
* 92 35 22 3 4 0 3
cob=(8)
cfi=(141)
cfn=(1156) std::basic_ios<wchar_t, std::char_traits<wchar_t> >::init(std::basic_streambuf<wchar_t, std::char_traits<wchar_t> >*)
calls=1 0 
* 2034 647 416 12 17 12 10 4 10
cob=(8)
cfi=(141)
cfn=(1152) std::basic_ios<char, std::char_traits<char> >::_M_cache_locale(std::locale const&)
calls=1 0 
* 91 35 21 3 5 0 3
cob=(8)
cfi=(141)
cfn=(1148) std::locale::~locale()
calls=1 0 
* 15 6 3 2 0 0 2
cob=(8)
cfi=(141)
cfn=(1144) std::locale::operator=(std::locale const&)
calls=1 0 
* 24 10 6 4 0 0 4
cob=(8)
cfi=(141)
cfn=(1140) std::ios_base::_M_init()
calls=1 0 
* 2191 761 347 16 30 0 15 7
cob=(8)
cfi=(141)
cfn=(1136) std::basic_ios<char, std::char_traits<char> >::init(std::basic_streambuf<char, std::char_traits<char> >*)
calls=1 0 
* 6893 2248 1319 39 77 36 36 21 33
cob=(8)
cfi=(141)
cfn=(1132) std::ios_base::ios_base()
calls=1 0 
* 81 15 31 2 0 4 2 0 4
cob=(8)
cfi=(141)
cfn=(1126) std::locale::locale(std::locale::_Impl*)
calls=1 0 
* 3 0 1 1 0 0 1
cob=(8)
cfi=(141)
cfn=(1102) std::messages<wchar_t>::messages(unsigned long)
calls=1 0 
* 239 86 43 6 4 2 6
cob=(8)
cfi=(141)
cfn=(1080) std::moneypunct<wchar_t, true>::_M_initialize_moneypunct(__locale_struct*, char const*)
calls=1 0 
* 1141 385 210 16 15 6 16 3 1
cob=(8)
cfi=(141)
cfn=(1070) std::moneypunct<wchar_t, false>::_M_initialize_moneypunct(__locale_struct*, char const*)
calls=1 0 
* 2112 694 351 25 26 8 25 6 1
cob=(8)
cfi=(141)
cfn=(1054) std::numpunct<wchar_t>::_M_initialize_numpunct(__locale_struct*)
calls=1 0 
* 3423 1077 553 34 42 13 34 13 2
cob=(8)
cfi=(141)
cfn=(1044) std::messages<char>::messages(unsigned long)
calls=1 0 
* 4291 1365 676 39 56 14 39 15 3
cob=(8)
cfi=(141)
cfn=(1022) std::moneypunct<char, true>::_M_initialize_moneypunct(__locale_struct*, char const*)
calls=1 0 
* 116 35 29 5 0 2 5
cob=(8)
cfi=(141)
cfn=(1012) std::moneypunct<char, false>::_M_initialize_moneypunct(__locale_struct*, char const*)
calls=1 0 
* 118 35 29 5 2 2 5
cob=(8)
cfi=(141)
cfn=(996) std::numpunct<char>::_M_initialize_numpunct(__locale_struct*)
calls=1 0 
* 7583 2424 1181 67 95 24 67 25 6
cob=(8)
cfi=(141)
cfn=(990) std::__cxx11::messages<wchar_t>::messages(unsigned long)
calls=1 0 
* 10507 3163 1445 81 117 29 81 32 8
cob=(8)
cfi=(141)
cfn=(986) std::__timepunct<wchar_t>::_M_initialize_timepunct(__locale_struct*)
calls=1 0 
* 163 21 57 10 0 0 10
cob=(8)
cfi=(141)
cfn=(982) std::__timepunct<wchar_t>::__timepunct(std::__timepunct_cache<wchar_t>*, unsigned long)
calls=1 0 
* 13248 3907 1770 96 142 30 96 44 9
cob=(8)
cfi=(141)
cfn=(978) std::__cxx11::moneypunct<wchar_t, true>::_M_initialize_moneypunct(__locale_struct*, char const*)
calls=1 0 
* 15230 4418 1985 105 160 37 105 50 15
cob=(8)
cfi=(141)
cfn=(974) std::__cxx11::moneypunct<wchar_t, false>::_M_initialize_moneypunct(__locale_struct*, char const*)
calls=1 0 
* 16578 4801 2151 115 178 38 115 54 16
cob=(8)
cfi=(141)
cfn=(970) std::__cxx11::numpunct<wchar_t>::_M_initialize_numpunct(__locale_struct*)
calls=1 0 
* 19356 5481 2428 125 199 46 125 63 24
cob=(8)
cfi=(141)
cfn=(966) std::codecvt<wchar_t, char, __mbstate_t>::codecvt(unsigned long)
calls=1 0 
* 20589 5840 2573 130 215 51 130 66 29
cob=(2)
cfi=(151) ./wctype/./wctype/wctype_l.c
cfn=(960) wctype_l
calls=1 -74 
* 3414 486 103 9 9 2 9 9 2
cob=(8)
cfi=(141)
cfn=(956) std::ctype<wchar_t>::_M_convert_to_wmask(unsigned short) const
calls=1 0 
* 4145 741 210 12 22 2 12 14 2
cob=(2)
cfi=(148) ./wcsmbs/./wcsmbs/btowc.c
cfn=(948) btowc
calls=1 -68 
* 28 9 5 2 0 0 2
cob=(2)
cfi=(147) ./wcsmbs/./wcsmbs/wctob.c
cfn=(944) wctob
calls=1 -70 
* 26 9 5 3 1 0 3
cob=(2)
cfi=(146) ./locale/./locale/uselocale.c
cfn=(940) uselocale
calls=1 -69 
* 28 10 6 2 6 1 2 1
cob=(8)
cfi=(141)
cfn=(936) std::ctype<wchar_t>::_M_initialize_ctype()
calls=1 0 
* 26428 7530 3349 36 111 21 35 53 20
cob=(8)
cfi=(141)
cfn=(932) std::ctype<wchar_t>::ctype(unsigned long)
calls=1 0 
* 27140 7776 3463 39 118 22 38 57 21
cob=(8)
cfi=(141)
cfn=(928) std::__cxx11::messages<char>::messages(unsigned long)
calls=1 0 
* 49777 14228 6286 174 359 74 173 134 51
cob=(8)
cfi=(141)
cfn=(924) std::__timepunct<char>::_M_initialize_timepunct(__locale_struct*)
calls=1 0 
* 163 22 58 10 0 0 10
cob=(8)
cfi=(141)
cfn=(920) std::__timepunct<char>::__timepunct(std::__timepunct_cache<char>*, unsigned long)
calls=1 0 
* 52500 14970 6612 190 385 76 189 141 53
cob=(8)
cfi=(141)
cfn=(916) std::__cxx11::moneypunct<char, true>::_M_initialize_moneypunct(__locale_struct*, char const*)
calls=1 0 
* 116 35 29 5 0 0 5
cob=(8)
cfi=(141)
cfn=(912) std::__cxx11::moneypunct<char, false>::_M_initialize_moneypunct(__locale_struct*, char const*)
calls=1 0 
* 118 35 29 5 3 0 5 3
cob=(8)
cfi=(141)
cfn=(908) std::__cxx11::numpunct<char>::_M_initialize_numpunct(__locale_struct*)
calls=1 0 
* 58743 16620 7271 219 442 86 218 160 63
cob=(8)
cfi=(141)
cfn=(904) std::codecvt<char, char, __mbstate_t>::codecvt(unsigned long)
calls=1 0 
* 59994 16982 7416 224 463 91 223 164 68
cob=(8)
cfi=(141)
cfn=(900) std::locale::id::_M_id() const
calls=1 0 
* 23 8 5 2 2 0 2
cob=(8)
cfi=(141)
cfn=(896) std::locale::_Impl::_M_install_facet(std::locale::id const*, std::locale::facet const*)
calls=1 0 
* 61613 17500 7636 236 484 91 235 171 68
cob=(2)
cfi=(144) ./locale/./locale/newlocale.c
cfn=(888) newlocale
calls=1 -57 
* 46 19 13 6 0 0 6
cob=(8)
cfi=(141)
cfn=(884) std::locale::facet::_S_create_c_locale(__locale_struct*&, char const*, __locale_struct*)
calls=1 0 
* 860 300 128 10 15 0 10 8
cob=(2)
cfi=(142) ./nptl/./nptl/pthread_once.c
cfn=(872) pthread_once@@GLIBC_2.34
calls=1 +36 
* 1719 576 253 23 28 2 22 15
cob=(8)
cfi=(141)
cfn=(868) std::locale::facet::_S_get_c_locale()
calls=1 0 
* 2706 895 412 29 59 11 28 23 8
cob=(8)
cfi=(141)
cfn=(864) std::ctype<char>::ctype(unsigned short const*, bool, unsigned long)
calls=1 0 
* 65784 18883 8257 269 568 103 267 205 77
cob=(8)
cfi=(141)
cfn=(860) std::locale::facet::_S_get_c_name()
calls=1 0 
* 4 1 0 1 1 0 1
cob=(2)
cfi=(128) ./string/../sysdeps/aarch64/nptl/../memset.S
cfn=(534) __GI_memset
calls=1 -68 
* 40 0 25 0 0 7 0 0 7
cob=(8)
cfi=(141)
cfn=(852) std::locale::_Impl::_Impl(unsigned long)
calls=1 0 
* 67938 19596 8650 280 619 122 276 217 93
cob=(8)
cfi=(141)
cfn=(838) std::locale::locale()
calls=1 0 
* 69204 20044 8864 291 639 123 285 225 93
cob=(2)
cfi=(131) ./posix/./posix/sched_cpucount.c
cfn=(558) __sched_cpucount
calls=1 -65 
* 20 3 2 2 0 0 2
cob=(2)
cfi=(130) ./nptl/./nptl/pthread_getaffinity.c
cfn=(550) pthread_getaffinity_np@@GLIBC_2.32
calls=1 -70 
* 31 3 2 4 1 0 4 1
cob=(2)
cfi=(129) ./nptl/./nptl/pthread_self.c
cfn=(544) pthread_self
calls=1 -76 
* 3 0 0 1 0 0 1
cob=(2)
cfi=(122)
cfn=(506) malloc
calls=2 3294 
* 1895 309 475 96 49 48 75 32 46
cfi=(107)
cfn=(402)
calls=58 -54 
* 40625 14199 4850 17 636 9 8 237 1

fl=(69) ./elf/../sysdeps/aarch64/dl-bti.c
fn=(250) _dl_bti_check
81 3 1 0 1 1 0 1
+13 1 0 0 1 0 0 1

fl=(13)
fn=(28)
160 2 1 0 1 0 0 1
+1 4
-1 2
cfi=(12)
cfn=(27)
calls=1 287 
* 12888 2443 0 2 46 0 2 46

fn=(29)
160 94 47 0 0 1 0 0 1
+1 138
-1 54
cfi=(12)
cfn=(27)
calls=27 287 
* 174159 33180 0 27 212 0 27 212

fl=(16)
fn=(38)
105 1
+3 5 0 2 1 0 0 1
-3 1 0 1
+3 1
cfi=(12)
cfn=(42)
calls=1 +45 
* 1459369 427059 159666 851 15542 2472 664 8131 1434

fl=(22)
fn=(70) _dl_add_to_namespace_list
31 7 0 14 2 0 0 1
+2 7
-2 7
+2 7 7
-2 28 0 21
+2 21
cfi=(20)
cfn=(72)
calls=7 +9 
* 35 14 14 1
+2 62 7 0 3 0 0 1
+3 81 27 0 0 2
+2 6 0 6
+2 6 0 6
+4 12
+4 12
-4 6
+1 6 6 0 0 3
-1 6
+5 6 6
-3 6
-2 6 6
+4 6 6
-4 12 0 6
+1 6 0 6
+3 6
+1 6 12
-3 6 0 6
+3 6 12
-1 6
cfi=(20)
cfn=(72)
calls=6 -8 
* 30 12 12
-5 2 0 1 1 0 0 1
cfn=(71) _dl_add_to_namespace_list'2
calls=1 +1 
* 19 8 3 0 1 0 0 1
fi=(20)
-3 1 0 2
+2 1
-2 1
+2 2 2
fe=(22)

fn=(71)
46 2
+4 2
-4 1
+1 1 1 0 0 1 0 0 1
-1 1
+5 1 1
-3 1
-2 1 1
+4 1 1
-4 2 0 1
+1 1 0 1
+3 1
+1 1 2
-3 1 0 1
+3 1 2
-1 1

fn=(58) _dl_new_object
59 8 0 8 1 0 2 1 0 2
+3 1
-3 5 0 4
+3 2
+2 1 0 0 1 0 0 1
+2 1 0 0 1 0 0 1
+1 2
+4 4 0 0 1 0 0 1
+6 4 0 1
cfi=(23)
cfn=(60)
calls=1 -33 
* 248 32 44 17 4 12 17 4 12
fi=(2)
1639 1
+2 1 1
+1 1 1
-2 1 0 1 1 0 0 1
+2 1 0 1
+4 1
-5 2 0 2
+5 1
cfi=(22)
cfn=(70)
calls=1 31 
* 50 14 13 3 1 0 3 1
+1 6 2 1
1115 1 1
1351 1
1116 1 1
+6 1
+2 1 1 0 1 0 0 1
-2 3 1 0 0 1 0 0 1
+21 1
-21 1 0 1 0 0 1 0 0 1
+2 1
+19 1
-21 1 0 1
+3 1 1
-1 1 0 1
+1 2 0 1
+18 2
+57 1
-37 1 0 0 1 0 0 1
-19 1
+19 1
-19 1
+19 1
+37 1 1
-56 1
+99 1 1
-43 1
-57 2
1243 1
1118 1
+22 1
+4 3 1 0 1 1 0 1 1
+4 3 1 1 1 0 0 1
+1 1
cfn=(53)
calls=1 -6 
* 1458439 426857 159525 792 15532 2452 605 8121 1414
fe=(22)

fn=(59)
fi=(30)
1053 6
+1 6
+11 6
+2 6 6
+2 6
-3 6 6
+4 6 6
-4 6 0 6
+4 6 12
-1 6
-4 6 0 6 5 0 4 1 0 4
+2 6 0 6
+3 18
+1 12 0 6
+19 12 6
-2 12 0 6
+2 72 0 6 6 0 4 1 0 4
+10 6 6
-10 6
+10 18 0 0 1 0 0 1
+27 6
-26 6
+62 6
-62 6
-1 6 6
+1 6
+26 6 6
-33 6
-1 6
-1 6
+35 6
+9 6
-45 6
-5 6
+77 18 0 6 1 0 0 1
cfn=(157) _dl_map_object_from_fd'2
calls=6 -62 
* 3383 630 844 45 14 127 28 13 124
1269 18 6 6
fi=(56) ./elf/./elf/get-dynamic-info.h
39 6
+6 6 6 0 0 6 0 0 6
-2 6
+2 6
+7 6 0 0 4 0 0 1
+2 6
-2 6
+3 6
-2 12
-4 106
+3 6
-1 12
+17 47 0 47 0 0 17 0 0 17
-23 94 47 0 0 12 0 0 12
+9 18 0 0 1 0 0 1
+2 24 0 0 1 0 0 1
+3 30 0 0 1 0 0 1
+3 24
+2 18 0 0 1 0 0 1
cfn=(174) _dl_map_object_from_fd
calls=6 +4 
* 3224 830 368 56 98 22 21 92 22
fe=(22)
-5 48 0 48 0 0 2 0 0 2
+3 6
-3 30 0 24
+3 12
+18 6
+3 6
-3 6 6
+3 6
cfi=(18)
cfn=(48)
calls=6 -33 
* 124 12
* 18 0 6
+4 6
+5 12
fi=(23)
-48 24 6 0 0 4
cfi=(24)
cfn=(62)
calls=6 +36 
* 317 73 69 11 1 3 6 1 2
* 6
fe=(22)
+51 6
+5 6
-2 6 0 6 0 0 5 0 0 5
+6 6 6
-4 6
+3 6
-1 6 0 6 0 0 1 0 0 1
-3 6 0 6 0 0 6 0 0 6
+5 12
-2 6 0 6
+2 6
cfi=(25)
cfn=(66)
calls=6 -32 
* 89 14 14 0 0 7 0 0 7
* 6 0 6 0 0 3 0 0 3
+2 18 6 6
+13 12 6
+8 6 6 0 0 6 0 0 6
+3 12 0 6
-3 12 0 6
+3 12 6
+6 7 0 7
-4 7 0 7 0 0 1 0 0 1
+7 12 0 0 1 0 0 1
fi=(4)
1322 1
+2 2
fe=(22)
139 2
+2 1 0 1 0 0 1 0 0 1
-2 2
fi=(4)
1324 30
fe=(22)
139 30
+2 15 0 15 0 0 3 0 0 3
-2 30
+16 21
-6 7
+6 7
-5 7
+5 7 7 0 0 1 0 0 1
-5 7 0 7 1 0 7 1 0 7
-1 7 0 7 0 0 2 0 0 2
+6 7
+2 12 0 6 0 0 3 0 0 3
+3 6
-3 12
+7 21 7
+4 12
+8 1 0 1 0 0 1 0 0 1
+3 2 0 1
+10 2 1 0 1 0 0 1
-10 12 0 6
+10 12 6
+2 12
cfi=(18)
cfn=(48)
calls=6 50 
* 172 19
* 12
+4 12
+50 18 0 0 1 0 0 1
cfi=(25)
cfn=(66)
calls=6 72 
* 84 24 24 0 0 5 0 0 5
* 6
+5 6
+1 18 6
-1 92
+1 276 92
+4 12
+1 6 0 6
+3 6 0 6
+4 56 84
131 18 0 6 0 0 6 0 0 6
cfn=(59)
calls=6 +5 
* 1203 291 123 1 0 17 1 0 17
-8 6 0 0 4
-4 6 0 0 6
+34 1 0 0 1 0 0 1
+7 3
cfn=(59)
calls=1 +16 
* 13 13 2 1 0 1 1 0 1
+8 24 6
fi=(23)
56 24 6
cfi=(24)
cfn=(64)
calls=6 -20 
* 198 47 51
* 6
fe=(22)
200 6

fl=(10)
fn=(22)
32 16 0 0 1 0 0 1
+5 16
+1 16
+2 16
+1 16
+1 8
+1 8
+1 7
+3 7
+1 3 0 3 0 0 2 0 0 2
+1 3 0 3
+1 3
+2 4
+1 4 0 4
+1 4 0 4
+1 4 0 0 1 0 0 1
+9 1 0 1 1 0 0 1
+1 1
+1 1 0 1 0 0 1 0 0 1
+1 1
+1 1 0 1
+1 1 0 1
+1 1
+14 8 0 0 6 0 0 1
+1 8
+1 8 0 8 0 0 5 0 0 5
+1 8
+1 8
+1 8
+2 8
+1 8
+1 8
+1 8 0 16 0 0 4 0 0 4
+1 8 0 16 0 0 3 0 0 3
+2 8
+1 8
-4 132 0 264 0 0 117 0 0 117
+1 132 0 264 0 0 15 0 0 15
+2 132
+1 132
+1 8 0 16 0 0 3 0 0 3
+1 8 0 16 0 0 2 0 0 2
+1 14 0 0 6 0 0 1
+5 6
+1 6

fl=(51)
fn=(162)
47 50 0 50 2 0 2 2 0 1
+3 50
+8 175
+2 50 50 0 1 0 0 1

fl=(45)
fn=(142)
36 16 0 0 6 0 0 1
+4 16 0 32
+1 16 0 32 0 0 1 0 0 1
+1 16 0 32
+1 16 0 32 0 0 1 0 0 1
+1 16 0 32
+3 48 16 0 0 1
+1 16 0 32 0 0 2 0 0 1
+7 16
+1 16 0 32 0 0 1 0 0 1
+1 16 0 32
+1 16 0 32 0 0 2 0 0 1
+1 16 0 32
+2 16
+1 48 16 0 1 0 0 1
+1 16 0 16
+7 16
+1 16

fl=(72)
fn=(268) check_match
70 3774 0 3774 1 0 8 1 0 2
+3 1887 1887 0 0 316 0 0 248
-3 18870 3774 9435 0 8 0 0 3
+3 5661 1887
+13 1887 0 0 1 0 0 1
-13 1887
+13 1887
-13 1887
+13 5661
+3 4230 114
cfi=(26)
cfn=(74)
calls=114 -25 
* 7278 1308 0 0 120 0 0 80
* 114
+4 1887 1887 0 0 10 0 0 2
+1 1887
+2 1884 0 0 2 0 0 2
+19 1884 1884 0 0 84 0 0 46
+1 16956 5652 0 0 57 0 0 8
+2 6 2
+43 1884
+1 9420 13188 0 2 0 0 2
-18 3
+2 3 3 0 0 3 0 0 2
+1 9
-1 9
+4 1
+1 6 3 1
+2 2 1 1
-75 2
cfn=(269) check_match'2
calls=1 +84 
* 5 7
* 4
cfn=(269)
calls=2 +84 
* 10 14
+39 5646 3764 0 1 8 0 1 1
cfi=(26)
cfn=(74)
calls=1882 -53 
* 79339 9251 0 0 123 0 0 30
* 1882
436 3
+3 6 3
cfn=(267)
calls=3 * 
* 583 177 26 0 7 0 0 1

fn=(269)
70 4 0 4
+3 2 2 0 0 1 0 0 1
-3 20 4 10
+3 6 2
+13 2
-13 2
+13 2
-13 2
+13 6
+3 12 2
cfi=(26)
cfn=(74)
calls=2 -25 
* 163 32
* 2
+4 2 2
+1 2
+2 2
+19 2 2
+1 18 6 0 0 2
+45 2
+1 25 35
-45 6 4
cfi=(26)
cfn=(74)
calls=2 -53 
* 134 23 0 0 4
* 2

fn=(262) _dl_lookup_symbol_x
772 1162 0 830 1 0 9 1 0 4
+6 166
-6 83 0 166 1 0 0 1
+6 83 0 166 0 0 3 0 0 1
fi=(73) ./elf/../sysdeps/generic/dl-new-hash.h
74 83 83 0 0 72 0 0 53
+3 83
-8 83
+1 83
+31 166
-21 166 83 0 0 1 0 0 1
+1 83
-1 2404 1202 0 0 10 0 0 9
+1 1202
+21 1251
-28 2502 1251 0 0 21 0 0 11
+30 1251
-27 1251
fe=(72)
778 49 49 0 2 0 0 2
-4 98 0 49
+1 49 0 98 0 0 2
+3 147 49 49 0 2
+4 97
+5 98 98 0 0 3 0 0 1
-2 49
+6 98 0 49
-15 245 98 49 2 0 0 2
cfn=(263)
calls=49 +16 
* 20703 7299 2544 23 437 19 22 103 6
fi=(73)
87 34 0 0 1 0 0 1
+2 34
+1 34
cfi=(72)
cfn=(263)
calls=34 778 
* 15770 5583 1954 18 324 16 14 98 7
fi=(5)
+43 5 10
+3 5 5
-3 5
fi=(6)
+42 5
fi=(5)
-40 5
-1 5
-1 5 5 0 0 3 0 0 2
+3 5
-2 10 0 10
-1 5
+3 5
fi=(6)
+41 10
+2 5
fi=(70)
-9 15 5 0 0 4 0 0 4
fi=(4)
-30 12 4
fi=(70)
+31 8
+3 28 4
+16 7
+3 7 7
+1 7 0 7
-1 7 0 7
fi=(6)
-5 17 5
+3 5 5
-3 16 6
+5 6
-5 6 6
+5 12 0 0 1 0 0 1
-5 6
+5 18 6
+3 46
+12 15 5 5 1 0 3 1
fi=(5)
-58 15 5
-19 15
fi=(6)
+57 6 1 0 1 0 0 1
+8 18 0 0 1 0 0 1
cfn=(254) _dl_relocate_object
calls=2 +12 
* 16474 5402 1908 3 335 4 3 133 2
* 6 0 0 1 0 0 1
+15 1 1
+62 1
+2 4 1 0 0 1
+2 4 2
-1 1 0 1 0 0 1 0 0 1
fi=(5)
150 2 1
cfn=(258)
calls=1 * 
* 54965 17603 6564 25 937 19 24 484 7
* 12
cfi=(70)
cfn=(253)
calls=3 +36 
* 36185 11406 4106 10 626 5 10 283 4
fi=(70)
+25 4 1
fi=(6)
-72 2
fi=(5)
+79 2 2
fi=(6)
-7 1
fi=(5)
+8 1
-1 3 0 2
fi=(6)
-5 2
+2 1
fi=(70)
-9 3 1
fi=(4)
-30 3 1
fi=(70)
+31 2
+3 8 1
+19 1 1
-3 1
+4 1 0 1
-1 1 0 1
fi=(6)
-5 3 1
+3 1 1
-3 3 1
+5 1
-5 1 1
+5 3 1 0 1 0 0 1
-5 1
+5 2
+3 7
+12 3 1 1 1 0 1 1 0 1
fi=(5)
-12 3 1
-16 3
+16 4
cfi=(70)
cfn=(253)
calls=1 -10 
* 3076 1022 362 2 73 0 2 16
fi=(70)
-21 3
cfn=(253)
calls=1 +2 
* 1261492 369239 136495 25 11465 1355 25 5751 411
fi=(107)
-80 71
+4 142 71
+10 852 284 71 1 0 0 1
fi=(71)
-71 71
fi=(107)
+86 284 71
+9 140 70
+29 70 70 0 2 0 0 1
-3 210 70
fi=(6)
-12 70 0 70
fi=(107)
+16 420 700 0 1 1 0 1
fi=(71)
38 1 0 0 1 0 0 1
-1 2 0 1
+3 1
-2 1 1
+1 2 1 2 0 1
+1 2
cob=(2)
cfi=(78) ./string/../sysdeps/aarch64/multiarch/memset.c
cfn=(288) memset
calls=1 +1 
* 23 7 2 2 2
fi=(107)
+85 2 0 1
cfn=(403) _dl_fixup'2
calls=1 +8 
* 13 13 1
fi=(7)
-57 20 8
+1 44 12 0 1 0 0 1
+2 4 0 4
fi=(83) ./elf/./dl-sym-post.h
-30 8
+12 12 4
fi=(7)
+19 20 28 0 1 0 0 1
fe=(72)

fn=(263)
772 25550 0 18250 0 0 5 0 0 2
+6 3650
-6 1825 0 3650
+6 1825 0 3650 0 0 1 0 0 1
fi=(73)
74 1825 1825 0 0 983 0 0 767
+3 1825
-8 1825
+1 1825
+31 3650
-21 3650 1825 0 0 25 0 0 21
+1 1825
-1 73854 36927 0 0 495 0 0 423
+1 36927
+21 37837
-28 75674 37837 0 0 520 0 0 450
+30 37837
-27 37837
fe=(72)
778 1859 1859
-4 3718 0 1859 0 0 2 0 0 2
+1 1859 0 3718 0 0 2 0 0 1
+3 5577 1859 1859 0 12 0 0 1
+4 3695
+5 3718 3718 0 0 7 0 0 3
-2 1859
+6 3718 0 1859
-15 9295 3718 1859
cfn=(263)
calls=1859 +16 
* 681732 246356 92455 45 6409 38 41 1477 11
+16 20988 3816 7632 3 0 16 2 0 4
cfn=(266) do_lookup_x
calls=1908 347 
* 681447 249839 87367 65 6846 41 61 1580 13
+81 2 1
+19 132 220
-76 22 0 22
+76 66 44
fi=(73)
87 915 0 0 1 0 0 1
+2 915
+1 915
cfi=(72)
cfn=(263)
calls=915 778 
* 348449 125509 50600 16 2954 12 16 632 6
fi=(70)
190 2
+3 2 2 0 1 0 0 1
+1 2 0 2
-1 2 0 2
fi=(6)
-5 2
fi=(5)
-55 1797 3594 0 0 447 0 0 447
+3 1797 1797
-3 1797
fi=(6)
+42 1797
fi=(5)
-40 1797
-1 1797
-1 1797 1797 0 0 967 0 0 170
+3 1797
-2 3594 0 3594
-1 1797
+3 1797
fi=(6)
+41 3594
+2 1797
fi=(70)
-9 5391 1797 0 0 1195 0 0 948
fi=(4)
-30 5388 1796
fi=(70)
+31 3592
+3 12143 1796
+12 2 1
fi=(4)
79 1 1
fi=(70)
186 2 2
-2 1 0 1
-1 1 0 1
+3 121 60 0 0 8
fi=(4)
79 60 60
fi=(70)
186 120 120 0 0 3
-2 60 0 60
-1 60 0 60
+3 182
+1 61
+1 122 61 0 0 5 0 0 2
-1 122
+3 366 61
cfi=(72)
cfn=(263)
calls=61 772 
* 555713 173684 62563 373 8902 120 353 3394 77
* 1818
+3 1818 1818
+1 1818 0 1818
-1 1818 0 1818
fi=(6)
-5 5422 1802
+3 1802 1802
-3 5407 1803 0 0 2 0 0 2
+5 1803
-5 1803 1803
+5 3606
-5 1803
+5 5409 1803
+3 18321
+12 5400 1800 1800 0 227 423 0 222 76
fi=(5)
-58 5400 1800 0 0 2
-19 5415 12 0 0 2 0 0 2
cfi=(70)
cfn=(253)
calls=3 301 
* 16655 5917 1253 4 600 12 4 574 9
+20 180 120 0 1 4 0 1
fi=(6)
+37 6 1
fi=(71)
38 4 4 0 1 0 0 1
+2 8 0 8
-2 4
-1 8 0 4
+1 4 4
+1 8 4 8 0 1 0 0 1
+1 8
cob=(2)
cfi=(79) ./string/../sysdeps/aarch64/multiarch/memmove.c
cfn=(290) memmove
calls=1 +1 
* 18 6 2 3 1 0 3
cob=(2)
cfi=(78)
cfn=(288)
calls=1 +1 
* 23 7 2 2 0 0 2
cob=(2)
cfi=(76)
cfn=(276)
calls=1 -6 
* 13 4 2
cob=(2)
cfi=(77) ./string/../sysdeps/aarch64/multiarch/memcpy.c
cfn=(286) memcpy
calls=1 +1 
* 18 6 2 4 2 0 4 2
* 4
fi=(6)
196 176 8
cfn=(254)
calls=2 +12 
* 31695 9920 3566 10 553 5 10 259 4
cfn=(255) _dl_relocate_object'2
calls=14 +12 
* 606448 187355 69094 44 9196 316 44 4760 56
* 16
+15 2 2
+62 2
+2 8 2 0 0 1
+2 8 4 0 0 1 0 0 1
-1 2 0 2
fi=(5)
150 4 2
cfn=(258)
calls=1 * 
* 12933 4206 1537 0 255 3 0 87 1
cfn=(259)
calls=1 * 
* 27764 8893 3264 15 459 10 14 187 4
* 4772
cfi=(70)
cfn=(253)
calls=1193 +36 
* 632162482 187502911 68474013 13465 6393555 499504 13414 2997089 120217
fi=(6)
282 3 2 0 1 0 0 1
+1 3 1 0 1 0 0 1
fi=(71)
38 1 1
-1 1
+1 2 1 2
+1 2 1 1 0 1
+1 2
cob=(2)
cfi=(75) ./string/../sysdeps/aarch64/multiarch/memchr.c
cfn=(274) memchr
calls=1 -6 
* 12 4 2 2 1 0 2
* 1
fi=(6)
285 1 0 1
fi=(5)
150 2 1
cfn=(259)
calls=1 * 
* 169 58 12 10 8 0 9 1
fi=(70)
+25 2168 542 0 1 0 0 1
fi=(6)
+16 4 2 0 1 0 0 1
cfn=(255)
calls=2 -3 
* 837 280 93 0 18 1 0 10
-88 1084
fi=(5)
+79 4 4 0 0 1 0 0 1
fi=(6)
-7 2
fi=(5)
+8 2
-1 6 0 4
fi=(6)
-5 4
+2 2
fi=(70)
-9 6 2 0 0 2 0 0 2
fi=(4)
-30 6 2
fi=(70)
+31 4
+3 16 2
+19 5 5
-3 5
+4 5 0 5
-1 5 0 5
fi=(6)
-5 9 2
+3 2 2
-3 6 2
+5 2
-5 2 2
+5 6 2
-5 2
+5 4
+3 14
+12 6 2 2
fi=(5)
-12 6 2
-16 6
+16 27 0 0 2 0 0 2
cfi=(6)
cfn=(255)
calls=2 +12 
* 821 296 84 0 18 0 0 9
cfi=(6)
cfn=(254)
calls=1 +12 
* 1921 647 222 0 42 0 0 12
* 8
cfi=(70)
cfn=(253)
calls=2 -10 
* 3661 1260 423 2 88 0 2 18
fi=(70)
-21 1626 0 0 1 0 0 1
cfn=(253)
calls=542 +2 
* 408022629 120554508 43903870 6548 3966507 337482 6544 1823095 82287
fe=(72)

fn=(266)
347 17172 5724 11448 2 0 7 2 0 3
+1 1908 1908 0 0 3 0 0 1
-1 17172 1908 20988 3 0 17 2 0 5
+7 1908 1908
+58 1908
-47 1908
+50 1908
-25 11448 0 1908
cfn=(267)
calls=1908 -32 
* 565198 200319 51114 51 6802 17 49 1573 5
791 63 21 0 0 3 0 0 1
+1 1908
+5 1908 1908
+23 3816 1908
-23 1908
+24 9419 1883 0 0 3
+7 1887 1887
-7 1887
+35 7548 1887 0 3 0 0 2
+34 3774 1887
-20 3774 1887 0 0 27 0 0 5
+3 3772 1886 0 0 7
+19 11316 18860
-76 1886 0 1886
+76 5658 3772 0 2 0 0 2
-93 105 21 0 1 1 0 1
+18 63 0 0 1 0 0 1
cfn=(263)
calls=21 +75 
* 210 252 21
+54 3 0 1 2 0 0 2
cfn=(263)
calls=1 +2 
* 12 13 1

fn=(267)
396 12676 6338 0 0 51 0 0 6
+8 6338 6338 0 0 208 0 0 8
-4 6338 0 6338 2 0 0 2
fi=(4)
79 6338 6338
fe=(72)
404 6338
-3 6338 0 6338
+3 12676 6338 0 0 388 0 0 7
+1 6338 6338 0 0 14 0 0 1
+3 6338 6338
-3 12676 6338 0 0 3 0 0 1
+4 6338
+4 6338 6338
+3 6338 6338
-3 6338
+3 6338
-5 6338 6338 0 0 1504 0 0 193
+8 25352
+99 13353
358 12676 12676 0 1 155 0 1 9
+3 12676
+4 6338
+21 12676 6338 0 1 81 0 1 6
+4 12676 6338 0 0 12 0 0 1
fi=(4)
139 2 1
+1 1
fe=(72)
476 2
fi=(74) ./elf/../sysdeps/generic/dl-protected.h
29 3
fe=(72)
483 8 1
+16 1 1
+1 1 0 2
+1 1
+21 8 12
-21 82
+21 656 984
-99 1954 0 0 1 0 0 1
-1 5862 3908 0 0 1518 0 0 243
+2 1954
+2 1945 1945
+6 3890
-6 21395 0 13615 1 0 0 1
cfn=(267)
calls=1945 +3 
* 329269 111149 26250 43 3286 17 41 1263 5
+13 5864
-10 19272 4818 0 0 1902 0 0 559
+2 1889 1889
+1 5667 5667 3778 1 0 8 1 0 2
-1 1889
+1 3778 1889
+1 1889
-1 5667 0 1889
+1 1889
-1 3778
cfn=(269)
calls=2 70 
* 403 93 14 0 7 0 0 1
cfn=(268)
calls=1887 70 
* 178344 44806 13237 7 736 8 7 421 2
+4 1886
230 92
cfn=(267)
calls=46 +4 
* 13605 3774 1858 45 414 3 45 288 3
+24 176
+3 95
+1 285
-24 176 176 0 0 105 0 0 46
+1 176 176
-1 352
522 21 42 0 1 0 0 1
-1 21
+1 147 210 0 1 0 0 1
311 162 81
-1 81
+19 82 82 0 1 0 0 1
+2 164 0 82
-2 328
+2 82 82
-2 82
+2 82 82
-2 246 82 82
+2 82
cfi=(20)
cfn=(72)
calls=82 42 
* 410 164 164
+2 164 164
+1 164 0 164
cfn=(267)
calls=82 501 
* 738 984
176 114
cfn=(267)
calls=38 -4 
* 1942 889 380 0 1 0 0 1
* 162
cfn=(267)
calls=81 -4 
* 3939 1866 810 0 1 0 0 1
-2 84
+1 252
-3 332 166 0 0 2 0 0 2
318 82 82
179 82 0 82
318 82
181 82 0 164
+1 82 0 82
318 164 0 0 1 0 0 1
470 178 60 0 3 0 0 2
+2 1
262 1620 729 0 1 0 0 1
+7 10 0 8 1 0 0 1
cfi=(46)
cfn=(284) _dl_higher_prime_number
calls=2 87 
* 2156 519 355 7 87 1 7 67 1
+11 176 88 0 0 20 0 0 3
+1 136 204
170 68
+1 68
-1 68
+1 136
-1 68
+2 204
cfn=(267)
calls=68 * 
* 36978 9428 6740 59 1437 0 59 1057
* 10
cfn=(267)
calls=5 * 
* 1403 397 290 6 32 0 6 29
+2 14
+1 42
-3 168 84 0 0 56 0 0 56
+7 70 0 70
+2 70 0 140
+1 70 0 70
+97 270
+6 4 2 4
+2 2
-2 22 2 6 1 0 0 1
cfi=(24)
cfn=(118)
calls=2 97 
* 22 10 8 1 0 0 1
+1 2 0 4
+3 2
171 2 2
288 2
+1 4 2 2
171 10 8
-1 2
+1 4
-1 4
cfn=(267)
calls=2 311 
* 101 47 20 0 1 0 0 1
+89 92 0 0 1 0 0 1
cfn=(267)
calls=46 -29 
* 13697 3774 1858 45 414 3 45 288 3
448 472 413 0 5 0 0 4
cfn=(267)
calls=59 +22 
* 17635 5742 1429 3 418 0 2 165
176 10 0 0 1 0 0 1
cfn=(267)
calls=5 -4 
* 1413 397 290 6 32 0 6 29
* 16974 13202 0 2 0 0 2
cfi=(4)
cfn=(270) do_lookup_x
calls=1886 -37 
* 62556 32807 5929 25 230 1 25 118 1

fl=(46)
fn=(148)
68 805 0 644 2 0 1 2 0 1
+1 322 161 0 0 10
cfi=(26)
cfn=(74)
calls=161 -5 
* 2494 322 0 2 16
* 161
+3 161 161 0 0 8
+2 161
+6 316 158
-6 158
+1 549 183 0 0 2
cfi=(26)
cfn=(74)
calls=183 -11 
* 5660 926 0 1 4
* 183
+8 25 50
-13 25
+13 186 322 0 1 0 0 1
-1 136
+1 272 272

fn=(200) _dl_sysdep_read_whole_file
36 4 0 4 1 0 0 1
+3 1
-3 2 0 1
+3 1
cfi=(47)
cfn=(152)
calls=1 -11 
* 19 2 3
+1 1
+2 3 0 0 1 0 0 1
cfi=(50)
cfn=(160)
calls=1 -12 
* 9 2 2 1
* 1
+2 2 1 1
+3 1
+2 6
cfi=(51)
cfn=(162)
calls=1 -2 
* 13 2 2
* 2
cfn=(201) _dl_sysdep_read_whole_file'2
calls=1 +11 
* 16 7 2
fi=(62) ./elf/./elf/dl-cache.c
411 1
+8 5 1 0 1 0 0 1
+1 19 3 0 1 1 0 1 1
+3 3
+1 1 1
-1 3 0 0 1 0 0 1
fi=(63) ./elf/../sysdeps/generic/dl-cache.h
194 1 1
+1 4
fi=(62)
431 1
+1 2 0 2
cfn=(199) _dl_load_cache_lookup'2
calls=1 +50 
* 1310 206 60 20 21 1 17 20 1
fe=(46)

fn=(201)
60 2
cfi=(57) ./io/../sysdeps/unix/sysv/linux/close_nocancel.c
cfn=(178) __GI___close_nocancel
calls=1 -35 
* 9 2 2
+3 5 5

fn=(284)
fi=(23)
44 2
fi=(72)
269 2
fi=(23)
44 8 2 0 0 2
cfi=(24)
cfn=(62)
calls=2 +36 
* 1341 327 233 1 61 1 1 44 1
* 1
fi=(72)
272 1
+7 1 2
171 1
279 6 4 0 1 0 0 1
+1 6 3 0 0 1 0 0 1
+1 2 3
170 1
+1 1
-1 1
+1 2
-1 1
+2 3
cfn=(267)
calls=1 * 
* 645 162 118 3 19 0 3 19
279 6 0 0 1 0 0 1
fe=(46)
87 2 0 4
+38 4
-38 2
+38 2
+2 2
cfn=(285) _dl_higher_prime_number'2
calls=2 * 
* 113 16 0 1 4 0 1 3

fn=(285)
129 40
+1 30 10 0 0 4 0 0 3
+3 7
-6 24 0 0 1 0 0 1
+19 6 6
-15 6
cfn=(285)
calls=3 -4 
* 46 12

fl=(54)
fn=(168)
120 65 0 0 2 0 0 2
+2 13

fn=(170)
120 70 0 0 2 0 0 1
+2 14

fl=(7)
fn=(12) __rtld_malloc_init_stubs
42 1 0 2 1 0 0 1
+1 2
-1 1
+1 2
+1 1
-1 1 0 1 0 0 1 0 0 1
+1 1
+1 1
+1 1
-1 1
+1 1
-1 1 0 2 0 0 1 0 0 1
+1 1 0 1
+1 2 2 0 1 0 0 1

fn=(302)
76 1 0 2 1 0 0 1
fi=(82) ./elf/../sysdeps/generic/dl-hash.h
-32 1
+1 1
fe=(7)
+31 3 0 2 1 0 0 1
fi=(82)
-33 1
+1 1
-1 1
fe=(7)
+43 2
-10 1 0 2
+10 1 0 1
+1 1 0 1
fi=(82)
-39 1
-3 1 1 0 0 1 0 0 1
+3 1
+14 2
-17 1
+3 4
-3 4 4 0 0 1 0 0 1
+3 4
+14 8
-17 4
+22 1 0 0 1 0 0 1
fe=(7)
+24 5
fi=(82)
-19 1 0 1
fe=(7)
+17 1 0 1
+2 1
cfn=(306) lookup_malloc_symbol
calls=1 -30 
* 2744 895 360 6 61 3 6 22
fi=(2)
2365 1
cfi=(84) ./elf/../sysdeps/nptl/dl-mutex.c
cfn=(310) __rtld_mutex_init
calls=1 30 
* 503 129 42 13 11 0 13 10
+6 1 1 0 0 1
+1 2 1
-1 2 0 1
+1 5 2
cfi=(70)
cfn=(253)
calls=1 207 
* 3457 1118 443 28 89 7 28 53 4
fe=(7)

fn=(104) strsep
239 2 0 0 1 0 0 1
+3 4 2 0 0 1 0 0 1
+2 2 2
+1 2
+4 2 1
-2 2 0 0 1 0 0 1
+4 2
cfn=(105) strsep'2
calls=1 +3 
* 197 70 1 1 0 0 1
+20 1

fn=(105)
251 26
cfn=(105)
calls=13 +3 
* 1287 455 13 13 0 0 13
+5 56 28
-2 84 28
-5 29 14
+18 1 0 1
+3 1 0 0 1 0 0 1

fn=(306)
61 1 0 2 1 0 0 1
+3 2
-3 3 0 2
+3 6 1 0 1 0 0 1
-3 1 0 2
+2 1 0 1
+1 1
cfi=(72)
cfn=(262)
calls=1 772 
* 637 216 82 2 21 1 2 4
+28 1
-1 1
+1 4
cfn=(307) lookup_malloc_symbol'2
calls=1 -31 
* 2086 678 271 2 40 2 2 18

fn=(307)
61 3 0 6
+3 6
-3 9 0 6
+3 18 3
-3 3 0 6
+2 3 0 3
+1 3
cfi=(72)
cfn=(262)
calls=3 772 
* 2019 669 246 0 40 0 0 18
+29 2 0 0 1 0 0 1
-1 1
+1 3
cfn=(307)
calls=1 -32 
* 1337 440 175 1 25 2 1 11
* 1
+1 2
-1 1
+1 3
cfn=(307)
calls=1 -33 
* 625 209 86 1 12 2 1 6
+5 3 0 1 0 0 1
+2 1 0 2 0 0 1
+1 1 0 1 1 0 0 1
+1 4 6

fl=(35) ./string/../sysdeps/aarch64/strchr.S
fn=(110) index
54 23 0 0 1 0 0 1
+2 23
+1 23
+1 23 23 0 0 3 0 0 3
+1 23
+1 23
+1 23
+1 23
+1 23
+1 23
+1 23
+1 23
+1 23
+2 8
+1 8
+3 8
+1 8 0 0 2 0 0 1
+1 8
+1 8
+4 16 16 0 5 2 0 0 2
+1 16
+1 16
+1 16
+1 16
+1 16
+1 1 1
+1 1
+1 1
+1 1
+1 1
+1 1
+9 15 0 0 2 0 0 1
+1 15
+1 15
+1 15
+2 15
+1 15
+2 15
+1 15
+1 15
+1 15

fl=(33)
fn=(92)
51 20 0 15 1 0 0 1
+3 10
cfn=(94)
calls=5 -29 
* 71 31 23 2 0 1 2 0 1
* 10
+8 20 15 0 1 0 0 1

fn=(94)
25 24 0 24 0 0 1 0 0 1
+1 12 6
+4 9 3 3 1 0 0 1
+4 9 3
+2 3
+11 6 12 0 1 0 0 1
-20 6
+20 12 12

fl=(107)
fn=(402)
46 213 0 142 2 0 2 1 0 1
+2 71 71 0 0 1
-2 142 0 142 2 0 0 1
fi=(4)
+33 71 71
fe=(107)
-33 213 0 426 0 0 2 0 0 2
+2 213 142 0 0 7
+6 71 71 0 0 1
+1 71
-6 71 71 0 0 2
+6 71 71 0 0 6 0 0 3
-6 71 71
+6 142 0 0 3 0 0 1
-6 71
+9 71 71 0 0 71 0 0 21
-2 71 71 0 0 13 0 0 1
+2 71
-2 355 0 71
+7 142
+4 213 71 0 0 70 0 0 62
+4 71 71 0 3 3 0 1 2
-2 71
+2 71
+4 142 71 0 0 3 0 0 2
+1 142 71 0 0 1
-1 71 71 0 0 58 0 0 16
+1 142
+1 71 71 0 0 16 0 0 5
-8 142
+16 71
-1 71
+1 213 71 0 1 1 0 1 1
+10 568 142 0 0 5 0 0 1
cfi=(72)
cfn=(262)
calls=71 772 
* 45046 14830 5222 28 631 25 20 219 11
fi=(106)
+8 71
+3 71 142
+1 71 142 0 0 1
+1 71 142
+1 71 142
+1 71 142
+1 71 142
+1 71 142
+1 71 142
+1 71 142
+3 71 142
+4 71 0 0 1 0 0 1
fe=(107)

fn=(403)
133 2 1
+29 1 1
-3 3 1
fi=(6)
-12 1 0 1
fe=(107)
+16 6 10

fl=(52)
fn=(164)
33 16 0 16 1 0 2 1 0 2
+2 16 4 0 0 1 0 0 1
+14 9 12
-9 7 0 2 1 0 0 1
cfi=(12)
cfn=(33)
calls=1 390 
* 23 5 3 3 1 0 0 1
* 2 1
+7 2 0 1 1 0 0 1
+1 1 2
+1 3 4

fl=(57)
fn=(178)
25 7 0 14 6 0 0 1
+1 14
-1 7
+1 21
+1 14 14 0 1 0 0 1

fl=(36) ./string/./string/strdup.c
fn=(112) strdup
40 28 0 28 1 0 0 1
+1 7
cfi=(18)
cfn=(48)
calls=7 +9 
* 185 20
fi=(37) ./string/../include/rtld-malloc.h
+15 7
fe=(36)
-15 7
fi=(37)
+15 21 7 0 1 0 0 1
cfi=(24)
cfn=(64)
calls=7 -20 
* 168 42 49 4
fe=(36)
-12 7
+3 14
+1 14 28
-1 7
cfi=(25)
cfn=(66)
calls=7 +25 
* 99 26 26 0 0 7 0 0 6

fl=(81)
fn=(298)
94 4 0 4 1 0 0 1
+1 4 2 2
+1 6 2 2
+1 4 0 2
+6 8 4
+1 4
+1 6 0 0 1 0 0 1
cfn=(299)
calls=2 * 
* 92 22 2 0 6 0 0 6
fi=(80)
485 2 2
+1 6 2
+1 4
+3 4 2
cfn=(297)
calls=2 -2 
* 823 193 52 3 54 5 3 48 5
fe=(81)

fn=(299)
94 14 0 14
+1 14 7 7 0 4 4 0 2 4
+1 21 7 7 0 1 0 0 1
+1 14 0 7
+6 28 14 0 0 8 0 0 7
+1 14
+1 21
cfn=(299)
calls=7 * 
* 274 69 7 0 36 0 0 35
-1 138
+1 165 55 0 0 40 0 0 40
+2 45 18 9 0 2 0 0 1
+13 18 18
fi=(80)
517 14
cfn=(297)
calls=7 -11 
* 1662 403 133 0 156 12 0 140 12
fe=(81)

fl=(29) ./elf/../sysdeps/unix/sysv/linux/dl-vdso-setup.h
fn=(84) dl_main
45 2 0 1 1 0 0 1
fi=(163) ./elf/./dl-main.h
+64 2 2
fe=(29)
-64 1 0 1
fi=(163)
+64 3 2
cfi=(30)
cfn=(86) _dl_init_paths
calls=1 706 
* 1457784 426719 159456 762 15513 2441 575 8102 1403
fe=(29)

fl=(60) ./io/../sysdeps/unix/sysv/linux/stat64.c
fn=(194) stat
28 1 0 2
+1 2
-1 1
+2 1 2
-1 3
cfi=(61)
cfn=(196)
calls=1 146 
* 11 2 2 1 0 0 1

fl=(15)
fn=(34)
36 2 0 2 1 0 0 1
fi=(164) ./elf/../sysdeps/unix/sysv/linux/brk_call.h
-12 1
fe=(15)
+12 1
fi=(164)
-12 1 0 0 1 0 0 1
fe=(15)
+13 2 0 1
+1 2
+6 1
+1 2 2

fl=(62)
fn=(206) _dl_cache_libcmp
357 96 0 96 1 0 0 1
+1 106 53
+4 252 252 0 1 38 0 1 35
-2 504
+2 504
-2 504
+20 494
+2 494
-24 204 204
+28 204
+1 204
-29 204
+32 10 5
+1 10 10
-29 10 0 0 5 0 0 1
+8 5 5
-1 5
-1 5
+2 20
+2 20 5 0 5 0 0 1
-3 5
+3 5
+2 10
+9 43 0 0 1 0 0 1
+8 86 86

fn=(198) _dl_load_cache_lookup
fi=(30)
2135 5
+2 5
+4 5
+8 5 5
+23 5
-23 5
+23 40 0 10 1 0 0 1
cfn=(150) open_verify.constprop.0
calls=5 1572 
* 572 135 90 14 2 1 1 1
* 5
+4 15 5
+18 5 5
-17 5 0 5
+17 10 5
+28 20 5
cfn=(147) _dl_map_object'2
calls=5 +45 
* 8646 1872 1559 86 127 201 5 106 197
fe=(62)
403 20 0 30 5 0 0 1
+2 5
-2 5
+2 5 5
-2 5
+2 5
+3 20 5 0 1 0 0 1
+69 8
+5 8 4
+3 4 4
-3 8
+3 20 4 0 0 2
cfn=(204) search_cache
calls=4 203 
* 4728 747 236 18 55 4 0 47 3
-74 5 0 0 1 0 0 1
cfi=(46)
cfn=(200)
calls=1 36 
* 1431 226 77 26 22 1 22 21 1

fn=(199)
482 2 1
+3 1 1
-3 2
+3 5 1
cfn=(204)
calls=1 203 
* 1300 203 60 20 21 1 17 20 1

fn=(204)
203 5 0 10 1 0 0 1
+5 5
-5 30 0 20
+5 5
-5 10 0 10
+5 5
-5 20 0 20
+5 5 0 0 1 0 0 1
-5 5 0 5
+5 10 0 5
cfi=(12)
cfn=(33)
calls=5 390 
* 115 25 15 6 4 0 0 1
* 5 5
+12 10
+3 5
-10 10
cfn=(205) search_cache'2
calls=5 +9 
* 5015 758 111 21 69 0 13 63
485 5
+15 10 5
+4 5 0 0 1 0 0 1
+8 10
cfi=(18)
cfn=(48)
calls=5 50 
* 148 17 0 0 3 0 0 3
+1 5
-1 5
+1 55 0 5 4 0 0 1
+1 15
cfi=(25)
cfn=(66)
calls=5 72 
* 70 20 20
+1 5
cfi=(36)
cfn=(112)
calls=5 40 
* 410 90 75 4 0 5 0 0 4
+1 25 30

fn=(205)
349 17
220 34
+2 43
+9 43
-9 86 0 0 1 0 0 1
+1 129 43 0 0 30 0 0 27
+4 86
+4 86
cfn=(206)
calls=43 357 
* 3584 556 86 13 36 0 5 33
+1 86
346 38
+1 21
220 42
353 5 0 0 1 0 0 1
222 20
cfn=(205)
calls=5 +18 
* 695 159 25 6 3 0 6 3
+20 10 5
+5 5
-2 10
+2 15
cfn=(206)
calls=5 357 
* 420 64 10 0 2 0 0 2
* 5
-7 10 0 0 1 0 0 1
-30 20 0 5
+1 20 5
-1 20 0 10 1 0 0 1
cfn=(205)
calls=5 +49 
* 160 85 0 4 1 0 4 1
+49 10
+10 15 5 0 1 0 0 1
+1 15 5 0 0 1 0 0 1
+7 15 5
fi=(63)
125 5 5
fe=(62)
295 25
+3 15 5 0 1 0 0 1
+11 15 0 0 1 0 0 1
+21 5
+23 40 60 0 1 0 0 1

fn=(334) _dl_unload_cache
525 3 0 4 1 0 0 1
+1 6 1 0 0 1 0 0 1
+2 2 1
cfi=(54)
cfn=(168)
calls=1 120 
* 6 0 0 1 0 0 1
+1 1 0 1
+4 1 0 1 1 0 1 1
+2 3 4

fl=(1) ./elf/../sysdeps/aarch64/dl-start.S
fn=(0) (below main)
22 1 0 0 1 0 0 1
+3 1
+1 1
+2 1
+2 1
cfi=(2)
cfn=(2) _dl_start
calls=1 517 
* 1588799 461457 179284 1818 17106 3951 1514 8786 2837

fl=(85)
fn=(312)
74 12 0 12 1 0 0 1
+4 3 3 0 1 0 0 1
-4 9 0 6
+1 3 3
-1 12 0 12
+2 3
+2 3
+37 3
-37 9 6 0 0 2 0 0 2
+1 3
+2 6 3 0 1 0 0 1
+3 3 3 0 0 2 0 0 2
+2 3
+1 6
-3 3
+3 9
-3 8 2
+2 2
+1 4
-3 2
+3 6
-3 4
+3 3
cfn=(314) check_match
calls=3 -56 
* 524 127 21 4 15 0 4 15
+3 3
+3 4
+23 18 30 0 1 0 0 1

fn=(314)
31 15 0 12 1 0 0 1
+1 3 3
-1 9 0 6 1 0 0 1
+1 3 3
-1 6 0 3
fi=(4)
+48 3 3
fe=(85)
-47 3
+1 6
+3 12 6 0 0 4 0 0 4
+12 9 0 0 1 0 0 1
+3 3 3
+2 3 3
-2 6 3
+2 6
cfi=(26)
cfn=(74)
calls=3 +11 
* 218 43 0 0 7 0 0 7
* 3
+4 3 3
+1 6 3
-1 3 3 0 0 2 0 0 2
+1 18 3 0 1 1 0 1 1
+1 9 3
cfi=(26)
cfn=(74)
calls=3 +5 
* 153 24 0 0 1 0 0 1
-19 6
+24 18 21

fl=(48) ./io/../sysdeps/unix/sysv/linux/read_nocancel.c
fn=(154) __read_nocancel
25 6 0 12 6 0 0 1
+1 12
-1 6
+1 18 0 0 2 0 0 1
+1 12 12

fl=(6)
fn=(254)
fi=(5)
133 6 12 0 0 1 0 0 1
+3 6 6
-3 6
fe=(6)
+42 6
fi=(5)
-40 6
-1 6
-1 6 6 0 0 1 0 0 1
+3 6
-2 12 0 12
-1 6
+3 6
fe=(6)
+41 12
+2 6
fi=(70)
-9 18 6 0 0 2 0 0 2
fi=(4)
-30 18 6
fi=(70)
+31 12
+3 43 6
+12 2 1
fi=(4)
79 1 1
fi=(70)
186 2 2
-2 1 0 1
-1 1 0 1
+3 3
+1 1
+1 2 1 0 0 1
-1 2
+3 6 1
cfi=(72)
cfn=(263)
calls=1 772 
* 13589 4424 1621 0 270 3 0 96 1
fe=(6)
-2 6 2
+3 2 2
-3 6 2
+5 2
-5 2 2
+5 4
-5 2
+5 6 2
+3 22
+12 18 6 6 0 2 2 0 1 1
fi=(5)
-58 18 6
-19 18
+19 12
cfi=(70)
cfn=(253)
calls=3 +36 
* 34384 10856 3839 13 612 5 13 292 4
fi=(70)
+25 8 2
fe=(6)
-72 4
fi=(5)
+79 2 2
fe=(6)
-7 1
fi=(5)
+8 1
-1 3 0 2
fe=(6)
-5 2
+2 1
fi=(70)
-9 3 1
fi=(4)
-30 3 1
fi=(70)
+31 2
+3 8 1
fe=(6)
+34 3 1 1
fi=(5)
-12 3 1
-16 3
+16 4
cfi=(70)
cfn=(253)
calls=1 -10 
* 1882 640 219 0 42 0 0 12
fi=(70)
-21 6
cfn=(253)
calls=2 +2 
* 1304142 382938 141595 40 12177 1368 39 6090 416
fe=(6)

fn=(255)
fi=(5)
133 1624 3248 0 0 408 0 0 408
+3 1624 1624
-3 1624
fe=(6)
+42 1624
fi=(5)
-40 1624
-1 1624
-1 1624 1624 0 0 460 0 0 76
+3 1624
-2 3248 0 3248
-1 1624
+3 1624
fe=(6)
+41 3248
+2 1624
fi=(70)
-9 4872 1624 0 0 546 0 0 446
fi=(4)
-30 4872 1624
fi=(70)
+31 3248
+3 8710 1624
+12 4 2
fi=(4)
79 2 2
fi=(70)
186 4 4
-2 2 0 2
-1 2 0 2
+3 6
+1 2
+1 4 2
-1 4
+3 12 2
cfi=(72)
cfn=(263)
calls=2 772 
* 9585 3099 1130 0 177 4 0 59 1
fe=(6)
-2 4839 1613
+3 1613 1613
-3 4839 1613
+5 1613
-5 1613 1613
+5 3226
-5 1613
+5 4839 1613
+3 16635
+12 4881 1627 1627 0 207 922 0 206 334
fi=(5)
-58 4881 1627 0 0 1
-19 4896 12
cfi=(70)
cfn=(253)
calls=3 301 
* 2830 1020 196 3 103 0 3 93
+20 6 4
-1 2208
cfi=(70)
cfn=(253)
calls=552 +36 
* 409750041 121078323 44100018 6613 3985263 338226 6609 1832317 82419
fi=(70)
+25 4280 1070
fe=(6)
+13 10 4
+5 2
-5 2 2
+5 10 2
+50 8 2 0 0 1 0 0 1
+9 2 2
+1 8 4
-1 2 0 2 0 0 1
+2 4 2 2 0 1
+37 2
cfi=(5)
cfn=(259)
calls=2 83 
* 787 262 89 0 16 0 0 9
103 2140
fi=(5)
+79 2 2 0 0 1 0 0 1
fe=(6)
-7 1
fi=(5)
+8 1
-1 3 0 2
fe=(6)
-5 2
+2 1
fi=(70)
-9 3 1
fi=(4)
-30 3 1
fi=(70)
+31 2
+3 8 1
fe=(6)
+34 6 2 2
fi=(5)
-12 6 2
-16 7
cfn=(258)
calls=1 -49 
* 139 55 8 0 4 0 0 4
+16 4
cfi=(70)
cfn=(253)
calls=1 -10 
* 633 232 72 0 13 0 0 4
fi=(70)
-21 3210
cfn=(253)
calls=1070 +2 
* 1056745176 311057642 114038662 19558 9918005 957366 19556 4695470 251354
fe=(6)

fl=(21) ./elf/./elf/dl-environ.c
fn=(56) _dl_next_ld_env_entry
28 9 0 6 1 0 0 1
+1 3 3
+3 7 3
cfn=(57) _dl_next_ld_env_entry'2
calls=1 +17 
* 2 2
* 52 26
+2 84 28
+1 27 9 0 1 0 0 1
+2 2
+3 4 0 2
+9 4 4
fi=(2)
2602 1
2727 5 1 0 2 0 0 2
1373 2
+1 2 1
-1 1 1
+1 1
-1 2 1 1
+1 2
1637 9 0 1 1 0 0 1
cfi=(22)
cfn=(58)
calls=1 59 
* 1458821 426916 159605 821 15539 2467 634 8128 1429
fe=(21)

fn=(57)
49 2 2

fl=(56)
fn=(174)
49 132
+3 6
-1 12
+17 66 0 66 0 0 7 0 0 7
-23 132 66 0 0 16 0 0 16
+9 18
+1 8
cfn=(175) _dl_map_object_from_fd'2
calls=4 +13 
* 1776 496 196 35 52 9 18 49 9
+1 8
+3 10
+3 8
+2 6
cfn=(175)
calls=2 +4 
* 1042 268 106 21 30 6 3 27 6

fn=(175)
49 80
+3 32
-1 64
+17 46 0 46 0 0 15 0 0 15
-23 92 46 0 0 12 0 0 12
+27 6
fi=(4)
+7 6 6 0 2 0 0 1
fe=(56)
-7 6
+12 12 6
+1 30 12 6
+1 30 12 6 2 0 0 1
+1 30 12 6
+1 12 6 0 0 6 0 0 6
+1 30 12 6
+1 27 11 5 6 1 0 1 1
+1 30 12 6
+12 6 6
+7 6 6
-7 30 6 6 1 0 0 1
+7 6
+5 18 6
+7 12 6
+1 24 12
+6 12 6
+18 12 6 0 1 0 0 1
+5 4 2 2
+2 2
+2 2
+2 2
+4 12 6
+2 9 3 3 1 0 0 1
+1 3
+9 6 3
+6 3
+4 12 6
fi=(30)
1276 24
+2 24 6 0 2 0 0 1
+10 12 6
+19 18 6 6
+2 30 6
+52 12 6 0 0 2 0 0 2
+1 12 4 4 1
+6 12 8
+1 12
-1 18 4 0 1 0 0 1
+1 6
-1 102
+1 144 48 0 1 41 0 1 41
+11 12
cfi=(57)
cfn=(178)
calls=6 25 
* 54 12 12 7 0 0 2
* 6
+13 18 6
+2 12 12 0 1 0 0 1
+2 6 6
-2 12 0 6
+2 6
+16 12
cfi=(8)
cfn=(14)
calls=6 28 
* 144 42 36 0 7 0 0 7
+4 6
+1 12 6
+17 12 6
+1 2 0 1
+3 3 2 2 1 0 0 1
+5 2 1
-5 15 10 10 1
+5 10 5
+5 18 6 0 0 1
+12 42 6
+10 10 5
+1 12 3 0 1
+5 6
cfi=(40)
cfn=(210)
calls=3 141 
* 42 9 6 2 0 0 2
+7 15 0 0 1 0 0 1
cfi=(22)
cfn=(70)
calls=5 31 
* 318 91 70 4 4
+3 5
+4 10
cfi=(38)
cfn=(180)
calls=5 38 
* 50 15 10 6 0 0 1
* 5
+1 10 5
+18 10
+4 35 15
+1 15
cfi=(42)
cfn=(182)
calls=5 77 
* 55 25 20 1 0 0 1
* 5
cfn=(157)
calls=5 +4 
* 45 60 0 1 0 0 1
fe=(56)
54 96
+1 60
cfn=(175)
calls=30 +13 
* 12939 3772 1396 225 383 43 36 347 43
+1 8
+3 10
+3 8
+2 6
cfn=(175)
calls=2 +4 
* 988 266 104 21 29 6 3 26 6
181 6 2 2
cfn=(175)
calls=2 +3 
* 647 188 68 6 23 0 0 20
-22 4 0 2
cfn=(175)
calls=2 +3 
* 671 196 72 6 23 0 0 20
fi=(30)
1462 10 5 0 2 0 0 1
+1 8 4
fi=(4)
79 4 4
fi=(30)
1464 4 4
-1 8 4
+1 4
-1 16
cfi=(26)
cfn=(74)
calls=4 64 
* 215 38 0 8 6 0 0 6
* 4
+2 6 0 1
cfn=(157)
calls=1 +6 
* 143 49 22 1 1
1275 6 3 0 1 1 0 1 1
cfi=(56)
cfn=(175)
calls=3 184 
* 1017 291 105 21 31 0 2 28
fe=(56)

fl=(93)
fn=(336) _dl_init
81 3 0 4 1 0 2 1 0 2
+5 2 0 0 1 0 0 1
-5 3 0 2
+5 1 1
-5 4 0 4
+2 1 2 0 0 1
+3 1
+2 1 0 0 1 0 0 1
cfn=(338) call_init
calls=1 -61 
* 105302 31119 14231 798 1409 279 722 548 229
fi=(1)
-40 1 0 0 1
+1 1
+2 1 0 0 1 0 0 1
+1 1
cob=(9) /home/user/coding-labs/assignment4-profiling/lab1/grid_bfs
cfi=(154) ???
cfn=(1348) (below main)
calls=1 -52 
* 9874 511 5160 105 67 1161 65 20 1135
fe=(93)

fn=(337) _dl_init'2
94 3
+25 1 1
+1 3 0 0 1 0 0 1
+1 5 2 0 0 1
-1 1
+1 1
cfn=(339) call_init'2
calls=1 -94 
* 105206 31091 14220 786 1402 279 711 546 229

fn=(338)
27 4 0 4 1 0 0 1
+2 3 1 0 1 0 0 1
+6 6 1 2
+2 1
+9 1 1
-3 3 1 1 1 0 0 1
+3 2 1 0 0 1 0 0 1
+5 3 1
+8 2 1 0 0 1
+1 7 2 0 1 1 0 1
cob=(3) ???
cfi=(92) ???
cfn=(340) 0x00000000048504f8
calls=1 -60 
* 10 3 2 4 1 0 3
+3 1 1 0 0 1
+1 1
+6 1 1
+2 3 2 1 0 1 0 0 1
-2 1 1
+2 1
-2 1
+3 5
cfn=(339)
calls=1 +1 
* 24 8 0 3 0 0 3
+16 2 0 1
cfn=(337)
calls=1 +5 
* 105220 31094 14220 787 1403 279 712 546 229

fn=(339)
27 32 0 32 2
+2 24 8 0 2 4
+6 48 8 16 0 1
+2 8
+9 7 7 0 0 1
-3 21 7 7 2
+3 14 7 0 0 5 0 0 3
+5 18 6
+8 12 6 0 0 4 0 0 4
+1 28 8 0 0 4 0 0 4
cob=(3)
cfi=(92)
cfn=(820) 0x000000000491c7c0
calls=1 -60 
* 10 3 2 2 1 0 2
cob=(3)
cfi=(92)
cfn=(440) 0x0000000004b1a388
calls=1 -60 
* 10 3 2 2 1 0 2 1
cob=(3)
cfi=(92)
cfn=(386) 0x0000000004b93190
calls=1 -60 
* 10 3 2 2 1 0 2 1
cob=(3)
cfi=(92)
cfn=(374) 0x0000000004d9ca50
calls=1 -60 
* 10 3 2 2 1 0 2 1
+3 6 6 0 0 5 0 0 5
+1 6
+6 6 6 0 0 2 0 0 2
+2 18 12 6 0 2 0 0 2
-2 6 6 0 0 2 0 0 2
+2 6
-2 6
+3 30
cfn=(339)
calls=6 +1 
* 104789 30956 14151 768 1364 279 702 521 229
+1 35 7 0 1 6 0 1 5
cob=(8)
cfi=(141)
cfn=(828) 0x00000000000a5a40
calls=1 -74 
* 85595 25356 11757 451 984 196 397 297 158
cob=(7)
cfi=(108)
cfn=(448)
calls=1 -74 
* 16998 4922 2109 256 309 67 244 188 57
cob=(6) /usr/lib/aarch64-linux-gnu/libgcc_s.so.1
cfi=(105) ???
cfn=(394) 0x0000000000003780
calls=1 -74 
* 1943 606 257 38 57 13 38 23 11
cob=(5)
cfi=(104)
cfn=(380)
calls=1 -74 
* 12 0 0 3 0 0 3
cob=(2)
cfi=(97) ???
cfn=(360) init_have_lse_atomics
calls=1 -74 
* 165 44 20 15 8 3 15 8 3
cfi=(95)
cfn=(354)
calls=1 -74 
* 38 15 8 5 0 0 5
cob=(4)
cfi=(94)
cfn=(348)
calls=1 -74 
* 11 0 0 2 0 0 2
-1 6
+3 18 26 0 1 0 0 1
-29 2
+74 35 14 0 0 3
-1 7
+1 7
cfn=(339)
calls=7 -94 
* 503383 148813 68238 3495 6480 1290 3130 2404 1054
-1 16 0 0 2
+7 6 10 0 1 1

fl=(30)
fn=(86)
706 1 0 2 1 0 0 1
+14 1
-14 2 0 2
+14 1 0 0 1 0 0 1
-14 5 0 8
fi=(23)
56 1
fe=(30)
706 1 0 2
+14 5
cfi=(31)
cfn=(88)
calls=1 172 
* 1302 332 249 53 3 16 53 3 16
fi=(2)
1733 5 2
cfi=(38)
cfn=(120)
calls=1 56 
* 1456460 426385 159193 707 15510 2425 520 8099 1387
fe=(30)

fn=(87)
767 3
+1 12 3
cfi=(10)
cfn=(22)
calls=3 32 
* 39 0 6
+2 8
-8 2 2
+8 2 0 2
-14 2 0 2
+7 2
-4 2 0 4 0 0 2 0 0 2
+4 2
-1 2 0 4 0 0 1 0 0 1
+4 10 2
cfn=(87)
calls=2 +1 
* 1569 407 178 62 2 5 62 2 5
+16 1
-6 1
+6 1 1
+3 2 0 0 1 0 0 1
-15 1 0 1
+15 1
-8 1 0 1
+8 1
-9 2 0 1
+11 4 1
+2 2 1
+36 4 2 0 2 0 0 2
+2 2 1
cfi=(18)
cfn=(48)
calls=1 50 
* 22 2 0 2 0 0 2
* 7
-19 1 1 0 1 0 0 1
-2 2 0 1
+2 1
+19 8 1 1 1 0 0 1
cfi=(25)
cfn=(66)
calls=1 72 
* 15 2 2
+5 1 1
-5 1
+5 2
-1 2
+2 1
-1 1 1
+1 1 0 0 1 0 0 1
+1 2
-2 1
+1 13
-1 13 13
+1 13
+1 26
-2 13
+5 2
fi=(23)
56 2 1
cfi=(24)
cfn=(64)
calls=1 -20 
* 24 6 7
fe=(30)
836 2
fi=(23)
56 1
fe=(30)
836 1 0 1
+2 1
+6 7 1 0 1 0 0 1
cfn=(102) fillin_rpath.isra.0
calls=1 468 
* 537 166 67 21 1 2 21 1 2
-22 2 0 1 1 0 0 1
cfn=(87)
calls=1 +3 
* 725 197 78 28 1 2 28 1 2

fn=(192) open_path
1812 45 0 60 2 0 2 1 0 2
+1 10 5 5 0 0 1 0 0 1
-1 10 0 15 1 0 0 1
+7 5
+5 100 10 5 1 3 1 1 0 1
+70 15 0 10 0 0 1 0 0 1
1536 10
1824 15 0 5 1 0 0 1
-7 25 0 15
+10 15 15 0 0 4
+8 10
+7 15 10
-11 5
+11 5 0 0 1 0 0 1
cfi=(25)
cfn=(66)
calls=5 72 
* 75 10 10
* 5 5
+1 5
+50 5 5
-51 5
+51 10 0 5
-50 15 5
+3 15 5
+5 35 15 0 1 2 0 1
cfi=(25)
cfn=(66)
calls=5 72 
* 65
* 25 10
cfi=(25)
cfn=(66)
calls=5 72 
* 75 10 10
* 5
+9 5 5
-6 5
+6 5
+3 35 15 0 1 0 0 1
cfn=(150)
calls=5 1572 
* 520 168 86 16 1 3 10 1 3
2100 5
+6 15 5
+1 35 0 5 1 0 0 1
cfn=(191) cache_rpath'2
calls=5 681 
* 15723 3053 2023 157 209 207 33 175 201

fn=(193) open_path'2
1843 3 1
1960 45 60 0 1 0 0 1
-23 9 1 0 2 0 0 2
+6 3 2 1
-2 3 1 1
+2 1
+3 4 1
1822 2
cfn=(193)
calls=1 1960 
* 9 12 0 1 0 0 1

fn=(106) expand_dynamic_string_token
385 12 0 12 1 0 1 1 0 1
+10 4
cfn=(108)
calls=2 238 
* 82 13 8 4 0 1 4 0 1
+3 2
+12 2 4
-11 2
+11 4 8
-11 2
cfi=(36)
cfn=(112)
calls=2 40 
* 154 33 28 2 0 2 2 0 2

fn=(146)
fi=(59)
64 5 0 5 0 0 2
+5 15 15 0 0 2
fe=(30)
1967 128 0 192 1 0 5 1 0 5
+8 32
+1 112 16 0 1 4 0 1 1
+3 250 77
+5 355 71 0 1 4 0 1
+2 213
cfi=(46)
cfn=(148)
calls=71 68 
* 5232 1151 284 6 16 1 3 0 1
* 71
+4 122 61
+1 122 61 0 0 2
+3 70 35 0 0 3
fi=(4)
79 35 35
fe=(30)
1995 35 35 0 1 6 0 1
-1 70 35 0 0 9
+1 70
+1 105
cfi=(26)
cfn=(74)
calls=35 64 
* 1220 186 0 0 3
* 35
2270 90 120
2009 6 0 0 1 0 0 1
+2 12 0 6
-1 24 6 0 0 1
+9 6 0 0 1 0 0 1
-50 6 0 6
+50 12 6
+17 12
-2 6 0 6 0 0 2 0 0 2
+2 6
cfi=(35)
cfn=(110)
calls=6 54 
* 144 9
* 6
2202 1
-1 3
cfn=(106)
calls=1 385 
* 152 33 25 1 0 3 1 0 3
-1 1 0 1
+1 1
+6 1
-4 1 0 0 1 0 0 1
+4 8 0 1
cfn=(150)
calls=1 1572 
* 112 27 18 12 1 1 12 1 1
+3 1 1
-3 1
+3 2
+12 2
+45 1
+1 6 2 2 1 0 0 1
-1 1 1
+1 3
-1 1 0 1
+1 1
cfn=(156) _dl_map_object_from_fd
calls=1 944 
* 1548 364 221 74 25 27 67 25 27
2040 10 0 0 1 0 0 1
cfi=(18)
cfn=(48)
calls=5 50 
* 92 8
+2 5 5
-2 10 0 5 0 0 1 0 0 1
+2 5
+7 15 5 0 1 1 0 1
+4 5 5 0 1 0 0 1
+8 15
-2 5
+2 10 0 10
-7 10
+7 5 0 5
-7 45 0 20 1 0 0 1
cfn=(147)
calls=5 +5 
* 17364 3446 2302 198 226 215 58 176 209
fi=(2)
644 1 0 1 1 0 0 1
+2 3 3
fe=(30)

fn=(147)
2270 54 72
-3 5
+1 30 10 10
-1 5 5
+1 15
-1 5 0 5
+1 5
cfn=(156)
calls=5 944 
* 8581 1857 1544 86 127 201 5 106 197
2059 30
cfn=(190) cache_rpath
calls=5 681 
* 17334 3446 2302 198 226 215 58 176 209

fn=(102)
468 4 0 4 1 0 0 1
+4 1
-4 1 0 2
+41 3 0 0 1 0 0 1
-41 1 0 2
+64 2
-64 2 0 4
fi=(23)
50 1
fe=(30)
468 3 0 5
+6 3 1
cfi=(7)
cfn=(104)
calls=1 239 
* 208 73 1 3 1 0 3 1
* 2
+7 2 1 0 1 0 0 1
+2 3 1
cfn=(106)
calls=1 -98 
* 112 25 23 6 0 1 6 0 1
* 1
+4 1
+5 1
cfi=(18)
cfn=(48)
calls=1 50 
* 13 1
* 1
+1 1
+7 6 1 0 1 0 0 1
+5 1 0 0 1 0 0 1
-22 1
+22 3 0 1
cfn=(103)
calls=1 +4 
* 146 49 24 7 0 1 7 0 1
847 3 2
+6 3 0 1
+4 8 12

fn=(103)
474 3 1
cfi=(7)
cfn=(104)
calls=1 239 
* 6 2
* 2
+97 1 0 1
+3 7 12
-65 10 5 0 1 0 0 1
+1 12 4
+18 3 1 1 1 0 0 1
+4 1 1
fi=(23)
56 1
fe=(30)
532 1 1
fi=(23)
56 1 1
fe=(30)
532 3 0 0 1 0 0 1
fi=(23)
56 2
cfi=(24)
cfn=(64)
calls=1 -20 
* 24 6 7
* 1
fe=(30)
534 1
+5 1 1
+1 2
-1 2
-1 1 0 1
+2 1
cfi=(25)
cfn=(66)
calls=1 72 
* 15 2 2 0 0 1 0 0 1
* 1 0 1
+3 1
-2 1 0 1
+2 3 1 0 1 0 0 1
+6 2 1
+1 1 1
-1 2
+1 1
-1 1
+1 2
+1 1 0 1
-1 3
+3 2 1 1 1 0 0 1
+1 2 1
+7 2 1 1
-6 1 0 1
+7 1 0 1
+3 3 0 1
cfi=(23)
cfn=(116)
calls=1 50 
* 34 21 5 2 0 0 2

fn=(156)
944 36 0 36 1 0 1 1 0 1
+15 6
-15 54 6 42 1 0 2 1 0 2
+15 6 0 6
-15 12
+15 6
+77 18 0 6
+10 18 6
+7 36 0 0 1 0 0 1
cfi=(22)
cfn=(59)
calls=6 59 
* 9493 2005 1645 144 141 224 65 130 220
fi=(49) ./elf/../sysdeps/posix/dl-fileid.h
37 24 0 6 1 0 0 1
cfi=(50)
cfn=(160)
calls=6 -7 
* 54 12 12 5 0 1 1 0 1
* 12 6
fe=(30)
989 24
fi=(49)
41 12 12 12
fe=(30)
989 66 33 0 0 5
+1 54 27 0 1 0 0 1
fi=(49)
49 126 42 0 0 6 0 0 1
fe=(30)
1008 6 0 0 6 0 0 1
2268 12
cfn=(147)
calls=6 +2 
* 54 72

fn=(157)
1101 130
+26 48 24 0 0 1 0 0 1
+12 36 24 0 0 1 0 0 1
-3 12
+5 24 12 0 1 1 0 1 1
-5 12 0 12 0 0 3 0 0 2
+1 12
+2 12
-2 12
+2 12 0 12 0 0 2 0 0 1
-2 12
+1 12 0 24
+3 12
-6 12
+6 48
+2 48 0 12 1 0 2 1 0 2
+13 30 6
+1 12
+5 6
+1 6 6
-28 6
+27 6
+1 18
-1 6 0 6
-62 18
+62 6
+1 6 6
-28 6
+27 6
+1 18
-1 6 0 6
-62 108
+1 248 48 0 1 7 0 1 6
1213 12 6 6 0 1 1 0 1 1
1100 6
1214 12 6 6 0 1 0 0 1
1100 12 0 0 1 0 0 1
1218 18 6
+10 6
+1 6
-1 6
+1 6 0 6
-1 12
+1 6
-1 6
+1 6 0 6
-1 12
+7 18 6
+10 18 6 0 1 0 0 1
+7 24 6
fi=(53)
28 6 6
fe=(30)
1252 12 6
fi=(53)
28 12
fe=(30)
1519 54 72 0 1 0 0 1
1121 2 1 1
+1 1
cfn=(157)
calls=1 -22 
* 678 108 233 4 0 43 0 0 43
-15 12 6 0 1 1 0 1 1
+9 6 6
-1 6 6
+1 18 6 0 1 0 0 1
-2 6 6
+2 6
-1 6
-1 6 0 6
+1 6 0 6
+1 12 0 6
cfn=(157)
calls=6 -16 
* 2618 501 753 40 9 120 23 8 119
+60 8 4
+4 4 0 4 0 0 4 0 0 4
+14 4 4
-13 8 4 4 0 1 1 0 1 1
+13 4 0 0 1 0 0 1
-80 4 4
+71 20 0 4
+1 4 4
+3 4 0 4 0 0 1 0 0 1
-3 4 0 4
+8 8
+15 6 6 0 1 0 0 1
+1 6
cfn=(157)
calls=6 1100 
* 2312 453 733 38 3 114 21 3 113
1471 2 1
+1 4 1
+5 2
cfi=(40)
cfn=(210)
calls=1 141 
* 14 3 2
+7 3
cfi=(22)
cfn=(70)
calls=1 31 
* 69 20 14 0 1
+3 1
+4 2
cfi=(38)
cfn=(180)
calls=1 38 
* 10 3 2 1
* 1
+1 2 1
+18 2
+4 7 3
+1 3
cfi=(42)
cfn=(182)
calls=1 77 
* 11 5 4
* 1
cfn=(157)
calls=1 +4 
* 9 12
fi=(53)
36 18 0 0 1 0 0 1
+1 6
-1 6
+1 42 0 24 1 0 0 1
-1 6 0 12
+1 12
cfi=(51)
cfn=(162)
calls=6 +10 
* 78 12 12 0 0 2 0 0 1
* 6
+4 12
+3 6 6
+1 12 6
-1 6 0 0 1 0 0 1
+1 6 6
-1 12
+1 18
-1 6 0 6
+1 6
cfi=(51)
cfn=(162)
calls=6 +2 
* 78 12 12
* 6
+4 42 30 0 1 0 0 1
+6 12
+1 42 0 42 11 0 0 2
cfi=(54)
cfn=(168)
calls=6 +64 
* 36 0 0 1 0 0 1
* 36 42
cfn=(166)
calls=6 +3 
* 1520 285 601 20 0 111 12 0 111
fe=(30)

fn=(190)
681 10 0 10 1 0 0 1
+1 15 5 0 1 2 0 1
+3 1
+1 1
-1 1
+3 3 1
+3 2 0 1 1
-8 2
cfn=(191)
calls=1 +16 
* 2 2
* 8 0 0 4
cfn=(191)
calls=4 +16 
* 8 8
2074 16 4 0 3 0 0 1
+1 28 0 8
cfn=(191)
calls=4 681 
* 13920 2726 1910 163 175 195 53 146 191
-17 10 5
+1 6
cfn=(191)
calls=1 681 
* 3260 675 373 22 49 20 0 30 18
* 5
+14 32 20 0 3 0 0 2
+1 4

fn=(191)
681 22 0 22
+1 33 11
+3 1
+1 1
-1 1
+14 32 32
-11 3 1
+3 2 0 1
-8 2
cfn=(191)
calls=1 +16 
* 2 2
* 20
cfn=(191)
calls=10 +16 
* 20 20
2100 75 10 10 1 0 0 1
cfn=(192)
calls=5 1812 
* 16973 3351 2254 182 219 215 51 176 209
+7 10 5
+8 5 0 5
+14 5
+2 15 5 0 5 1 0 1
+4 10
cfi=(62)
cfn=(198)
calls=5 403 
* 15625 3027 2007 152 208 207 32 175 201
-61 4 1 0 1
+1 7 0 2
cfn=(191)
calls=1 681 
* 3228 665 369 21 48 20 0 30 18
* 15 10 0 1 0 0 1
+9 5
+15 30 5 5 0 4
+1 5
-42 2 1 0 0 1
+1 1
+14 8 5
+1 1

fn=(108)
238 17 0 34 1 0 2 1 0 2
+3 17
-3 34 0 34
+7 17
-4 17
cfi=(35)
cfn=(110)
calls=17 54 
* 455 31 0 10 5 0 3 5
+3 17
+20 68 68

fn=(150)
1572 11 0 22 1 0 1 1 0 1
+32 11
-32 110 0 88 3 0 0 1
+32 22 11
+19 33
cfi=(47)
cfn=(152)
calls=11 28 
* 229 22 38 3 0 2 3 0 2
* 11
+2 22
+9 6 0 0 2 0 0 1
-1 12
+6 6
-6 6 0 6
+1 6 0 6 0 0 2 0 0 1
+5 24
cfi=(48)
cfn=(154)
calls=6 25 
* 54 12 12 8 0 0 2
* 6
+2 12
+2 18 6 6
+2 12 0 0 1 0 0 1
+6 12
+17 90 30 0 6 0 0 2
+81 6 6 0 0 1 0 0 1
-81 6
+81 12
+5 18 6 0 2 0 0 1
+6 30 6
+6 18 6 0 0 2 0 0 1
+6 6 6
+1 6 6
-1 6
+1 18 0 0 1 0 0 1
+26 48 60
1609 10 0 0 1 0 0 1
cfn=(151) open_verify.constprop.0'2
calls=5 1799 
* 40 50 0 5
+59 12 0 0 1 0 0 1
1863 5
+2 10 5
+2 2
-24 16 4
+94 36 4
+6 12 8 4
-2 12 4 4
+2 4
+3 16 4
1822 8
cfn=(193)
calls=4 1960 
* 36 48
+69 12 0 0 1 0 0 1
+2 8
-21 1 0 0 1 0 0 1
+1 8 3
+6 1 0 0 1 0 0 1
+2 2
-2 1 0 1
+2 1
cfi=(60)
cfn=(194)
calls=1 28 
* 19 4 4 1 0 0 1
+3 1
-3 1
+1 7 1 1 1 1 0 1 1
-39 2
cfn=(193)
calls=1 * 
* 34 18 2 3 0 0 3

fn=(151)
1799 40 50 0 5

fl=(64)
fn=(212)
85 4 2 0 1 0 0 1
fi=(59)
448 6 2
+1 4 1 1 1 0 0 1
cfn=(187)
calls=1 +3 
* 723 243 138 19 5 2 19 0 2
fe=(64)

fl=(43) ./string/./string/strcspn.c
fn=(134) strcspn
32 4 0 3 1 0 1 1 0 1
+1 2 1 0 0 1 0 0 1
+1 2 1
+5 2
+1 1
+1 1
+1 1
+5 1
-8 1 0 2 0 0 1 0 0 1
+1 1 0 2 0 0 1 0 0 1
+1 1 0 2 1 0 1 1 0 1
+1 1 0 2 0 0 1 0 0 1
-3 1 0 2
+1 1 0 2
+1 1 0 2
+1 1 0 2
+5 2 1 1
+1 1
-1 4 2 2
+1 2
+3 4 2
+1 4 2 0 1 0 0 1
+1 4 2
+1 4 2
+2 1
+6 1 1
+2 1 1
+1 1 1
-2 1 1
-1 1 1
+2 1 1
+3 7 2 0 1 0 0 1
-5 12 12
+2 12 12
+1 12 12
-2 12 12
-1 12 12
+2 12 12
+3 84 24
+2 1
+1 6
+1 3 3

fl=(2)
fn=(2)
517 1 0 2 1 0 1 1 0 1
+29 2
-29 2 0 2 1 0 1 1 0 1
+26 2
-26 4 0 6
fi=(6)
48 2
fe=(2)
517 1 0 2
fi=(3) ./elf/./get-dynamic-info.h
45 1 1 0 0 1 0 0 1
fe=(2)
543 1 0 1 0 0 1 0 0 1
+4 1 1 0 0 1 0 0 1
-30 1 0 1 0 0 1 0 0 1
+30 1
-1 1 0 1
+1 1 0 1 1 0 0 1
fi=(3)
45 1
+7 1
+16 1
-16 1
+2 1
+14 1
-15 1
+2 2
-6 8
+3 1
-1 2
+17 3 0 3 1 0 2 1 0 2
-23 6 3
+9 3 0 0 1 0 0 1
+2 4 0 0 1 0 0 1
+3 5
+3 4 0 0 1 0 0 1
+2 3
cfn=(4) _dl_start
calls=1 +4 
* 1473525 429817 159864 902 15626 2503 715 8215 1465
fi=(1)
-32 1 0 0 1 0 0 1
+5 1 1 0 0 1 0 0 1
+2 1
+2 1
+1 1
+1 1
+1 1
+1 1 1
+1 1
cfi=(93)
cfn=(336)
calls=1 +35 
* 115196 31633 19401 908 1477 1442 791 568 1366
fe=(2)

fn=(3)
563 1
+2 1 0 0 1 0 0 1
458 1
+18 1
+89 3 1 1 1 0 0 1
+13 1
cfi=(7)
cfn=(12)
calls=1 42 
* 17 2 6 2 0 2 2 0 2
458 3
+18 1
+1 1
-19 1 0 1
+18 1
cfi=(8)
cfn=(14)
calls=1 28 
* 24 7 6 2 1 0 2 1
+1 1 0 1
+17 1 1
-15 2
+9 1
-10 1 0 1 0 0 1 0 0 1
+10 1 0 1 1 0 0 1
+6 2
-15 1 0 1
+15 1
cfi=(9)
cfn=(18) _dl_sysdep_start
calls=1 102 
* 1472878 429662 159785 882 15604 2485 695 8193 1447

fn=(144)
fi=(44)
69 3 1
+1 3 1 1
239 3 1 3
-25 1
+34 3 3
fe=(2)
641 1 0 2 1 0 0 1
+2 1
+1 1
-3 1
+2 1 1
+1 1
-3 2 0 1
+3 1 2
-1 1
+1 2
cfi=(30)
cfn=(146)
calls=1 1967 
* 2184 482 293 99 27 35 92 27 35

fn=(132) handle_preload_list
869 7 0 6 1 0 1 1 0 1
+5 2 1
+6 1
-10 4 0 2 1 0 0 1
+7 1
183 5 0 2 0 0 1 0 0 1
cfn=(133) handle_preload_list'2
calls=1 877 
* 2584 653 376 118 29 46 111 29 46
1842 3 1
cfn=(53)
calls=1 +5 
* 1453686 425677 158773 563 15477 2374 383 8066 1337

fn=(133)
891 2 1
+1 4
cfn=(136) do_preload
calls=1 -88 
* 2319 526 349 112 28 40 105 28 40
-15 3 0 0 1 0 0 1
cfi=(43)
cfn=(134)
calls=1 32 
* 227 120 22 4 1 5 4 1 5
* 1
+1 3
+2 1
+7 1 0 0 1 0 0 1
-7 3
cfi=(25)
cfn=(66)
calls=1 72 
* 14 4 4 0 0 1 0 0 1
+1 1 0 1
183 1 1
888 1 1
+1 2
183 1

fn=(52)
fi=(9)
143 7 11 0 2 3 0 2 3
fe=(2)
+54 1 0 0 1 0 0 1
1346 5 0 4 0 0 2 0 0 2
296 1
1346 6 0 8 1 0 0 1
296 3 0 3
1346 1 0 1 0 0 1 0 0 1
197 1 0 1
+2 1 0 1
302 1 0 1
+1 1 0 1
1357 1
cfi=(20)
cfn=(54)
calls=1 53 
* 23 2 10 2 0 1 2 0 1
2749 3 1 0 1 0 0 1
2598 3 0 1
+2 1
-2 2 1 1 0 0 1 0 0 1
+4 3
cfi=(21)
cfn=(56)
calls=1 28 
* 48 18 3 2 0 0 2
* 1
+4 1 1
-2 1
+2 3
+1 12 0 0 1 0 0 1
-1 48 12
+3 2
+6 10 0 0 2 0 0 2
+72 12 2 0 1 0 0 1
+2 1
+1 2 0 0 1 0 0 1
-1 1 0 1
+1 1 0 1
+1 1
cfn=(53)
calls=1 -89 
* 1459063 426988 159613 827 15539 2467 640 8128 1429

fn=(53)
2602 4
cfi=(21)
cfn=(56)
calls=2 28 
* 1458992 426977 159612 824 15539 2467 637 8128 1429
* 1
+4 1 1
-2 1
+2 3
+1 7
-1 28 7
+3 2
+6 5
1144 56 8 0 0 4 0 0 4
+56 2 2 0 0 1 0 0 1
-1 2 2
+1 2
+1 2 2
-2 2
+2 4
+1 1 0 1
+2 4 2
+1 6
+4 2 2 0 0 1 0 0 1
+1 2 2
-1 4
+1 4
+1 2 0 2
+4 4
-72 27 0 0 2 0 0 2
1254 4
cfn=(53)
calls=1 * 
* 1458266 426827 159514 786 15525 2449 599 8114 1411
-1 18
+1 27 9
-1 1 0 0 1 0 0 1
+13 2 1 0 0 1 0 0 1
+3 2 1
+2 4 2
1672 4 2 0 1 0 0 1
+1 1 1
+1 2 1
fi=(4)
79 1 1
fe=(2)
1673 1 1
+2 1 1
-1 2 1
+1 3 0 1
-2 2
cfi=(26)
cfn=(74)
calls=1 64 
* 39 4 0 5 1 0 5 1
* 2 1 0 1 0 0 1
+5 3
+3 1
-1 1 0 2
+3 1 1
-2 1 0 1
+2 1
+1 1 0 1
+4 4 2
+2 1
fi=(3)
39 2 1 0 1 0 0 1
+6 1 1 0 0 1 0 0 1
-2 1
+2 1
+7 1
+2 1
-2 1
+3 1
-2 1
-4 24
+3 1
-1 2
+17 11 0 11 1 0 2 1 0 2
-23 22 11 0 0 3 0 0 3
fe=(2)
1744 1 1
+15 2
-15 2
+1 1 1
-1 1 1
+1 1
+2 1 1
+1 1 1
-4 2 0 1
+3 1
+12 1 1 0 1 1 0 1 1
-11 1
-3 1 0 1
+2 1 0 1
+1 1 0 1
-2 1 0 1
+13 2
+1 3 1
+5 2 1
-3 1 1
+9 2
-6 2 0 1 1 0 1 1 0 1
-3 1
+2 1 0 1 0 0 1
+6 3
+1 6 1 0 0 1 0 0 1
+2 3 2
+1 1 1 0 1 0 0 1
-1 1 0 1 0 0 1 0 0 1
+1 1 0 1
+5 4 2
225 1 1
fi=(4)
79 1 1
fe=(2)
224 1 1
+1 2 1
-1 1 1 0 1 0 0 1
+2 1
1788 3 0 0 1 0 0 1
+5 1 1
-1 1 0 0 1 0 0 1
1352 1
1793 1
+24 2 0 1
cfi=(40)
cfn=(124)
calls=1 194 
* 10 4 2 2 0 0 2
fi=(41) ./elf/../sysdeps/generic/dl-debug.h
29 1 1
fe=(2)
1817 1 0 1
fi=(41)
29 2 1
+1 1 0 1
fe=(2)
1823 2 0 1
+1 2 0 1
cfi=(38)
cfn=(128)
calls=1 116 
* 4 2 2 1 0 0 1
+1 1
+4 4 1 0 1 0 0 1
cfi=(42)
cfn=(130)
calls=1 29 
* 14 8 6 4 0 0 4
+5 3 2
+4 1 1
-2 1
+2 1
+9 2 1
+16 6 0 1 1 0 0 1
cfi=(58)
cfn=(184)
calls=1 25 
* 15 2 3 2 0 0 2
* 2 1
+76 2 1
+16 3 1
+10 9 1 1 1 0 0 1
cfi=(59)
cfn=(186)
calls=1 143 
* 1453625 425669 158766 555 15477 2374 375 8066 1337
+14 15
+1 24 6 0 1 0 0 1
+46 1 1 0 0 1 0 0 1
-42 2
+8 5 2 1
+1 1
+2 1 0 0 1 0 0 1
+2 4 1
+2 1
-4 1 1
+4 1 1
-4 2 0 1
+5 1 1
-1 1
+14 2 0 0 1 0 0 1
+2 1 1
-1 1 1
+1 1
-1 2 0 1
+1 2 1
+2 3 1
+1 1 0 1
-28 1
+36 1
+2 1
-2 1
+1 2 0 0 1 0 0 1
+1 6 0 1
-2 1 0 1 0 0 1
+1 1 0 1
+1 1
cfi=(44)
cfn=(222)
calls=1 186 
* 1422285 419109 154882 280 15133 2122 267 7883 1099
+14 1
837 1 0 0 1 0 0 1
+13 2
-13 1 1
+4 2 1
+9 1 2 0 0 1
+5 1 0 1
-5 1 0 1
fi=(165) ./elf/../sysdeps/unix/sysv/linux/dl-osinfo.h
39 1
fe=(2)
841 1 0 1
2047 2 1
2246 1 1
+4 2 1 0 0 1 0 0 1
-4 1 0 0 1 0 0 1
+13 1 1
-13 1
+4 1 2 0 0 1
-4 1 0 1
+10 1 1
-6 1 0 2 0 0 1
+6 1 0 1 0 0 1
+3 1
+8 1
fi=(166) ./elf/../sysdeps/aarch64/dl-prop.h
30 1 0 1
fe=(2)
2267 1 1
fi=(166)
30 3 1
cfi=(69)
cfn=(250)
calls=1 +51 
* 4 1 0 2 1 0 2
fe=(2)
2284 1 2
-5 2 1 0 1 0 0 1
+5 1
-5 1
+3 1 1
-3 1
+5 1 1
-2 2 0 1
+2 1
+1 6 1 1 0 1
cfi=(70)
cfn=(252) _dl_relocate_object
calls=1 207 
* 1400759 412949 153347 215 14848 1993 213 7757 991
+95 5 2
cfi=(86)
cfn=(316)
calls=1 29 
* 535 150 66 28 29 6 28 27 4
1144 12 0 0 1 0 0 1
+20 2 2 0 1 1 0 1 1
+2 1 0 1
+7 1 1
-9 1 0 0 1 0 0 1
-1 1 0 1 0 0 1 0 0 1
+10 1
+18 2
cfn=(53)
calls=1 -48 
* 1458419 426853 159523 788 15531 2451 601 8120 1413
-37 1 1
-1 1 1
+1 1
-1 1 1
+1 3 1
-1 2 0 1
+1 1 0 1
+1 1
cfn=(53)
calls=1 -12 
* 1458327 426834 159517 787 15529 2451 600 8118 1413
+92 2 1 1 0 0 1 0 0 1
+1 2 1 1
+1 1
cfn=(53)
calls=1 1143 
* 1458273 426827 159514 786 15525 2449 599 8114 1411
-6 2 1 1 0 0 1 0 0 1
+1 1
cfn=(53)
calls=1 1143 
* 1458289 426830 159516 786 15526 2450 599 8115 1412
fi=(3)
54 3 0 0 1 0 0 1
fi=(39)
-20 2 1 0 1 0 0 1
cfi=(2)
cfn=(53)
calls=1 1788 
* 1456355 426353 159175 695 15506 2422 508 8095 1385
fe=(2)
2640 5 1 0 1 0 0 1
+10 4
226 2 0 0 1 0 0 1
cfn=(53)
calls=1 -2 
* 1456359 426355 159175 697 15506 2422 510 8095 1385
fi=(3)
56 4 0 0 1 0 0 1
+3 5
fe=(2)
1206 3 0 1 1 0 0 1
cfn=(53)
calls=1 +3 
* 1458356 426841 159520 787 15530 2451 600 8119 1413
2650 7 2 0 2 0 0 2
+2 2 0 1
+1 1
cfn=(53)
calls=1 -51 
* 1458857 426924 159609 824 15539 2467 637 8128 1429
fi=(3)
62 4 0 0 1 0 0 1
+2 3
cfn=(76) dl_main
calls=1 +4 
* 1458051 426785 159498 773 15519 2447 586 8108 1409
fe=(2)
1943 7 0 0 2 0 0 2
1842 5 0 1 2 0 0 2
cfn=(132)
calls=1 869 
* 1456293 426332 159159 683 15506 2422 496 8095 1385
1943 6 0 1 1 0 0 1
+1 1
+3 3 0 1
+1 1 1
+1 1 0 0 1 0 0 1
-6 1
+7 2

fn=(136)
804 2 0 2 1 0 0 1
+8 1
-8 2 0 2
+10 2
-10 1
+12 5
-12 2 0 2
+10 1 1
+2 1 0 0 1 0 0 1
-6 1 0 2
+1 1 0 1
+1 1 0 1
+4 1
cfi=(44)
cfn=(138)
calls=1 254 
* 2286 514 339 109 28 40 102 28 40
+76 1
-18 2 1
+21 9 10 0 1 0 0 1

fn=(234)
734 3 0 4 1 0 0 1
+2 2 0 0 1 0 0 1
-2 2 0 2
+6 1 1 0 0 1
-4 2 1 1
+4 1
fi=(23)
44 1
fe=(2)
751 1
fi=(23)
44 1
fe=(2)
746 1
fi=(23)
44 3 1
cfi=(24)
cfn=(62)
calls=1 +36 
* 38 9 9
fe=(2)
755 1
+6 1 1 0 0 1 0 0 1
-12 1 0 1 1 0 0 1
+7 1 0 1
+1 1 0 1
+4 1
+2 2 1
-1 2
+3 16 8 0 0 8
+4 12 0 4 0 0 1 0 0 1
-5 4 4
-1 4
+1 4 4
-1 4
+10 5 1 0 1 0 0 1
+3 2
cfi=(40)
cfn=(238)
calls=1 97 
* 81 16 12 3 4 1 2 2 1
+3 1
cfi=(40)
cfn=(240)
calls=1 222 
* 566 85 186 21 5 32 16 1 31
2040 3 1
cfn=(53)
calls=1 +2 
* 1400812 412969 153357 220 14853 1995 218 7758 991

fn=(224)
fi=(44)
69 2 1
+1 1 0 1 0 0 1
197 2 0 1 1 0 0 1
+1 4 6
fe=(2)
674 1 0 2 1 0 1 1
+2 2
-2 3 0 1
+2 3 2 0 1 0 0 1
cfi=(66)
cfn=(226)
calls=1 392 
* 20664 5993 1291 25 260 90 21 121 75

fl=(84)
fn=(310)
30 1 0 2 1 0 0 1
+7 1
+3 1
-10 2 0 2 1 0 0 1
+10 2
-3 1 1 0 0 1
+3 4
-10 1 0 2
+10 3
cfi=(85)
cfn=(312)
calls=1 +34 
* 215 54 17 8 3 0 8 3
+4 1
+1 11 3 0 1 0 0 1
+2 3
-2 1
+2 1
-2 1 0 1
+2 5 0 0 1 0 0 1
cfi=(85)
cfn=(312)
calls=1 +27 
* 233 62 17 0 7 0 0 7
+4 1
+1 9 3
+1 1 2
-1 2 0 1
+1 3 4 0 1 0 0 1

fl=(70)
fn=(252)
207 9 0 12 1 0 0 1
+1 1 1
-1 1 0 1
+1 1
+12 1
+6 2
+2 2 0 0 1 0 0 1
+1 1 1 0 0 1 0 0 1
-1 1 1 0 0 1
+1 1
-5 2 0 0 1 0 0 1
cfn=(253)
calls=1 +27 
* 63355 20021 7758 70 1411 228 69 905 208
fi=(2)
2285 1 1 0 1 1 0 1
+26 1
-19 1 1
+1 1
+17 4 1
-17 4
+2 2 2 0 0 1
+9 2
-9 2 2
+5 4 4 0 1 2 0 1
+2 2
+6 6 2 2
+2 4
+1 7 2 0 0 1
cfi=(70)
cfn=(253)
calls=1 207 
* 20 13 13 1 0 0 1
+4 7 3 0 1 2 0 1
+1 2
-23 1
+23 1
cfi=(40)
cfn=(280)
calls=1 1017 
* 1337307 392893 145560 137 13428 1764 137 6851 783
-12 1 0 1 1 0 1
+1 1 1
-3 1
fe=(70)

fn=(253)
207 72 0 96
+1 8 8
-1 8 0 8
+1 8
+12 7
+6 14
+2 14
+1 7 7 0 0 4 0 0 1
-1 7 7 0 0 4 0 0 1
+1 7
+22 8 0 0 1 0 0 1
+1 16 8 0 0 8 0 0 3
-32 5
+35 16 8 0 1 0 0 1
+7 16 8 0 0 3 0 0 2
fi=(6)
67 8 8
fi=(4)
+12 8 8
fi=(6)
-12 32
fi=(4)
+12 4
fe=(70)
301 8
fi=(4)
79 4
fe=(70)
301 170 51 32 5 23 0 5 11
-80 4
-38 4
fi=(5)
-69 4
fe=(70)
+69 8
+7 4
+31 4
-38 8 0 12
+38 4 0 8
fi=(6)
+33 12 0 4
fi=(5)
53 8 4 0 1 0 0 1
-3 4 8
-1 4 4
+4 4 4 0 0 3
fe=(70)
301 4 4
fi=(5)
49 4
+4 4
-3 4
-1 4
+4 4
+27 4
fe=(70)
301 8 0 0 1 0 0 1
fi=(4)
79 8 8
fe=(70)
301 8
fi=(5)
51 16 8 0 0 1
fi=(4)
+28 16
cfi=(5)
cfn=(258)
calls=4 -26 
* 17616 6264 1321 7 638 12 7 608 9
cfi=(5)
cfn=(259)
calls=4 -26 
* 2030 742 140 7 74 0 6 63
fe=(70)
350 8 12 0 1 0 0 1
fi=(5)
114 8 0 0 1 0 0 1
+9 9
fi=(6)
303 3 3 0 1 2 0 1 1
fi=(5)
123 3
fi=(6)
303 9 3 3 0 2 3 0 2 2
fi=(5)
123 6
fi=(6)
303 1094 1094 0 0 137 0 0 137
fi=(5)
123 1094
fi=(6)
303 3282 1094 1094 0 273 198 0 273 195
fi=(5)
123 2188
+3 8 4 0 0 4 0 0 2
fi=(4)
-47 4 4 0 0 1
fi=(5)
+50 8 4 0 0 1
+2 8
fi=(71)
-93 4 4 0 1 1 0 1
-1 8 0 8 0 0 1
+1 4
fi=(6)
254 8
fi=(71)
37 8 0 8
fi=(6)
254 4 0 4
fi=(71)
38 4 0 4
fi=(5)
+95 4 8 0 0 2 0 0 2
+3 4 4 0 0 3
-3 4
fi=(6)
+42 4
fi=(5)
-40 4
-1 4
-1 4 4 0 1 4 0 1 2
+3 4
-2 8 0 8 0 0 1
-1 4
+3 4
fi=(6)
+41 8
+2 4
fe=(70)
-9 12 4 0 0 4 0 0 3
fi=(4)
-30 12 4
fe=(70)
+31 8 0 0 1 0 0 1
+3 32 4 0 0 4 0 0 2
+12 3522 1761 0 0 9
fi=(4)
79 1761 1761 0 0 2
fe=(70)
186 3522 3522 0 1 32 0 1
-2 1761 0 1761
-1 1761 0 1761 0 0 2
+3 5283
+1 1761
+1 3522 1761 0 0 79 0 0 14
-1 3522
+3 10566 1761 0 1 0 0 1
cfi=(72)
cfn=(263)
calls=1754 772 
* 1042041140 308623499 112589794 20141 10381586 837770 20084 4830716 202654
cfi=(72)
cfn=(262)
calls=7 772 
* 1373364 405040 149585 95 13523 1410 94 6689 432
fi=(5)
-40 16 0 0 1 0 0 1
cfi=(70)
cfn=(253)
calls=4 +36 
* 99125 31575 11705 69 1761 43 68 793 21
fe=(70)
+27 3230 0 0 1 0 0 1
+1 3230 1615 1615
-1 1615 1615 0 0 2
+19 1615 1615
-19 3230 0 1615
+1 1615
cfi=(6)
cfn=(255)
calls=1613 +10 
* 1466014620 431976514 158075791 26130 13895974 1296202 26124 6524315 334052
cfi=(6)
cfn=(254)
calls=2 +10 
* 1304284 382968 141601 40 12178 1369 39 6091 416
fi=(6)
72 12 8 0 1 4 0 1 2
+1 8 4 0 0 4 0 0 4
+4 4 0 4 1 0 0 1
+10 4
+16 20 8 4 1 3 0 1 1
cfi=(4)
cfn=(256) _dl_relocate_object
calls=4 -24 
* 1287003 377232 139609 38 12364 1721 38 6373 757
fe=(70)
301 12 0 4 1 0 0 1
cfn=(253)
calls=4 -80 
* 107129 33837 12858 76 2202 246 75 1217 218
186 12 6 0 1 0 0 1
fi=(4)
79 6 6
fe=(70)
186 12 12
-2 6 0 6
-1 6 0 6
+3 12
+4 48 6 0 1 0 0 1
cfi=(72)
cfn=(263)
calls=5 772 
* 9167 3129 1066 4 216 0 4 50
cfi=(72)
cfn=(262)
calls=1 772 
* 3690 1220 441 4 103 1 4 19 1
+63 6 0 0 1 0 0 1
cfn=(253)
calls=3 +2 
* 104477 32942 12530 83 2169 245 82 1204 218
-29 14
cfn=(253)
calls=7 +27 
* 1331138 391159 144753 56 13200 1739 56 6708 767
fi=(2)
2293 9
+2 2 2 0 0 1
+9 2
-9 2 2
+5 4 4 0 0 2 0 0 1
+2 2
+6 6 2 2
+2 4
+1 14 4 0 0 2 0 0 2
cfi=(70)
cfn=(253)
calls=2 207 
* 1358294 399029 147935 215 13808 1784 215 7099 803
+4 21 9 0 0 3 0 0 1
+1 6
-23 3
+23 3
cfi=(40)
cfn=(281)
calls=3 1017 
* 2667867 782861 290332 341 26592 3507 341 13653 1559
-23 1
+32 4 2 0 0 1 0 0 1
+4 5 2 0 1 1 0 1
+2 6 2 2 0 1
+7 3
cfi=(40)
cfn=(292)
calls=1 523 
* 8638 2574 1045 76 242 22 76 154 16
+34 1
cfn=(53)
calls=1 +8 
* 540 152 66 28 29 6 28 27 4
fe=(70)

fn=(278)
355 8 0 16 1 0 0 1
+1 8
-1 8
+1 16 16 0 1 1 0 1
-1 16 0 8
+1 16 8 0 0 1 0 0 1
+3 8 8
-3 16
+3 16
+4 16
+7 24 24
-6 24 0 0 1 0 0 1
cfi=(54)
cfn=(170)
calls=8 120 
* 48 0 0 1
* 8

fl=(4)
fn=(270)
139 3772 1886 0 1 0 0 1
+1 1886
fi=(72)
476 3772
fi=(74)
29 5658 0 0 2 0 0 2
fi=(72)
483 10024 1886
+16 1804 1804
+1 1804 0 3608
+1 1804
+21 14432 21648 0 0 4
-35 3675 1225 0 1 11 0 1
222 82 82 0 1 0 0 1
+2 492 82 0 0 14 0 0 1
-2 164
+2 246 0 164 1 0 0 1
-2 82 0 82
+2 82
-2 82 0 82
+2 82
+2 82
-2 164 0 82
-2 82 0 82
+2 82
cfi=(20)
cfn=(72)
calls=82 42 
* 410 164 164
+3 82 164 0 0 6 0 0 1
+1 410 328
+2 81 0 0 1 0 0 1
+1 405 0 324
-1 81
+1 81
-1 81
+1 243 0 162
-1 729 0 0 1 0 0 1
cfn=(267)
calls=81 +4 
* 9473 3500 1153 10 192 1 10 113 1
fi=(23)
44 8 1 4 0 1 0 0 1
cfi=(24)
cfn=(62)
calls=1 +36 
* 38 9 9 1 1 0 1 1
* 1
fi=(72)
302 1
170 1 0 0 1 0 0 1
+1 1
-1 1
+60 1
-60 1
+1 1
-1 1
+1 2
307 1
170 1
306 1 1
171 1
-1 1
307 1 1
170 1
+1 3 0 0 1 0 0 1
-1 1
306 1 2
171 2
-1 1
+1 1
-1 1
306 1 1
170 2
306 1
-6 1
+6 1 0 2
+1 1 0 1 1 0 0 1
+4 2 1
-1 1
176 2 0 0 1 0 0 1
cfn=(267)
calls=1 -4 
* 41 22 10 2 1 0 2 1
fe=(4)

fn=(256)
79 4
fi=(70)
301 8
fe=(4)
79 4
fi=(70)
301 172 52 44 0 22 0 0 7
-80 4
-38 4
fi=(5)
-69 4
fi=(70)
+69 8
+7 4
+31 4
-38 8 0 12
+38 4 0 8
fi=(6)
+33 12 0 4
fi=(5)
53 8 4
-3 4 8
-1 4 4
+4 4 4 0 0 2
fi=(70)
301 4 4
fi=(5)
49 4
+4 4
-3 4
-1 4
+4 4
+27 4
+34 8
+9 12
fi=(6)
303 4 4 0 0 4 0 0 2
fi=(5)
123 4
fi=(6)
303 12 4 4 0 1 4 0 1 4
fi=(5)
123 8
fi=(6)
303 1153 1153 0 0 144 0 0 144
fi=(5)
123 1153
fi=(6)
303 3459 1153 1153 0 289 343 0 289 339
fi=(5)
123 2306
+3 8 4 0 0 4 0 0 2
fe=(4)
-47 3 3 0 0 1
fi=(5)
+50 6 3 0 0 2
+2 6
fi=(71)
-93 3 3 0 0 1
-1 6 0 6 0 0 1
+1 3
fi=(6)
254 6
fi=(71)
37 6 0 6
fi=(6)
254 3 0 3
fi=(71)
38 3 0 3
fi=(5)
+95 3 6
+3 3 3 0 0 1
-3 3
fi=(6)
+42 3
fi=(5)
-40 3
-1 3
-1 3 3 0 0 3 0 0 2
+3 3
-2 6 0 6 0 0 1
-1 3
+3 3
fi=(6)
+41 6
+2 3
fi=(70)
-9 9 3 0 0 3 0 0 3
fe=(4)
-30 6 2
fi=(70)
+31 4
+3 16 2 0 0 2 0 0 1
fi=(6)
+14 1 1
+5 1
-5 1 1
+5 2
-5 1
+5 3 1
+3 3
-8 6 1
+8 6
+15 1 1
+62 1
+2 4 1 0 0 1
+2 4 2
-1 1 0 1 0 0 1 0 0 1
fi=(5)
150 2 1
cfn=(258)
calls=1 * 
* 9154 2982 993 0 204 3 0 105 1
* 8
cfi=(70)
cfn=(253)
calls=2 +36 
* 1265512 370588 136915 28 11575 1367 28 5796 411
+30 2 0 0 1 0 0 1
fi=(6)
+74 3 0 1
fi=(71)
37 1
+1 9 1 5 1 0 0 1
fi=(5)
182 2 2
fi=(6)
-7 1
fi=(5)
+8 1
-1 3 0 2
fi=(6)
-5 2
+2 1
fi=(70)
-9 3 1 0 0 1 0 0 1
fe=(4)
-30 3 1 0 1 0 0 1
fi=(70)
+31 2
+3 8 1 0 0 1 0 0 1
fi=(5)
+22 4 0 0 1 0 0 1
cfi=(70)
cfn=(253)
calls=1 -10 
* 3707 1225 443 6 103 1 6 19 1
fe=(4)

fl=(9)
fn=(20) _dl_sysdep_parse_arguments
78 1 0 2 1 0 1 1 0 1
+1 1
+1 1
-2 1
+1 2 1 1 1 1 1 1 1 1
+2 1
-1 1 0 1
-2 1 0 2
+3 2
-3 2 0 2
+3 2 0 1 0 0 1 0 0 1
+2 59 29 0 0 4 0 0 4
+7 1 0 0 1 0 0 1
-4 2
+4 3
-4 2 0 1 0 0 1 0 0 1
+4 1
cfi=(10)
cfn=(22)
calls=1 -58 
* 44 0 29 3 0 6 3 0 6
* 1
fi=(11) ./elf/../sysdeps/unix/sysv/linux/dl-parse_auxv.h
-58 1
+9 1 1
-9 1
+1 1
+6 1
-6 1 0 1
-1 1 0 1 1 0 0 1
+7 1 0 1
+2 2
+1 46
+1 46 23 23 0 5 0 0 5
-2 46 23
+7 1 2
+1 1 2
+2 1 2
fe=(9)
+42 1 1
fi=(11)
-48 1 1
fe=(9)
+50 1 1
fi=(11)
-39 1 1 0 1 0 0 1
-1 1 1
fe=(9)
+39 1 1
fi=(11)
-42 1 1
+1 1 1
-7 1 1
-1 1
+1 2
fe=(9)
+50 1 2
fi=(11)
-49 1 0 1
+7 1 0 1
+1 1 0 2
-3 1 0 1 0 0 1 0 0 1
+1 1 0 1
-5 1 0 1
+8 1 0 1 1 0 0 1
-7 1 0 1
+1 1 0 1
+1 1 0 1
-5 1 0 1
fe=(9)
+47 1 0 1
+1 1 0 1
+1 1 0 1
+1 3 4

fn=(330) _dl_sysdep_start_cleanup
147 2 0 2 1 0 0 1
+1 2 2

fn=(18)
102 3 0 4 1 0 2 1 0 2
+1 2
-1 1 0 2
fi=(6)
+26 1
fe=(9)
-26 2 0 2 1 0 0 1
+4 1
-4 1 0 2
+1 1 0 1
+3 1
cfn=(20)
calls=1 -28 
* 309 98 80 9 10 11 9 10 11
+4 3 1
cfi=(12)
cfn=(26)
calls=1 261 
* 1472544 429550 159694 870 15593 2472 683 8182 1434
fi=(2)
496 2 1 0 1 0 0 1
+89 7 12 0 0 1 0 0 1
fe=(9)

fl=(3)
fn=(4)
49 24
+3 1
-1 2
+17 12 0 12 0 0 3 0 0 3
-23 24 12 0 0 3 0 0 3
+9 3
+1 2
cfn=(5) _dl_start'2
calls=1 +13 
* 1473457 429805 159852 902 15623 2500 715 8212 1462

fn=(5)
49 10
+3 4
-1 8
+17 6 0 6 0 0 3 0 0 3
-23 12 6 0 0 2 0 0 2
fi=(4)
+34 2 1
fe=(3)
+31 1 1
-38 2
+12 2 1
+1 6 2 1 1 0 0 1
+1 6 2 1
+1 6 2 1
+1 3 1 0 1 1 0 1 1
+1 6 2 1
+1 6 2 1 1 0 0 1
+1 6 2 1
+12 5 2
+7 1
+5 3 1
+7 2 1 0 1 0 0 1
+1 5 2
+6 2 1
+4 3 1 0 1 0 0 1
+1 2 1
+5 5 2
+3 6 2
fi=(2)
563 6 0 0 1 0 0 1
fi=(4)
79 1 1
fi=(2)
563 1 1
fi=(4)
79 1
fi=(2)
563 1 0 2 0 0 1 0 0 1
fi=(4)
79 1
fi=(2)
563 34 9 6 3 0 0 3
fe=(3)
54 12
+1 8
cfn=(5)
calls=4 +13 
* 5893683 1719207 639395 3608 62487 9992 2860 32843 5840
fi=(2)
563 3 0 1
cfi=(5)
cfn=(8)
calls=1 53 
* 1473266 429759 159830 892 15620 2496 705 8209 1458
fe=(3)
103 3 0 1 1 0 0 1
cfn=(5)
calls=1 +7 
* 1473343 429781 159839 898 15620 2497 711 8209 1459

fn=(76)
49 28
+3 1
-1 2
+17 14 0 14 0 0 3 0 0 3
-23 28 14 0 0 4 0 0 4
+9 3
+1 2 0 0 1 0 0 1
cfn=(77) dl_main'2
calls=1 +13 
* 1457973 426771 159484 772 15515 2444 585 8104 1406

fn=(77)
49 8
+3 4
-1 8
+17 5 0 5 0 0 3 0 0 3
-23 10 5 0 0 1 0 0 1
+27 2 1
fi=(4)
+7 1 1
fe=(3)
-7 1
+12 2 1
+1 5 2 1 1 0 0 1
+1 5 2 1
+1 5 2 1
+1 2 1
+1 5 2 1 1 0 0 1
+1 5 2 1
+1 5 2 1
+12 1 1
+7 1 1 0 1 0 0 1
-7 5 1 1
+7 1
+5 3 1
+7 2 1
+1 4 2
+6 2 1 0 1 0 0 1
+18 2 1
+5 2 1 1
+2 1
+2 1
+2 1
+1 1 0 1
+3 2 1 0 1 0 0 1
+2 3 1 1
+1 1
+9 2 1
+6 1
+1 2 1 1
+3 2 1
fi=(2)
1698 2 1 0 1 0 0 1
+7 3 0 1 1 0 0 1
cfi=(8)
cfn=(14)
calls=1 28 
* 24 7 6 0 1 0 0 1
* 1 1
+3 3 1
fi=(27) ./elf/./setup-vdso.h
24 3 1
fe=(3)
+30 12
+1 8
cfn=(77)
calls=4 +13 
* 5831762 1707074 637926 3088 62059 9768 2340 32415 5616
fi=(28) ./elf/../sysdeps/unix/sysv/linux/dl-vdso.h
-15 2 1 0 1 0 0 1
+1 1
fi=(29)
-11 5 0 2 1 0 0 1
+3 2 0 1
fi=(28)
+22 2
cfi=(29)
cfn=(84)
calls=1 -10 
* 1457792 426723 159458 763 15513 2441 576 8102 1403
fe=(3)

ob=(3)
fl=(92)
fn=(440)
0 4 0 2 1 0 0 1
cob=(7)
cfi=(108)
cfn=(442)
calls=1 0 
0 4 1 0 1 1 0 1 1
0 2 2

fn=(340)
0 4 0 2 2 0 0 1
cob=(4)
cfi=(94)
cfn=(342)
calls=1 0 
0 4 1 0 2 1 0 2
0 2 2

fn=(386)
0 4 0 2 1 0 0 1
cob=(6)
cfi=(105)
cfn=(388) 0x00000000000037ec
calls=1 0 
0 4 1 0 1 1 0 1 1
0 2 2

fn=(1354) 0x0000000000109038
0 4 0 2 2 0 0 1
cob=(9)
cfi=(154)
cfn=(1356) call_weak_fn
calls=1 0 
0 4 1 0 1 0 0 1
0 2 2

ob=(6)
fl=(105)
fn=(418) 0x0000000000003700
0 11 1 3 1 1 0 1 1
cfn=(428) 0x0000000000009a80
calls=1 0 
0 207 19 16 14 0 0 14
cob=(2)
cfi=(98)
cfn=(364)
calls=1 56 
0 11 4 2
cob=(1)
cfi=(106)
cfn=(400)
calls=1 38 
0 823 286 114 1 20 0 1 6
0 23 3 5 2 1 0 2 1
fi=(93)
73 3
+3 5 7
fe=(105)

fn=(388)
0 4 1 0 1 1 0 1 1

fn=(408) 0x00000000000037c0
0 5 0 2
cob=(2)
cfi=(98)
cfn=(364)
calls=1 56 
0 9 4 2
0 10 3 1 0 0 1 0 0 1
fi=(93)
73 2
+1 10 2
cfi=(105)
cfn=(418)
calls=1 -74 
* 1083 320 140 18 22 0 18 8
cfi=(105)
cfn=(412) 0x00000000000038c0
calls=1 -74 
* 12 0 0 3 0 0 3
-1 6
fe=(105)

fn=(438) 0x0000000000003758
0 4 3

fn=(394)
0 5 0 2 1 0 0 1
cob=(1)
cfi=(106)
cfn=(400)
calls=1 38 
0 777 272 107 14 33 11 14 13 9
0 15 4 3 2 1 1 2 1 1
fi=(93)
73 1
+1 5 1 0 0 1 0 0 1
cfi=(105)
cfn=(408)
calls=1 -74 
* 1137 329 145 21 22 1 21 8 1
-1 3
fe=(105)

fn=(414) 0x0000000000003830
0 10 0 0 2 0 0 2

fn=(412)
0 2 0 0 1 0 0 1
cfn=(414)
calls=1 0 
0 10 0 0 2 0 0 2

fn=(428)
0 203 16 16 14 0 0 14
cfn=(438)
calls=1 0 
0 4 3

ob=(3)
fl=(92)
fn=(374)
0 4 0 2 1 0 0 1
cob=(5)
cfi=(103)
cfn=(376)
calls=1 63 
0 4 1 0 1 1 0 1 1
0 2 2

fn=(820)
0 4 0 2 1 0 0 1
cob=(8)
cfi=(141)
cfn=(822) 0x00000000000a614c
calls=1 0 
0 4 1 0 1 1 0 1
0 2 2

ob=(9)
fl=(154)
fn=(1356)
0 4 1 0 1 0 0 1

fn=(1410) int std::uniform_int_distribution<int>::operator()<std::mersenne_twister_engine<unsigned long, 32ul, 624ul, 397ul, 31ul, 2567483615ul, 11ul, 4294967295ul, 7ul, 2636928640ul, 15ul, 4022730752ul, 18ul, 1812433253ul> >(std::mersenne_twister_engine<unsigned long, 32ul, 624ul, 397ul, 31ul, 2567483615ul, 11ul, 4294967295ul, 7ul, 2636928640ul, 15ul, 4022730752ul, 18ul, 1812433253ul>&, std::uniform_int_distribution<int>::param_type const&) [clone .isra.0]
0 17 1 8 3 0 1 3
cfn=(1412) std::mersenne_twister_engine<unsigned long, 32ul, 624ul, 397ul, 31ul, 2567483615ul, 11ul, 4294967295ul, 7ul, 2636928640ul, 15ul, 4022730752ul, 18ul, 1812433253ul>::_M_gen_rand()
calls=1 0 
0 20 7 0 1 2 0 1 2

fn=(1348)
0 12 2 0 1 2 0 1 1
cob=(2)
cfi=(155) ./csu/../csu/libc-start.c
cfn=(1352) __libc_start_main@@GLIBC_2.34
calls=1 242 
0 9858 508 5160 103 64 1161 63 19 1135
0 4 1 0 1 1 0 1

fn=(1388) bool std::operator==<char, std::char_traits<char>, std::allocator<char> >(std::__cxx11::basic_string<char, std::char_traits<char>, std::allocator<char> > const&, char const*)
0 3
cfn=(1390) std::__cxx11::basic_string<char, std::char_traits<char>, std::allocator<char> >::_M_dispose()
calls=1 0 
0 6 1 0 1 0 0 1
0 5 1 0 1 0 0 1
cfn=(1381) std::__cxx11::basic_string<char, std::char_traits<char>, std::allocator<char> >::basic_string<std::allocator<char> >(char const*, std::allocator<char> const&)'2
calls=1 0 
0 9450 417 5066 68 50 1159 31 13 1135
0 9 1 5 2 0 0 2
cob=(2)
cfi=(159) ./string/../sysdeps/aarch64/multiarch/strlen_asimd.S
cfn=(1384) __strlen_asimd
calls=1 89 
0 21 2 0 0 1 0 0 1
0 11 6

fn=(1389) bool std::operator==<char, std::char_traits<char>, std::allocator<char> >(std::__cxx11::basic_string<char, std::char_traits<char>, std::allocator<char> > const&, char const*)'2
0 3
cfn=(1390)
calls=1 0 
0 6 1
0 6 0 3
cfn=(1379) main'2
calls=1 0 
0 9285 388 5047 62 49 1159 28 12 1135
0 9 1 5
cob=(2)
cfi=(152) ./string/../sysdeps/aarch64/memcmp.S
cfn=(962) bcmp
calls=1 46 
0 21 4 0 3
cob=(2)
cfi=(159)
cfn=(1384)
calls=1 89 
0 21 2 0 0 1 0 0 1
0 22 8 0 2 0 0 2

fn=(1390)
0 12 2 0 1 0 0 1

fn=(1362) 0x0000000000001650
0 10 0 0 2 0 0 2

fn=(1360) 0x00000000000016e0
0 2 0 0 1 0 0 1
cfn=(1362)
calls=1 0 
0 10 0 0 2 0 0 2

fn=(1380) std::__cxx11::basic_string<char, std::char_traits<char>, std::allocator<char> >::basic_string<std::allocator<char> >(char const*, std::allocator<char> const&)
0 4
cfn=(1388)
calls=1 0 
0 9505 428 5071 72 51 1159 35 14 1135
0 11 0 7 1 0 2 1
cob=(2)
cfi=(116) ./string/../sysdeps/aarch64/multiarch/../memcpy.S
cfn=(488) __GI_memcpy
calls=1 72 
0 16 2 2 2
cob=(2)
cfi=(159)
cfn=(1384)
calls=1 89 
0 21 2 0 2 0 0 2
0 25 9 2 3 1 0 3 1

fn=(1381)
0 4 0 0 1 0 0 1
cfn=(1389)
calls=1 0 
0 9373 404 5055 67 50 1159 30 13 1135
0 11 0 7
cob=(2)
cfi=(116)
cfn=(488)
calls=1 72 
0 16 2 2
cob=(2)
cfi=(159)
cfn=(1384)
calls=1 89 
0 21 2
0 25 9 2

fn=(1402) generate_grid[abi:cxx11](int, int)
0 26 2 13 4 0 1 4 0 1
cob=(8)
cfi=(141)
cfn=(1406) operator new(unsigned long)
calls=1 0 
0 8441 108 4924 41 9 1147 10 3 1129
0 4 1 0 1 0 0 1

fn=(1403) generate_grid[abi:cxx11](int, int)'2
0 3764 0 629 2 0 80 2 0 64
cfn=(1403)
calls=1 0 
0 49 8 8 6 2 1 6 2
0 12 0 0 2 0 0 2
cfn=(1410)
calls=1 0 
0 37 8 8 4 2 1 4 2

fn=(1378) main
0 19 3 7 3 0 0 3
cfn=(1380)
calls=1 0 
0 9582 441 5082 80 52 1161 41 15 1135

fn=(1379)
0 1 0 0 1 0 0 1
cob=(8)
cfi=(141)
cfn=(1396) std::chrono::_V2::steady_clock::now()
calls=1 0 
0 9280 387 5047 60 48 1159 26 11 1135
0 4 1 0 1 1 0 1 1

ob=(8)
fl=(141)
fn=(970)
0 340 69 70 4 3 3 4 1 3
cfn=(971) std::__cxx11::numpunct<wchar_t>::_M_initialize_numpunct(__locale_struct*)'2
calls=1 0 
0 12 4 4 1 0 0 1
0 5 1 0 0 1 0 0 1
cfn=(897) std::locale::_Impl::_M_install_facet(std::locale::id const*, std::locale::facet const*)'2
calls=1 0 
0 18995 5406 2354 120 195 43 120 61 21
0 4 1

fn=(971)
0 12 4 4 1 0 0 1

fn=(1022)
0 116 35 29 5 0 2 5

fn=(1144)
0 192 80 48 5 0 0 4

fn=(834)
0 49 12 21 6 9 2 5 2 2
cfn=(838)
calls=2 0 
0 64 26 14 1
cob=(1)
cfi=(106)
cfn=(401)
calls=3 38 
0 78130 22987 10511 332 741 163 323 253 130
0 91 18 39 8 7 7 6 1 5

fn=(928)
0 5 1
cfn=(897)
calls=1 0 
0 49708 14208 6274 172 358 74 171 134 51
0 4 1
0 13 1 5 1 1 0 1
cfn=(869) std::locale::facet::_S_get_c_locale()'2
calls=1 0 
0 43 16 7 1 0 0 1
0 4 1

fn=(1238) 0x00000000000a59c0
0 12 3 7 0 2

fn=(1248) 0x00000000000a5be0
0 12 0 3 1 0 0 1
cob=(2)
cfi=(153)
cfn=(1167) __cxa_atexit'2
calls=1 67 
0 90 24 21
0 13 4
0 4 1
fi=(92)
cob=(2)
cfi=(153)
cfn=(1167)
calls=1 67 
0 90 24 21 0 0 1 0 0 1
fe=(141)

fn=(1252) 0x00000000000a5c40
0 50 16 8 4 6 0 4 2

fn=(1346) 0x00000000000a6100
0 8 2 0 0 1
cob=(2)
cfi=(153)
cfn=(1167)
calls=1 67 
0 90 24 21 0 0 1 0 0 1
0 4 1

fn=(1406)
0 5 0 2 1 0 0 1
fi=(154)
cob=(9)
cfi=(154)
cfn=(1403)
calls=1 0 
0 3813 8 637 8 2 81 8 2 64
cob=(2)
cfi=(128)
cfn=(534)
calls=1 32 
0 4237 0 4225 3 0 1057 0 0 1056
fi=(154)
0 6 2 0 0 1
fe=(141)
0 8 0 3 1 0 2 1 0 2
cob=(2)
cfi=(122)
cfn=(506)
calls=1 3294 
0 368 97 57 28 6 7 0 1 7
0 4 1

fn=(974)
0 101 22 29 5 4 0 5
cfn=(975) std::__cxx11::moneypunct<wchar_t, false>::_M_initialize_moneypunct(__locale_struct*, char const*)'2
calls=1 0 
0 12 7 0 1 0 0 1
0 5 1 0 1 1 0 1
cfn=(897)
calls=1 0 
0 16456 4770 2122 108 173 38 108 54 16
0 4 1

fn=(975)
0 12 7 0 1 0 0 1

fn=(1044)
0 11 4 1 1 1 0 1
cob=(1)
cfi=(106)
cfn=(401)
calls=1 38 
0 4170 1328 652 34 53 13 34 15 2
cfn=(900)
calls=1 0 
0 23 8 5
0 27 7 6 2 1 1 2 0 1
0 13 1 5 2 1 0 2
cfn=(869)
calls=1 0 
0 43 16 7
0 4 1

fn=(840) 0x00000000000de2c0
0 220 88 0 3 2 0 2 1
cfn=(846) 0x00000000000de240
calls=1 0 
0 69172 20031 8857 285 635 122 280 224 93

fn=(904)
0 13 1 6 1 1 1 1 0 1
cfn=(868)
calls=1 0 
0 33 15 6 1 1 0 1
0 4 1
0 5 1 0 0 1
cfn=(897)
calls=1 0 
0 59935 16963 7404 222 459 90 221 164 67
0 4 1 0 0 1

fn=(924)
0 11 2 5 3 0 0 3
cfn=(869)
calls=1 0 
0 144 16 53 7 0 0 7
0 4 1
0 4 3

fn=(932)
0 13 1 6 2 0 1 2 0 1
cfn=(869)
calls=1 0 
0 35 15 7
0 4 1
0 5 1 2
fi=(92)
cob=(1)
cfi=(106)
cfn=(401)
calls=1 38 
0 27079 7757 3448 36 117 21 35 57 20
0 4 1 0 1 1 0 1

fn=(1206) 0x00000000000a56c0
fi=(93)
73 11
+1 55 11 0 0 3 0 0 2
cfi=(141)
cfn=(1346)
calls=1 -74 
* 102 27 21 0 1 1 0 0 1
cfi=(141)
cfn=(1340) 0x00000000000a6080
calls=1 -74 
* 309 78 66 2 0 1 2 0 1
cfi=(141)
cfn=(1314) 0x00000000000a5f40
calls=1 -74 
* 74 24 12 5 9 0 5
cfi=(141)
cfn=(1288) 0x00000000000a5e00
calls=1 -74 
* 74 24 12 5 10 0 5
cfi=(141)
cfn=(1270) 0x00000000000a5d20
calls=1 -74 
* 50 16 8 3 5 0 3
cfi=(141)
cfn=(1252)
calls=1 -74 
* 50 16 8 4 6 0 4 2
cfi=(141)
cfn=(1248)
calls=1 -74 
* 209 53 45 1 0 1 1 0 1
cfi=(141)
cfn=(1246) 0x00000000000a5bc0
calls=1 -74 
* 102 25 21 1 0 1 1 0 1
cfi=(141)
cfn=(1244) 0x00000000000a5ba0
calls=1 -74 
* 102 25 21 1 4 1
cfi=(141)
cfn=(1242) 0x00000000000a5aa0
calls=1 -74 
* 57 9 28 4 4 6 4 3 6
cfi=(141)
cfn=(1224) 0x00000000000a5920
calls=1 -74 
* 72 20 30 5 11 3 5 1 3
-1 36
+3 5 7 0 0 1
fe=(141)
-76 21 2 16 2 0 2 2 0 2
cob=(1)
cfi=(106)
cfn=(401)
calls=2 38 
0 2062 683 262 34 70 1 4 8 1
0 36 4 11 4 2 0 4

fn=(1242)
0 57 9 28 4 4 6 4 3 6

fn=(1288)
0 74 24 12 5 10 0 5

fn=(1054)
0 340 69 70 4 2 3 4
cfn=(1055) std::numpunct<wchar_t>::_M_initialize_numpunct(__locale_struct*)'2
calls=1 0 
0 12 4 4 1 0 0 1
0 13 4 2 0 1 0 0 1
cfn=(869)
calls=1 0 
0 3017 988 469 28 39 9 28 12 2
cfn=(900)
calls=1 0 
0 23 8 5
0 18 4 3 1 0 1 1

fn=(1055)
0 12 4 4 1 0 0 1

fn=(1126)
0 3 0 1 1 0 0 1

fn=(1132)
0 360 8 192 2 0 31 2 0 30
cfn=(838)
calls=8 0 
0 256 104 56
0 32 8

fn=(884)
fi=(142)
132 13 9
-14 3
cob=(2)
cfi=(143) ./nptl/./nptl/cleanup_compat.c
cfn=(890) _pthread_cleanup_pop@@GLIBC_2.34
calls=1 -77 
* 9 3 3 1 0 0 1
+6 2 0 1
fi=(145) ./nptl/../sysdeps/nptl/futex-internal.h
+85 8 0 0 1 0 0 1
fe=(141)
0 7 0 3 1 0 0 1
cob=(1)
cfi=(106)
cfn=(401)
calls=1 38 
0 803 283 118 6 14 0 6 7
0 15 5 3 1 1 0 1 1

fn=(900)
0 1560 536 354 2 23 0 2 12

fn=(1220) 0x00000000000a581c
0 13 9 0 1 0 0 1

fn=(1314)
0 74 24 12 5 9 0 5

fn=(986)
0 11 2 4 3 0 0 3
cfn=(869)
calls=1 0 
0 144 15 53 7 0 0 7
0 4 1
0 4 3

fn=(990)
0 5 1 0 0 1 0 0 1
cfn=(897)
calls=1 0 
0 10438 3143 1433 79 116 29 79 31 8
0 4 1
0 13 1 5 1 0 0 1
cfn=(869)
calls=1 0 
0 43 16 7 1 0 0 1
0 4 1

fn=(1012)
0 118 35 29 5 2 2 5

fn=(1148)
0 120 48 24 2 0 0 2

fn=(822)
0 4 1 0 1 1 0 1

fn=(864)
0 5 1 0 1 1 0 1 1
cob=(1)
cfi=(106)
cfn=(401)
calls=1 38 
0 62364 17751 7735 236 496 91 235 174 68
0 9 2 2 1 1 0 1 1
0 16 1 7 1 1 1 1 0 1
cob=(1)
cfi=(106)
cfn=(401)
calls=1 38 
0 3381 1126 511 29 68 11 28 29 8
0 9 2 2 1 1 0 1

fn=(865) std::ctype<char>::ctype(unsigned short const*, bool, unsigned long)'2
0 28 5 35 1 1 7 1 0 7

fn=(908)
0 465 132 71 5 4 0 5 2
cfn=(909) std::__cxx11::numpunct<char>::_M_initialize_numpunct(__locale_struct*)'2
calls=1 0 
0 12 4 4 1 0 0 1
0 5 1 0 0 1
cfn=(897)
calls=1 0 
0 58257 16482 7196 213 437 86 212 158 63
0 4 1

fn=(909)
0 12 4 4 1 0 0 1

fn=(1140)
0 144 24 56 3 1 0 2 1
cfn=(1148)
calls=7 0 
0 105 42 21
cfn=(1144)
calls=7 0 
0 168 70 42 1
cob=(1)
cfi=(106)
cfn=(401)
calls=2 38 
0 1219 437 207 6 13 0 6 2
cfn=(838)
calls=8 0 
0 256 104 56
0 242 82 4 3 5 0 2
0 12 0 0 1 0 0 1
cfn=(1152)
calls=3 0 
0 273 105 63
cob=(1)
cfi=(106)
cfn=(401)
calls=1 38 
0 871 294 120 3 13 0 3 4
0 21 5 2 1 1 0 1
0 12 0 0 1 0 0 1
cfn=(1160)
calls=3 0 
0 276 105 66
cob=(1)
cfi=(106)
cfn=(401)
calls=1 38 
0 872 294 121 3 12 0 3 4
0 21 5 2 1 1 0 1

fn=(1152)
0 36 4 16 2 0 0 2
cfn=(900)
calls=12 0 
0 144 48 36 0 1
0 144 72 12 1 4 0 1
0 40 16 20

fn=(838)
0 176 0 132 1 0 0 1
cfn=(840)
calls=22 0 
0 69392 20119 8857 288 637 122 282 225 93
0 308 198 22 3 2 1 2

fn=(846)
0 13 2 4 2 0 0 2
cob=(1)
cfi=(106)
cfn=(401)
calls=1 38 
0 68527 19808 8749 280 624 122 276 219 93
0 9 2 2 1 1 0 1 1
0 5 1 2
fi=(92)
cob=(1)
cfi=(106)
cfn=(401)
calls=1 38 
0 614 217 100 1 9 0 1 4
0 4 1 0 1 1

fn=(852)
0 26 2 15 3 1 2 3 0 2
cob=(2)
cfi=(128)
cfn=(534)
calls=1 32 
0 40 0 25 0 0 6 0 0 6
cob=(1)
cfi=(106)
cfn=(401)
calls=3 38 
0 67801 19581 8591 273 613 112 269 216 84
0 60 8 17 4 4 1 4 1 1
0 11 5 2 0 1 1

fn=(868)
0 38 13 10 3 3 0 3
cob=(2)
cfi=(142)
cfn=(872)
calls=2 136 
0 14 6 4
cob=(1)
cfi=(106)
cfn=(401)
calls=1 38 
0 2646 882 368 23 53 3 22 22
0 29 12 2 1 2 0 1 1
0 7 1 1 1 1 0 1
cfn=(897)
calls=1 0 
0 57090 16233 7130 210 429 86 209 156 63
0 4 1
0 12 3 4 2 1 1 2 0 1
cfn=(865)
calls=1 0 
0 28 5 35 1 1 7 1 0 7

fn=(869)
0 126 37 34
cob=(2)
cfi=(142)
cfn=(872)
calls=11 136 
0 77 33 22
0 110 55
0 246 14 99 15 1 0 15
cfn=(897)
calls=1 0 
0 17828 5157 2288 117 189 43 117 59 21
0 4 1
0 13 4 2 1 0 0 1
cob=(1)
cfi=(106)
cfn=(401)
calls=3 38 
0 6713 2175 1031 49 82 18 49 22 3
cfn=(900)
calls=6 0 
0 138 48 30 0 2 0 0 1
0 160 34 29 10 7 3 10 2 2
0 14 4 3 1 0 0 1
cob=(1)
cfi=(106)
cfn=(401)
calls=1 38 
0 2925 960 450 25 36 8 25 11 1
cfn=(900)
calls=1 0 
0 23 8 5 0 1 0 0 1
0 27 5 6 2 2 1 2 0 1
0 2 0 1
cfn=(860)
calls=1 0 
0 4 1
0 9 4 1 1 0 0 1
0 2 0 1
cfn=(860)
calls=1 0 
0 4 1
0 9 4 1 1 0 0 1
0 2 0 1
cfn=(860)
calls=1 0 
0 4 1
0 9 4 1
0 2 0 1
cfn=(860)
calls=1 0 
0 4 1
0 9 4 1

fn=(912)
0 118 35 29 5 3 0 5 3

fn=(920)
0 5 1 0 0 1
cfn=(897)
calls=1 0 
0 51530 14686 6445 177 373 75 176 139 52
0 4 1 0 0 1
0 14 1 7 1 1 1 1 0 1
cob=(1)
cfi=(106)
cfn=(401)
calls=1 38 
0 926 277 157 10 8 0 10 2
cfn=(860)
calls=1 0 
0 4 1
0 17 3 3 2 1 0 2

fn=(1188)
0 12 2 2 1 1 0 1

fn=(1198) 0x00000000000a5680
fi=(93)
73 1
+1 5 1
cfi=(141)
cfn=(1206)
calls=1 -74 
* 3427 1024 561 71 126 17 40 16 16
-1 3
fe=(141)
-73 4 0 2 1 0 0 1
cob=(1)
cfi=(106)
cfn=(401)
calls=1 38 
0 599 214 99 1 7 0 1 3
0 15 5 3 1 1 0 1 1

fn=(1246)
0 8 0 0 1 0 0 1
cob=(2)
cfi=(153)
cfn=(1167)
calls=1 67 
0 90 24 21 0 0 1 0 0 1
0 4 1

fn=(936)
0 11 1 8 1 0 0 1
cfn=(937) std::ctype<wchar_t>::_M_initialize_ctype()'2
calls=1 0 
0 25609 7247 3222 32 72 20 31 40 20
cob=(1)
cfi=(106)
cfn=(401)
calls=1 38 
0 765 269 111 2 36 1 2 12
0 11 2 2 1 1 0 1
0 4 1
fi=(92)
cob=(2)
cfi=(146)
cfn=(940)
calls=1 31 
0 28 10 6 0 2 0 0 1
fe=(141)

fn=(937)
0 2 0 0 1 0 0 1
cfn=(937)
calls=1 0 
0 19978 5697 2340 23 55 18 23 29 18
cob=(2)
cfi=(147)
cfn=(944)
calls=127 30 
0 3302 1143 635
cob=(1)
cfi=(106)
cfn=(401)
calls=1 38 
0 786 278 117 6 16 0 5 10
0 1541 129 130 2 1 2 2 1 2
0 5 0 1
cob=(2)
cfi=(148)
cfn=(948)
calls=255 32 
0 11876 4215 1659 6 7 0 6 5
cob=(1)
cfi=(106)
cfn=(401)
calls=2 38 
0 5514 1223 419 14 46 2 14 24 2
0 2583 259 261 3 2 16 3 0 16

fn=(978)
0 98 22 29 4 1 0 4
cfn=(979) std::__cxx11::moneypunct<wchar_t, true>::_M_initialize_moneypunct(__locale_struct*, char const*)'2
calls=1 0 
0 12 7 0 1 0 0 1
0 5 1 0 0 1
cfn=(897)
calls=1 0 
0 15111 4387 1956 100 157 37 100 50 15
0 4 1 0 0 1

fn=(979)
0 12 7 0 1 0 0 1

fn=(1070)
0 101 22 29 5 0 2 5
cfn=(1071) std::moneypunct<wchar_t, false>::_M_initialize_moneypunct(__locale_struct*, char const*)'2
calls=1 0 
0 12 7 0 1 0 0 1
0 13 4 2 1 1 0 1
cob=(1)
cfi=(106)
cfn=(401)
calls=1 38 
0 1936 648 309 16 23 6 16 6 1
cfn=(900)
calls=1 0 
0 23 8 5
0 27 5 6 2 2 0 2

fn=(1071)
0 12 7 0 1 0 0 1

fn=(1102)
0 11 5 1 1 1 0 1
cfn=(900)
calls=7 0 
0 95 32 23
0 73 31 7 3 3 2 3
0 13 1 5 2 0 0 2
cfn=(869)
calls=1 0 
0 43 16 7
0 4 1

fn=(1136)
0 4 1 0 1 1 0 1
cfn=(1137) std::basic_ios<char, std::char_traits<char> >::init(std::basic_streambuf<char, std::char_traits<char> >*)'2
calls=1 0 
0 3975 1251 829 19 36 32 17 8 30
cfn=(1132)
calls=1 0 
0 81 15 31 0 0 3 0 0 3
0 23 3 7 1 0 1 1
0 7 0 4 1 0 0 1
cob=(1)
cfi=(106)
cfn=(401)
calls=1 38 
0 2794 976 446 16 39 0 15 13
0 9 2 2 1 1 0 1

fn=(1137)
0 4 1 0 0 1 0 0 1
cfn=(1137)
calls=1 0 
0 3645 1154 744 19 34 27 17 7 25
cfn=(1132)
calls=1 0 
0 81 15 31 0 0 5 0 0 5
0 18 2 6
0 4 1 0 1 1 0 1
cfn=(1137)
calls=1 0 
0 3315 1057 659 18 33 23 16 7 21
cfn=(1132)
calls=1 0 
0 81 15 31 0 0 4 0 0 4
0 18 2 6
0 22 3 11 2 0 2 2 0 2
cob=(1)
cfi=(106)
cfn=(401)
calls=1 38 
0 2812 907 515 12 29 12 10 6 10
cfn=(1132)
calls=1 0 
0 81 15 31 0 0 4 0 0 4
cfn=(838)
calls=3 0 
0 96 39 21
0 77 14 33 4 4 5 4 1 5
0 21 0 12
cfn=(1140)
calls=3 0 
0 648 234 132 0 1
0 12 3

fn=(878) 0x00000000000c0ce0
0 9 3 0 2 0 0 2
cob=(1)
cfi=(106)
cfn=(401)
calls=1 38 
0 1629 556 227 10 23 2 10 11
0 9 2 2 1 1 0 1 1

fn=(1244)
0 8
cob=(2)
cfi=(153)
cfn=(1167)
calls=1 67 
0 90 24 21 1 4 1
0 4 1

fn=(1270)
0 50 16 8 3 5 0 3

fn=(1396)
0 5
fi=(154)
cob=(9)
cfi=(154)
cfn=(1402)
calls=1 0 
0 8471 111 4937 46 9 1148 15 3 1130
0 12 2 3 2 0 0 2
cob=(1)
cfi=(106)
cfn=(400)
calls=1 38 
0 768 265 105 10 37 11 7 8 5
0 24 9 2 2 2 0 2

fn=(956)
0 11 1 0 2 0 0 2
cob=(1)
cfi=(106)
cfn=(401)
calls=1 38 
0 4125 738 208 9 21 2 9 14 2
0 9 2 2 1 1 0 1

fn=(957) std::ctype<wchar_t>::_M_convert_to_wmask(unsigned short) const'2
0 94 1
cob=(2)
cfi=(151)
cfn=(961) wctype_l'2
calls=1 26 
0 1682 229 31 0 1 0 0 1
0 4 1
0 25 1 0 1 0 0 1
cob=(2)
cfi=(151)
cfn=(961)
calls=1 26 
0 2109 285 43 0 1 1 0 1 1
0 4 1
0 4 1
cob=(2)
cfi=(151)
cfn=(961)
calls=1 26 
0 1177 161 21
0 4 1
0 10 1 0 1 0 0 1
cob=(2)
cfi=(151)
cfn=(961)
calls=1 26 
0 3143 438 83 2 4 1 2 4 1
0 4 1
0 4 1
cob=(2)
cfi=(151)
cfn=(961)
calls=1 26 
0 3304 465 93 2 4 1 2 4 1
0 4 1
0 4 1 0 1 0 0 1
cob=(2)
cfi=(151)
cfn=(961)
calls=1 26 
0 2932 404 73 1 4 1 1 4 1
0 4 1
0 8 1
cob=(2)
cfi=(151)
cfn=(961)
calls=1 26 
0 2458 334 53 0 3 1 0 3 1
0 4 1
0 4 1
cob=(2)
cfi=(151)
cfn=(961)
calls=1 26 
0 2669 364 63 0 4 1 0 4 1
0 4 1
0 4 1
cob=(2)
cfi=(151)
cfn=(961)
calls=1 26 
0 621 87 11
0 4 1

fn=(966)
0 13 1 6 2 1 1 2 0 1
cfn=(869)
calls=1 0 
0 33 15 6
0 4 1
0 5 1 0 0 1
cfn=(897)
calls=1 0 
0 20530 5821 2561 128 213 50 128 66 28
0 4 1

fn=(982)
0 5 1
cfn=(897)
calls=1 0 
0 12260 3621 1604 83 130 30 83 38 9
0 4 1 0 0 1
0 14 1 7 1 1 0 1
cob=(1)
cfi=(106)
cfn=(401)
calls=1 38 
0 944 279 156 10 8 0 10 5
cfn=(860)
calls=1 0 
0 4 1
0 17 3 3 2 2 0 2 1

fn=(1080)
0 98 22 29 4 0 2 4
cfn=(1081) std::moneypunct<wchar_t, true>::_M_initialize_moneypunct(__locale_struct*, char const*)'2
calls=1 0 
0 12 7 0 1 0 0 1
0 11 4 1 0 1
cob=(1)
cfi=(106)
cfn=(401)
calls=1 38 
0 837 300 142 6 11 2 6 2
cfn=(900)
calls=4 0 
0 92 32 20
0 91 20 18 5 3 2 5 1 1

fn=(1081)
0 12 7 0 1 0 0 1

fn=(896)
0 14 0 11 1 0 0 1
cfn=(897)
calls=1 0 
0 296 59 0 3 1 0 3
cob=(1)
cfi=(106)
cfn=(401)
calls=1 38 
0 620 222 104 2 9 0 2 3
0 33 10 4 5 2 0 5
0 4
cob=(1)
cfi=(106)
cfn=(401)
calls=1 38 
0 60637 17207 7515 224 471 91 223 168 68
0 9 2 2 1 1 0 1

fn=(897)
0 434 0 341
cfn=(897)
calls=31 0 
0 9176 1829 0 0 1
cfn=(900)
calls=31 0 
0 713 248 155 0 12 0 0 10
0 868 279 62 0 4
0 9496 1890 14 5 4 4 5 0 4
cob=(1)
cfi=(106)
cfn=(401)
calls=1 38 
0 59541 16883 7370 219 455 86 218 163 63
0 9 2 2 1 1 0 1
0 12 2 2 1 2 0 1
cfn=(897)
calls=1 0 
0 57880 16403 7176 212 434 86 211 157 63
0 4 1
0 12 2 2 1 1 0 1
cfn=(897)
calls=1 0 
0 57503 16324 7156 211 432 86 210 156 63
0 4 1
0 9 1 2 0 1
cfn=(868)
calls=1 0 
0 57129 16246 7136 211 430 86 210 156 63
0 4 1
0 28 2 18 1 1 3 1 0 3
cfn=(897)
calls=1 0 
0 55725 15842 6964 202 414 83 201 148 60
cob=(1)
cfi=(106)
cfn=(401)
calls=1 38 
0 958 309 128 5 12 0 5 8
0 18 4 2 2 2 0 2
0 28 2 18 1 2 1 1 1 1
cfn=(897)
calls=1 0 
0 54362 15451 6798 194 400 82 193 144 59
cob=(1)
cfi=(106)
cfn=(401)
calls=1 38 
0 956 309 128 5 9 0 5 2
0 18 4 2 2 2 0 2
0 12 2 2 0 1
cfn=(897)
calls=1 0 
0 53985 15372 6778 194 399 82 193 144 59
0 4 1
0 12 2 2 1 0 0 1
cfn=(897)
calls=1 0 
0 53608 15293 6758 193 399 82 192 144 59
0 4 1
0 27 1 27 2 0 6 2 0 6
cob=(1)
cfi=(106)
cfn=(401)
calls=1 38 
0 53211 15214 6711 190 398 76 189 144 53
0 9 2 2 1 1 0 1
0 12 2 2 1 2 0 1
cfn=(897)
calls=1 0 
0 51153 14607 6425 176 370 75 175 138 52
0 4 1
0 12 2 2 1 2 1 1 0 1
cfn=(897)
calls=1 0 
0 50776 14528 6405 175 368 74 174 138 51
0 4 1
0 4
cob=(1)
cfi=(106)
cfn=(401)
calls=1 38 
0 50402 14450 6385 174 367 74 173 137 51
0 9 2 2 1 1 0 1 1
0 4 0 0 1 0 0 1
cfn=(897)
calls=1 0 
0 21606 6143 2692 131 228 52 131 72 30
cob=(1)
cfi=(106)
cfn=(401)
calls=1 38 
0 27719 7985 3562 39 127 22 38 61 21
0 18 4 2 1 3 0 1 1
0 4
cob=(1)
cfi=(106)
cfn=(401)
calls=1 38 
0 21232 6065 2672 130 224 52 130 71 30
0 9 2 2 1 1 0 1
0 24 2 14 2 2 4 2 0 4
cob=(1)
cfi=(106)
cfn=(401)
calls=1 38 
0 20136 5741 2527 125 209 46 125 65 24
0 9 2 2 1 1 0 1 1
0 12 2 2 1 1 0 1
cfn=(897)
calls=1 0 
0 18618 5327 2334 119 193 43 119 60 21
0 4 1
0 12 2 2 1 1 0 1
cfn=(897)
calls=1 0 
0 18241 5248 2314 118 191 43 118 59 21
0 4 1
0 9 1 2 0 1
cfn=(869)
calls=1 0 
0 17867 5170 2294 118 190 43 118 59 21
0 4 1
0 28 2 18 1 0 5 1 0 5
cob=(1)
cfi=(106)
cfn=(401)
calls=1 38 
0 17430 5077 2250 115 188 38 115 59 16
0 9 2 2 1 1 0 1
0 28 2 18 2 2 1 2 0 1
cob=(1)
cfi=(106)
cfn=(401)
calls=1 38 
0 16058 4690 2084 105 168 37 105 52 15
0 9 2 2 1 1 0 1 1
0 12 2 2 1 2 0 1 1
cfn=(897)
calls=1 0 
0 14734 4308 1936 99 154 37 99 49 15
0 4 1
0 12 2 2 0 2 1 0 2 1
cfn=(897)
calls=1 0 
0 14357 4229 1916 99 152 36 99 47 14
0 4 1
0 27 1 27 2 1 6 2 0 5
cob=(1)
cfi=(106)
cfn=(401)
calls=1 38 
0 13960 4150 1869 96 150 30 96 47 9
0 9 2 2 1 1 0 1
0 12 2 2 1 2 1 1 1 1
cfn=(897)
calls=1 0 
0 11883 3542 1584 82 127 29 82 36 8
0 4 1
0 12 2 2 1 1 0 1 1
cfn=(897)
calls=1 0 
0 11506 3463 1564 81 126 29 81 35 8
0 4 1
0 4
cob=(1)
cfi=(106)
cfn=(401)
calls=1 38 
0 11132 3385 1544 81 126 29 81 35 8
0 9 2 2
0 12 2 2 1 1 1 1 1 1
cfn=(897)
calls=1 0 
0 10061 3064 1413 78 115 28 78 30 7
0 4 1
0 12 2 2 1 1 0 1
cfn=(897)
calls=1 0 
0 9684 2985 1393 77 113 28 77 30 7
0 4 1
0 12 2 2 1 2 0 1
cfn=(897)
calls=1 0 
0 9307 2906 1373 76 111 28 76 30 7
0 4 1
0 12 2 2
cfn=(897)
calls=1 0 
0 8930 2827 1353 76 111 28 76 30 7
0 4 1
0 12 0 6 1 0 1 1
cfn=(992) 0x00000000000e2140
calls=1 0 
0 8557 2751 1329 75 111 27 75 30 7

fn=(916)
0 116 35 29 5 0 0 5

fn=(1160)
0 36 4 16 2 0 0 2
cfn=(900)
calls=12 0 
0 144 48 36 0 1
0 144 72 12 1 3 0 1
0 44 16 24

fn=(1172) 0x00000000000a6120
fi=(93)
73 4
+1 20 4
cfi=(141)
cfn=(1198)
calls=1 -74 
* 4054 1244 665 74 134 17 43 20 16
cfi=(141)
cfn=(1196) 0x00000000000a5660
calls=1 -74 
* 4 0 1 0 0 1
cfi=(141)
cfn=(1184) 0x00000000000a55c0
calls=1 -74 
* 847 275 154 5 14 3 4 6 2
cfi=(141)
cfn=(1178) 0x00000000000a6220
calls=1 -74 
* 12 0 0 3 0 0 3
-1 12
fe=(141)
-73 5 0 2 1 0 0 1
cob=(1)
cfi=(106)
cfn=(401)
calls=1 38 
0 754 266 107 2 14 0 0 2
0 15 4 3 2 1 1 1 0 1

fn=(1180) 0x00000000000a6190
0 10 0 0 2 0 0 2

fn=(1196)
0 4 0 1 0 0 1

fn=(1230) 0x00000000000a595c
0 35 10 15 1 4 1 1 0 1
cfn=(1238)
calls=1 0 
0 12 3 7 0 2

fn=(1156)
0 4 1
cfn=(1157) std::basic_ios<wchar_t, std::char_traits<wchar_t> >::init(std::basic_streambuf<wchar_t, std::char_traits<wchar_t> >*)'2
calls=1 0 
0 912 289 227 5 2 8 3 0 7
cfn=(1132)
calls=1 0 
0 81 15 31 0 0 3 0 0 3
0 24 3 8 1 1 1 1
0 7 0 4 1 0 0 1
cfn=(1140)
calls=1 0 
0 1002 338 146 5 14 0 5 4
0 4 1

fn=(1157)
0 4 1 0 0 1
cfn=(1157)
calls=1 0 
0 580 192 140 2 0 4 2 0 3
cfn=(1132)
calls=1 0 
0 81 15 31 0 0 4 0 0 4
0 19 2 7 1 0 0 1
0 4 1
cfn=(1157)
calls=1 0 
0 248 95 53 1 0 0 1
cfn=(1132)
calls=1 0 
0 81 15 31 0 0 4 0 0 3
0 19 2 7 1 0 0 1
0 41 16 16 1 0 0 1
cfn=(1140)
calls=3 0 
0 651 234 135 2 1
0 12 3

fn=(1178)
0 2 0 0 1 0 0 1
cfn=(1180)
calls=1 0 
0 10 0 0 2 0 0 2

fn=(1184)
0 11 0 6 1 0 1 1 0 1
cfn=(1188)
calls=1 0 
0 6 1 1
cob=(2)
cfi=(153)
cfn=(1167)
calls=1 67 
0 90 24 21 0 2 1
cob=(1)
cfi=(106)
cfn=(401)
calls=1 38 
0 603 216 100 1 11 0 1 6
0 43 9 5 3 1 0 2
0 4 1
fi=(92)
cob=(2)
cfi=(153)
cfn=(1167)
calls=1 67 
0 90 24 21 0 0 1 0 0 1
fe=(141)

fn=(1202)
0 4 0 0 1 0 0 1

fn=(1224)
0 25 7 8 4 5 2 4 1 2
cfn=(1230)
calls=1 0 
0 47 13 22 1 6 1 1 0 1

fn=(1340)
0 12 0 3 1 0 0 1
cob=(2)
cfi=(153)
cfn=(1167)
calls=2 67 
0 180 48 42 0 0 1 0 0 1
0 23 5 0 1 0 0 1
0 4 1
fi=(92)
cob=(2)
cfi=(153)
cfn=(1167)
calls=1 67 
0 90 24 21
fe=(141)

fn=(992)
0 7 2 0 1 0 0 1
cfn=(900)
calls=8 0 
0 96 32 24 0 3
0 96 37 8 4 5 1 4
0 25 4 15 2 0 1 2 0 1
cob=(1)
cfi=(106)
cfn=(401)
calls=1 38 
0 8324 2674 1280 67 103 25 67 30 6
0 9 2 2 1 0 0 1

fn=(996)
0 465 132 71 5 1 2 5
cfn=(997) std::numpunct<char>::_M_initialize_numpunct(__locale_struct*)'2
calls=1 0 
0 12 4 4 1 0 0 1
0 14 5 1 1 1 0 1
cfn=(869)
calls=1 0 
0 7052 2272 1097 60 91 21 60 25 5
cfn=(900)
calls=1 0 
0 23 8 5 0 1
0 17 3 3 0 1 1 0 0 1

fn=(997)
0 12 4 4 1 0 0 1

fn=(828)
0 8 0 3 1 0 0 1
cob=(1)
cfi=(106)
cfn=(400)
calls=1 38 
0 78935 23257 10684 347 776 172 334 259 137
0 9 2 2 1 2 0 1 1
0 5 1 2
fi=(92)
cob=(1)
cfi=(106)
cfn=(400)
calls=1 38 
0 6634 2095 1066 102 206 24 61 37 21
0 4 1

fn=(860)
0 28 7 0 1 1 0 1

ob=(2)
fl=(98)
fn=(364)
56 14 0 14 2 0 0 1
-26 14
+5 4
-3 10 5 0 2 2 0 1
+32 5 10
-32 5 5
+32 5
-27 4 2 0 1 0 0 1
+27 2 4
-27 2 2 0 0 1
+27 2

fl=(133)
fn=(618)
72 44 0 0 2 0 0 1
+1 44
+1 44
+1 44
+1 44
+1 44
+1 44
+1 11 0 0 2 0 0 1
+7 11 11 0 0 2 0 0 2
+1 11 11
+2 11
+1 11
+1 11
+1 11
+1 11
+1 11
+1 11
+1 11
+5 14
+1 14
+4 14
+1 14
+1 14
+1 14 0 0 2 0 0 1
+1 14
+1 14
+1 14
+3 14
+1 14
+1 14
+1 14
-12 1
+1 1
+1 1
+1 1
+1 1
+1 1
+1 1
+3 1
+1 1
+1 1
+1 1
+74 33 0 0 2 0 0 1
+1 33
+4 36 36 0 0 12 0 0 12
+1 36 36 0 0 1 0 0 1
+1 36
+1 36
+1 36
+1 36
+2 29
+1 29
+4 4
+32 4 0 0 1 0 0 1
+1 4
+1 4
+1 4
+1 4 4
+1 4 8
+1 4
+1 4
+2 4
+4 4
+1 4
+1 4 0 0 2 0 0 1
+1 4
+1 4
+1 4
+1 4
+1 4
+1 4
+1 4
+1 4
+2 1 1
+3 1
+10 1
+1 1
+1 1
+1 1
+4 1
+1 1 0 0 1 0 0 1
+1 1
+1 1
+1 1

fl=(79)
fn=(290)
41 2 1 0 1 1 0 1
+21 2 0 2
-19 2 1
-2 1 1
+5 1 1
+2 1 0 0 1 0 0 1
-2 1
+7 2
+3 2
+6 1 2 0 1 0 0 1
-3 2
+3 1

fl=(101) ./string/../sysdeps/aarch64/strrchr.S
fn=(370) rindex
57 1 0 0 1 0 0 1
+2 1
+1 1
+1 1
+1 1 1 0 0 1 0 0 1
+1 1
+1 1
+1 1
+1 1
+1 1
+1 1
+1 1
+1 1
+1 1
+1 1
+1 1
+46 1 0 0 1 0 0 1
+1 1
+3 1 0 0 1 0 0 1
+1 1
+1 1
+1 1 1
+1 1
+1 1
+1 1
+1 1
+1 1
+1 1
+1 1
+2 1
+1 1
+1 1
+1 1
+1 1
+1 1 0 0 1 0 0 1
+1 1
+1 1
+1 1
+1 1
+1 1
+1 1
+1 1

fl=(143)
fn=(890)
41 1
-1 1 0 2
+3 1
-3 1
+3 2 1 1 1 0 0 1
+4 1
+2 2 2

fn=(876) _pthread_cleanup_push@@GLIBC_2.34
26 1 0 0 1 0 0 1
-1 1 0 2
+5 1
-5 1
+5 1 1 0 0 1 0 0 1
-1 1 0 2
+1 1 0 1
+2 1 0 1
+1 2 2

fl=(78)
fn=(288)
41 4 2 0 2 1 0 1
+23 4 0 4
-21 4 2 0 0 1
-2 2 2
+5 2 2
-5 2 2
+7 2
-2 2
+6 4
+3 4 0 0 2 0 0 1
+6 12
+3 4 4

fl=(157) ./setjmp/../sysdeps/aarch64/setjmp.S
fn=(1372) _setjmp
30 1 0 0 1 0 0 1
+1 1
+1 1
cfn=(1374) __sigsetjmp
calls=1 +8 
* 32 7 25 3 0 0 3

fn=(1374)
40 1 0 2 1 0 0 1
+1 1 0 2
+1 1 0 2
+1 1 0 2
+1 1 0 2
+3 4 2
+1 1 0 2
+7 1
+1 1 0 2
+1 1 0 2
+1 1 0 2
+1 1 0 2
+2 1 0 0 1 0 0 1
+1 4 2
+1 1 0 1
+10 1
cfi=(158) ./setjmp/./setjmp/sigjmp.c
cfn=(1376) __sigjmp_save
calls=1 -45 
* 10 3 4 1 0 0 1

fl=(153)
fn=(1166)
67 2 0 4 1 0 0 1
+1 4
-1 2
+2 2 4 0 1 0 0 1
-1 2
cfn=(1168) __internal_atexit
calls=2 -32 
* 5901 1838 971 98 170 24 59 32 21

fn=(1167)
67 10 0 20 1
+1 20
-1 10
+2 10 20
-1 10
cfn=(1169) __internal_atexit'2
calls=10 -32 
* 840 220 190 0 6 7 0 0 5

fn=(1170) __new_exitfn
80 12 0 24 1 0 0 1
+6 12
-6 36 0 24
+6 24 12 0 0 2 0 0 1
+5 12 12 0 0 1 0 0 1
-10 12
+10 36
+2 12 12 0 1 3 0 1 1
+1 12
-1 23
+1 44 11 0 0 1
-3 1 1
+10 1 0 1
-10 2
+13 22
+25 11
+1 11
-1 11
+1 11 0 11
+7 11
-1 22 0 11 0 0 1
+1 11 11
+4 11 22
-4 11
+4 11 22
-4 11 0 11
+4 11
-18 1 0 0 1 0 0 1
-1 1
+1 1 0 1
+11 1
cfn=(1171) __new_exitfn'2
calls=1 +3 
* 9 5 2 1 0 0 1
-90 1
+2 1
+6 2 1 0 0 1
+4 1
+1 2 1 0 1 0 0 1
-2 1 0 2 0 0 1 0 0 1
-3 1 1
+5 1
-5 1
+1 1 0 2
+4 1
cfi=(97)
cfn=(532) __aarch64_swp4_rel
calls=1 -57 
* 6 2 1 1
* 2
+1 1
+1 4 6

fn=(1171)
137 1 0 0 1 0 0 1
-1 2 0 1
+1 1 1
+4 1 2
-4 1
+4 1 2
-4 1 0 1
+4 1

fn=(1168)
fi=(93)
73 1 0 0 1
+1 5 1 0 0 1 0 0 1
cob=(8)
cfi=(141)
cfn=(1172)
calls=1 -74 
* 5727 1793 932 87 163 22 52 28 19
-1 3 0 0 1
fe=(153)
-37 8 0 12 1 0 0 1
+5 2
+2 18 2 0 1 1 0 1
cfi=(97)
cfn=(518) __aarch64_cas4_acq
calls=2 -43 
* 12 2 2 1 1 1 0 0 1
* 2
+1 4
cfn=(1170)
calls=2 +36 
* 93 29 20 6 4 1 5 3 1
* 1
+2 1
+6 2 1
+4 1
+1 2 1
-2 1 0 2
-3 1 1
+5 1
-5 1
+1 1 0 2
+4 1
cfi=(97)
cfn=(532)
calls=1 -57 
* 6 2 1
* 2
+1 1
+1 4 6

fn=(1169)
36 40 0 60
+5 10
+2 90 10
cfi=(97)
cfn=(518)
calls=10 -43 
* 60 10 10 0 0 1
* 10
+1 20
cfn=(1170)
calls=10 +36 
* 350 90 70 0 4 1
* 10
+2 10
+6 20 10 0 0 2
+4 10
+1 20 10
-2 10 0 20 0 0 5 0 0 5
-3 10 10
+5 10
-5 10
+1 10 0 20
+4 10
cfi=(97)
cfn=(532)
calls=10 -57 
* 60 20 10
* 20
+1 10
+1 40 60

fl=(152)
fn=(962)
46 50 0 0 2 0 0 1
+5 50
+1 50
+58 50 0 0 2 0 0 1
+1 50
+1 50
+9 50 0 0 2 0 0 1
+1 50 50
+1 50 50
+1 50 50
+1 50 50
+1 50
cfn=(963) bcmp'2
calls=50 -33 
* 450

fn=(963)
93 50
+1 50
+1 50
+5 50
+1 50
+2 50
+1 50
+1 50
+1 50

fl=(116)
fn=(488)
72 2 0 0 1
+5 2
+1 2
+1 2
+1 2
+1 2
+1 2
+3 2
+1 2
+9 2
+9 2 0 0 1
+1 2 2
+1 2 2
+1 2 0 2
+1 2 0 2
+1 2

fn=(486) __GI_memmove
95 1 0 0 1 0 0 1
+9 1 0 0 1 0 0 1
+9 1
+9 1 0 0 1 0 0 1
+67 1 0 0 1 0 0 1
+5 1
+1 1
+1 1
+1 1
+1 1
+1 1
+3 1
+1 1

fl=(131)
fn=(558)
35 1 0 2 1 0 0 1
+2 1
-2 1
+2 3 0 0 1 0 0 1
-1 2
+2 8 1
-1 2
+3 2 2

fl=(150) ./iconv/./iconv/gconv_simple.c
fn=(952) __gconv_btwoc_ascii
49 128 0 256 1 0 0 1
+2 128
-2 256
+5 384 256

fl=(77)
fn=(286)
41 2 1 0 1 1 0 1 1
+21 2 0 2
-19 2 1 0 0 1 0 0 1
-2 1 1
+5 1 1
+2 1
-2 1
+7 2
+3 2 0 0 1 0 0 1
+6 1 2 0 1 0 0 1
-3 2 0 0 1 0 0 1
+3 1

fl=(125) ./malloc/./malloc/morecore.c
fn=(524) __glibc_morecore
26 6 2 0 2 0 0 1
-1 4 0 4 0 0 1 0 0 1
+4 2
cfi=(126) ./misc/./misc/sbrk.c
cfn=(526) sbrk
calls=2 +8 
* 96 28 19 13 2 2 7 2 1
+1 2 0 0 1
+4 2 2
fi=(122)
2710 1 2
-1 1
+1 1
2008 1
2711 1
2008 4 1
2712 1 0 0 1 0 0 1
+3 1
+29 2
+2 1 1
-2 2 1
+1 3 0 1 1 0 0 1
cfn=(523) sysmalloc'2
calls=1 +1 
* 116 34 17 9 0 2 9 0 2
fe=(125)

fn=(525) __glibc_morecore'2
26 3 1
-1 2 0 2
+4 1
cfi=(126)
cfn=(526)
calls=1 +8 
* 19 8 5
+1 2
+4 2 2

fl=(147)
fn=(944)
30 1280 256 640 2 1 0 2
+9 256
+6 128
-1 256
+35 1408 896 0 1 0 0 1

fl=(75)
fn=(274)
34 12 4 2 2 1 0 2

fl=(119) ./stdlib/../stdlib/strtol_l.c
fn=(494) ____strtoul_l_internal
238 3 0 4
+19 1
-19 3 0 2
+14 1 1 0 0 1
-14 3 0 3 1 0 0 1
+54 1
-28 1
+31 3
+9 1 1
-3 1 0 0 1 0 0 1
+3 4 2 0 0 2 0 0 2
+2 1
+5 3 0 2
+6 1
-7 1
+7 2 0 0 1 0 0 1
+3 3 1
+25 3
-87 1
390 1
+1 1
-1 1
+1 1
+60 2
-61 1 1 0 1 1 0 1 1
+1 1 1 0 0 1 0 0 1
+60 2
+26 1
+1 1
+11 1
-95 1
-1 1
+84 1 1 0 0 1 0 0 1
+1 2 1
cfn=(495) ____strtoul_l_internal'2
calls=1 -25 
* 38 13 1 2 1 0 2 1
327 1 0 0 1 0 0 1
+15 2
-20 2 0 0 1 0 0 1
+5 2 0 0 1 0 0 1
fi=(112) ./misc/../sysdeps/unix/sysv/linux/getsysstats.c
181 1 1
-1 1
+1 2
+3 2
-25 1 1
-1 1
+1 2 0 0 1 0 0 1
+7 3 1
+12 3
+3 4 2
fi=(121) ./misc/../sysdeps/unix/sysv/linux/not-cancel.h
75 2
cfi=(120) ./io/../sysdeps/unix/sysv/linux/close_nocancel.c
cfn=(496) __close_nocancel
calls=1 -50 
* 9 2 2 2 0 0 2
+1 1
cfi=(112)
cfn=(477) read_sysfs_file'2
calls=1 190 
* 13 9
fe=(119)

fn=(495)
484 2
+6 1
-41 2 1
+2 3
+2 8 0 0 1 0 0 1
+7 1
+17 3 1 0 0 1 0 0 1
+4 2 0 0 1 0 0 1
+3 2
+11 2
+5 1
+1 1 0 1
+23 2
-11 2 2
+33 6 9

fl=(97)
fn=(360)
fi=(93)
73 2
+1 10 2
cfi=(102) ./libio/./libio/vtables.c
cfn=(372) check_stdfiles_vtables
calls=1 546 
* 31 15 2 2 3 0 2 3
cfi=(99) ./csu/./csu/init-first.c
cfn=(366) _init_first
calls=1 -28 
* 92 20 13 9 4 3 9 4 3
-1 6
fe=(97)
-73 5 0 2 1 0 0 1
cfi=(98)
cfn=(364)
calls=1 56 
0 9 4 2 2 0 0 2
0 10 3 1 1 1 0 1 1

fn=(532)
0 78 26 13 2 0 0 1

fn=(518)
0 84 14 14 3 1 2 1 0 1

fn=(772) __aarch64_cas8_acq
0 12 2 2 1 1 0 1

fl=(130)
fn=(550)
30 1 0 0 1 0 0 1
+3 6 1 0 1 1 0 1 1
+2 2
+4 1
-9 1 0 2
fi=(137)
+29 1
fe=(130)
-29 1
fi=(137)
+29 3
cfi=(128)
cfn=(534)
calls=1 -27 
* 12 0 0 1 0 0 1
fe=(130)
-18 1
+1 2 2 0 1 0 0 1

fl=(89) ./resource/../sysdeps/unix/sysv/linux/getrlimit64.c
fn=(322) getrlimit
38 1 0 2 1 0 0 1
+1 2
-1 1
+1 6
+1 2 2

fl=(140)
fn=(770)
25 18 0 16 1 0 0 1
+2 2
+2 2 2 0 0 1 0 0 1
+2 8
-2 1 1 0 0 1 0 0 1
+2 4
-4 4
+6 8 0 0 1 0 0 1
cfi=(97)
cfn=(772)
calls=2 -33 
* 12 2 2 1 1 0 1
* 4
+4 2
+6 2
-6 4 0 2
+3 2 0 2 0 0 1 0 0 1
+8 10 16 0 1 0 0 1

fl=(126)
fn=(526)
fi=(125)
30 2 0 0 1 0 0 1
+4 2 2
fe=(126)
+3 3 0 6 2 0 0 1
+6 3
-6 3
+6 3 3
-6 3 0 3
+3 6 3 0 0 2 0 0 2
-3 6 0 6
+3 3 3
+3 3
+35 5 5
-20 3 0 0 2 0 0 1
+4 4
+4 3
+8 1 0 0 1
cfi=(127) ./misc/../sysdeps/unix/sysv/linux/brk.c
cfn=(528) brk
calls=1 -38 
* 13 3 3 2 0 1 0 0 1
* 1
+4 5 5 0 1
-19 2 0 0 1 0 0 1
cfi=(127)
cfn=(528)
calls=1 -23 
* 13 3 3 2 0 1 2
* 1
+4 2 1
cfn=(527) sbrk'2
calls=1 -1 
* 25 8 3 1 0 0 1

fn=(527)
62 2
+4 3
+8 1 0 0 1 0 0 1
cfi=(127)
cfn=(528)
calls=1 -38 
* 13 3 3
* 1
+4 5 5

fl=(114) ./string/../sysdeps/aarch64/multiarch/../memchr.S
fn=(482) __GI_memchr
59 2 0 0 1 0 0 1
+3 2
+1 2
+1 1 1
+1 1
+1 1
+1 1
+1 1
+1 1
+1 1
+1 1
+2 1
+1 1
+1 1
+1 1
+1 1
+1 1 0 0 1 0 0 1
+45 1 0 0 1 0 0 1
+1 1 0 0 1 0 0 1

fl=(136)
fn=(674)
29 6 3 0 2 2 0 1
-1 6 0 6
+1 6 3 0 0 2
+1 3 6
-1 3
cfi=(134)
cfn=(650)
calls=3 -4 
* 700 218 21 10 31 0 2 4

fl=(159)
fn=(1384)
89 4 0 0 1 0 0 1
+2 4
+1 4
+1 4
+3 4 8 0 0 2 0 0 2
+1 4
+10 4
+1 4
+1 4
+1 4
+1 4
+1 4
+1 4
+1 4
+4 4
+1 4
+1 4 0 0 1 0 0 1
+1 4
+1 4
+1 4
+1 4

fl=(160)
fn=(1400)
38 3 2 0 1 1 0 1 1
+2 1
+28 3 0 0 1 0 0 1
+1 1
-25 2

fl=(155)
fn=(1352)
242 11 0 11 1 0 0 1
+69 2
+1 3
cfi=(153)
cfn=(1166)
calls=1 67 
* 90 24 21
+25 5 2 0 1 1 0 1
+6 3 2 0 0 2
-3 1
128 3 2 0 1 2 0 1
+6 2 1
+1 7 2 0 1 1 0 1 1
cob=(3)
cfi=(92)
cfn=(1354)
calls=1 0 
* 10 3 2 3 0 0 2
+3 1 1 0 0 1
+1 1
+3 1 1
+1 1 1
-1 1 1 0 0 1 0 0 1
+1 1 1
-1 1
+1 1
+1 5
cfn=(1353) __libc_start_main@@GLIBC_2.34'2
calls=1 +1 
* 9708 467 5126 96 56 1161 57 17 1135

fn=(1353)
350 2 1
cfi=(156) ./csu/../sysdeps/nptl/libc_start_call_main.h
cfn=(1370) (below main)
calls=1 29 
* 9665 459 5122 90 53 1161 51 15 1135
cob=(1)
cfi=(42)
cfn=(1368)
calls=1 118 
* 11 5 4 1 1 0 1 1
* 9 1 0 1 1 0 1
145 5 1 0 1 1 0 1 1
cob=(9)
cfi=(154)
cfn=(1360)
calls=1 0 
* 12 0 0 3 0 0 3
-1 4
cfn=(1353)
calls=1 350 
* 9687 466 5126 92 55 1161 53 16 1135

fl=(99)
fn=(366)
46 1 0 2 1 0 0 1
+5 1
-5 1
+5 1 1
-5 3 0 2
+5 1
+4 8 4 0 1 2 0 1 2
+8 2 1
-2 2
+10 1
-10 1 0 1 0 0 1 0 0 1
+10 1
-8 1 0 1 0 0 1 0 0 1
-1 1 0 1
+10 2 4
-1 1
cfi=(100) ./misc/./misc/init-misc.c
cfn=(368) __init_misc
calls=1 -40 
* 64 10 6 7 2 1 7 2 1

fl=(112)
fn=(480) next_line
59 4 0 4 1 0 1 1
+2 1 1
-2 2 0 2
+1 1 1
-1 2 0 2
+2 3 0 0 1 0 0 1
-2 3 0 2
+2 2
cfi=(114)
cfn=(482)
calls=1 -2 
* 5 0 0 3 0 0 3
+1 1
+2 2 0 0 1 0 0 1
+2 2
fi=(115) ./misc/../string/bits/string_fortified.h
-30 4
cfi=(116)
cfn=(486)
calls=1 189 
* 13 0 0 4 0 0 4
fe=(112)
+33 1 1
+3 1
-3 4 1 1 1 0 0 1
+1 1 0 1
+2 3 1
cfi=(117) ./io/../sysdeps/unix/sysv/linux/read_nocancel.c
cfn=(490) __read_nocancel
calls=1 -47 
* 9 2 2 2 0 0 2
+1 1
+3 1 0 2
+2 1
-2 3 1 1
+2 4 1 0 1 0 0 1
cfi=(114)
cfn=(482)
calls=1 -19 
* 17 1 0 1 0 0 1
* 1
+1 1
+23 3 2 0 1 0 0 1
cfn=(481) next_line'2
calls=1 * 
* 13 11 1
+51 1
+1 4 0 1 1 0 0 1
cfn=(477)
calls=1 +4 
* 159 42 16 14 7 0 14 6

fn=(481)
102 1 0 1
+1 3 1
+2 2
+1 7 10

fn=(474) get_nprocs_conf
fi=(111) ./posix/../sysdeps/posix/sysconf.c
630 2
cfi=(109)
cfn=(469) sysconf'2
calls=1 50 
* 11 7
fe=(112)
230 1 0 2 1 0 0 1
+1 2
-1 1 0 0 1 0 0 1
+1 1
cfn=(476) read_sysfs_file
calls=1 -92 
* 334 76 49 37 7 3 37 6

fn=(476)
139 8 1 7 2 0 0 2
+4 1
+5 1
+2 1
-11 3 1 1
+5 1 0 2 0 0 1
+4 1
cfi=(113) ./io/../sysdeps/unix/sysv/linux/open64_nocancel.c
cfn=(478) __open_nocancel
calls=1 28 
* 33 7 4 3 0 1 3
+3 2
+2 7 0 0 1 0 0 1
cfn=(480)
calls=1 -94 
* 273 65 35 31 7 1 31 6
+79 1
+5 2 2

fn=(477)
190 13 9
-32 4
cfi=(118) ./stdlib/../stdlib/strtol.c
cfn=(492) __isoc23_strtoul
calls=1 -33 
* 155 42 16 14 7 0 14 6

fl=(149) ./elf/./elf/libc-dl-profstub.c
fn=(950) _dl_mcount_wrapper_check
37 256 128 0 1 1 0 1
-1 128
+1 256 128
+1 128 0 0 1 0 0 1

fl=(158)
fn=(1376)
28 4 0 3
+2 1
-1 1 0 1
+5 4 3 0 1 0 0 1

fl=(113)
fn=(478)
28 11 2 4 2 0 1 2
+3 7
+8 5
+2 10 5 0 1 0 0 1

fl=(151)
fn=(960)
0 4 0 1
fi=(141)
cob=(8)
cfi=(141)
cfn=(957)
calls=1 0 
0 3322 467 93 3 4 1 3 4 1
fi=(141)
0 4 1
fe=(151)
0 5 0 1 0 0 1 0 0 1
26 5 0 6 1 0 0 1
+7 1
-7 2 0 2
+3 1
cfi=(135) ./string/../sysdeps/aarch64/multiarch/../strlen.S
cfn=(652) __GI_strlen
calls=1 +21 
* 13 1 0 0 1 0 0 1
+3 1 1
-3 1
+3 1 1 0 0 1 0 0 1
+1 1
cfn=(961)
calls=1 +2 
* 53 15 0 5 3 0 5 3

fn=(961)
0 33 0 6
fi=(141)
cob=(8)
cfi=(141)
cfn=(957)
calls=7 0 
0 15114 2066 346 5 17 5 5 17 5
fi=(141)
0 37 7 2
fe=(151)
0 42 0 9 0 0 1 0 0 1
fi=(141)
cob=(8)
cfi=(141)
cfn=(957)
calls=3 0 
0 1852 252 32
fi=(141)
0 23 11 1
fe=(151)
0 12 0 3
26 45 0 54
+7 9
-7 18 0 18
+3 9
cfi=(135)
cfn=(652)
calls=9 +21 
* 117 9 0 0 2 0 0 2
+3 9 9
-3 9
+3 9 9
+1 9
cfn=(961)
calls=9 +2 
* 2748 404 0 0 2 0 0 2
+7 48
-7 48
+7 48
+1 96 48
-6 116 0 0 1 0 0 1
cfi=(135)
cfn=(652)
calls=58 +15 
* 907 75 0 0 2 0 0 2
* 58
+2 312
cfi=(152)
cfn=(962)
calls=49 +9 
* 1029 196 0 3 0 0 3
* 49
+8 10 10 0 0 1 0 0 1
+2 10 20
-2 10
+2 10 20
-1 10 0 0 1 0 0 1
+1 10 20
-1 10 10 0 0 2 0 0 2
+1 20 20

fl=(91) ./nptl/./nptl/pthread_mutex_conf.c
fn=(326) __pthread_tunables_init
55 1 0 0 1 0 0 1
+1 1
-1 2 1
+1 1
-1 3 0 3
+1 2
-1 3 1 1
+1 2
cob=(1)
cfi=(12)
cfn=(33)
calls=3 390 
* 69 15 9 3 6 0 3 6
* 33 9 0 3 1 0 3 1
fi=(87)
-7 11 6
fe=(91)

fl=(88) ./ctype/./ctype/ctype-info.c
fn=(320) __ctype_init
31 3 1 0 1 1 0 1 1
-2 1 0 2
+2 2 1 0 1 1 0 1 1
-2 1
+2 1 1 0 0 1
+2 2 1 0 0 1 0 0 1
+2 2 1 0 0 1 0 0 1
-4 1 1 0 0 1 0 0 1
+2 1 2 0 0 1 0 0 1
+2 3 1 1
-4 1
+2 1
-2 1 0 1 0 0 1
+2 1 0 1 1 0 0 1
+3 2 2

fl=(128)
fn=(534)
32 4 0 0 1
+5 4
+1 4
+2 4
+1 4
+1 1
+1 1
+1 1
+3 1
+5 1
+4 1 0 0 1 0 0 1
+4 1
+24 3 0 0 1
+1 3
+1 3 0 3 0 0 3 0 0 3
+1 3
+1 3
+1 3
+2 3
+1 3
+1 3
+1 3 0 6 0 0 2 0 0 2
+1 3 0 6 0 0 1 0 0 1
+2 3 0 0 1
+1 3
-4 1062 0 2124 0 0 8 0 0 8
+1 1062 0 2124 0 0 1054 0 0 1054
+2 1062
+1 1062
+1 3 0 6
+1 3 0 6 0 0 2 0 0 1
+1 5
+5 2
+1 2

fl=(120)
fn=(496)
25 1 0 2 1 0 0 1
+1 2
-1 1
+1 3 0 0 1 0 0 1
+1 2 2

fl=(102)
fn=(372)
fi=(93)
73 3
+3 5 7
fe=(102)
546 2 1 0 1 0 0 1
-1 1 0 2
+1 1
-1 1
+1 5 1 0 0 1 0 0 1
+1 5 2 0 1 1 0 1 1
+1 6 2 0 0 1 0 0 1
cfn=(373) check_stdfiles_vtables'2
calls=1 +2 
* 2 2

fn=(373)
550 2 2

fl=(135)
fn=(652)
50 81 0 0 1 0 0 1
+2 81
+1 81 81 0 0 4 0 0 4
+1 81
+1 81
+1 81
+1 81
+1 81
+1 81
+2 59
+1 59
+1 59
+1 59
+4 22 22 0 1 4 0 1 4
+1 22
+1 22
+1 22
+1 22
+8 22
+1 22
+1 22
+2 22
+2 22
+1 22 0 0 1 0 0 1
+1 22
+1 22

fl=(76)
fn=(276)
34 26 8 4 2 0 0 2

fl=(137)
fn=(730)
59 1 0 0 1 0 0 1
fi=(139) ./nptl/./nptl/pthread_attr_init.c
-27 4 0 3 1 0 0 1
fe=(137)
+27 2 0 4 0 0 1 0 0 1
fi=(139)
-13 1
cfi=(138) ./misc/../sysdeps/unix/sysv/linux/getpagesize.c
cfn=(732) getpagesize
calls=1 -18 
* 5 2 0 1 1 0 1
* 2 0 1
+3 4 3
fe=(137)

fl=(144)
fn=(888)
43 16 2 13 2 0 0 2
+12 2
277 16 15 0 1 0 0 1
63 1 0 0 1 0 0 1
+3 2 0 0 1 0 0 1
-10 1
+10 2
+7 4 2 0 1 0 0 1
+2 1
-2 1

fl=(122)
fn=(530) alloc_perturb
1984 5 0 10 2 0 0 1
+1 5
-1 5
+1 10 5 0 2 0 0 1
+2 10 10

fn=(522) sysmalloc
2532 10 2 4 4 0 1 2 0 1
+20 4 2
-20 18 2 14 0 0 1 0 0 1
+20 2 2
+11 2
+1 8 2 0 2 2 0 1 1
-11 6 0 10
+35 4 2
+1 4 2
+1 2
+9 10 0 0 1
+6 6 0 0 1 0 0 1
+3 8
+61 2 0 0 2 0 0 1
+8 2 2
-8 2 2
+9 2
+13 2 2
-22 4
+9 4
+13 2 0 0 2 0 0 1
+8 10 0 2
+8 4
+2 6 0 4 2 0 0 1
cfi=(125)
cfn=(524)
calls=2 26 
* 247 71 41 27 2 5 19 2 4
+1 1 2
-1 1
+1 1
2008 1
2711 1
2008 4 1
2712 1 0 0 1
+3 1
+29 2
+2 1 1
-2 3 1
+2 1
+6 2 0 0 1
-6 3 1 1
+6 1
+1 1
2926 1 1
2753 3 0 1
cfn=(523)
calls=1 2921 
* 35 17 4 3 0 1 0 0 1
4481 2
+1 2
+1 4
cfn=(521) _int_malloc'2
calls=2 * 
* 34 30 4 5 0 0 4

fn=(523)
2921 6 2 0 2 0 0 1
+1 2 0 2
+5 4 2
+3 4 0 0 2 0 0 1
+5 2
-2 2
+2 2
-3 2
+3 2
+1 2
+2 2 4
-3 2
-1 2 0 2
+1 4 0 2
+3 4 4
-2 2 0 2 0 0 2 0 0 2
+8 26 22 0 2 0 0 1
2755 6 1 0 1 0 0 1
+34 1
+6 2
+22 1 0 0 1 0 0 1
+1 1
-1 1
+1 6
+2 1
+1 3 0 2
cfi=(125)
cfn=(525)
calls=1 26 
* 29 11 7
+12 1 2 0 1 0 0 1
-12 1
+12 1
2008 7 1
cfn=(523)
calls=1 2875 
* 45 18 7 4 0 2 4 0 2
2746 1
+6 2 0 0 1 0 0 1
-6 3 1 1
+6 1
2875 1
+1 3 0 0 1 0 0 1
+1 1 1
-2 1 0 1
+1 1 0 1 0 0 1 0 0 1
+1 2 0 1
+11 1
2695 1 0 0 1 0 0 1
+88 2
cfn=(523)
calls=1 +34 
* 97 32 16 6 0 2 6 0 2

fn=(516) tcache_init.part.0
3242 3 0 4 1 0 0 1
+9 3 1 0 1 0 0 1
-9 1 0 2
+9 6 1
cfi=(97)
cfn=(518)
calls=1 0 
* 6 1 1 1 0 0 1
* 1
+1 3
cfn=(520) _int_malloc
calls=1 3846 
* 407 103 66 45 3 3 45 3 2
fi=(128)
32 1 0 0 1 0 0 1
+5 1
+1 1
+2 1
+1 1
+43 1 0 0 1 0 0 1
+1 1
+1 1 0 1
+1 1
+1 1
+1 1
+2 1
+1 1
+1 1
+1 1 0 2
+1 1 0 2 0 0 1 0 0 1
+2 1
+1 1
-4 8 0 16
+1 8 0 16 0 0 8 0 0 8
+2 8
+1 8
+1 1 0 2
+1 1 0 2
+1 2 0 0 1 0 0 1
+5 1
+1 1
fe=(122)

fn=(588)
3699 1 0 2 1 0 0 1
+10 1
-10 2 0 2
+10 5 0 0 1 0 0 1
+8 7 1 6
+3 6 2 0 0 1
+2 3 1 0 1 0 0 1
+10 2 0 0 1 0 0 1
+1 1
+21 1
-22 1 1
+22 1
-21 1 1
+21 1
cfn=(520)
calls=1 +92 
* 190 49 19 9 1 1 8 0 1
fi=(128)
32 1
+5 1
+1 1
+2 1
+1 1
+43 1
+1 1
+1 1 0 1 0 0 1 0 0 1
+1 1
+1 1
+1 1
+2 1
+1 1
+1 1
+1 1 0 2
+1 1 0 2
+2 1
+1 1
+1 1 0 2
+1 1 0 2
+1 1
fe=(122)

fn=(589) calloc'2
3807 1
+2 2 0 0 1 0 0 1
+2 2
fi=(132) ./malloc/../string/bits/string_fortified.h
59 2 2 0 1 0 0 1
fe=(122)
3837 1 2
fi=(132)
59 3 4
fe=(122)
3837 1 2
fi=(132)
59 1
fe=(122)

fn=(520)
3846 15 0 20 2 0 1 1 0 1
1326 5
+10 50 5 30 2 0 0 1
+9 19
3887 4
1794 4 4
3914 8
+65 2 0 2 1 0 0 1
-63 2
+3 2 1
+2 1
+56 6 0 0 2 0 0 1
+62 16 0 4
3887 1 0 0 1 0 0 1
+27 8 1 2 2 0 0 2
1345 1
3919 1 1
+2 1
+9 10 4
cfn=(521)
calls=2 +50 
* 224 54 14 2 1 1 1 0 1
4039 16 0 0 1 0 0 1
cfn=(521)
calls=2 +1 
* 360 99 42 35 13 6 0 1 6
+31 1 0 0 1 0 0 1
-91 4
cfn=(521)
calls=1 +1 
* 356 93 54 39 3 3 39 3 2
3252 1
+1 1
+8 3 0 0 1 0 0 1
cfi=(97)
cfn=(532)
calls=1 0 
* 6 2 1 1 0 0 1
* 2
+9 1
fi=(132)
59 3
fe=(122)
3270 1 0 1
+4 3 6
fi=(132)
59 1
fe=(122)
3354 18 24 0 2
1461 3
3328 3
1461 6 3
3329 3
461 3
3329 3
461 6 3
3329 6 3 0 2 0 0 1
fi=(123) ./malloc/./malloc/arena.c
153 6 3
fe=(122)
461 1 0 0 1 0 0 1
3756 1 0 0 1 0 0 1
461 2 1
3756 2 1
463 1
fi=(123)
153 2 1
fe=(122)
3756 4
+3 2 1
461 3 1 0 1 0 0 1
3784 1 1
+5 2 1
-2 1
-33 1
-21 1
+23 1
+28 1 0 0 1 0 0 1
+12 2 0 0 1 0 0 1
+3 3
cfn=(589)
calls=1 +8 
* 13 10 0 2 0 0 2

fn=(521)
4040 6 2 0 0 1
+20 15 5 0 2 0 0 1
-1 5
-1 5
+2 5
-1 5
+1 18 9
-2 8
+12 25 5 0 3 1 0 1
-90 6 0 0 1 0 0 1
+2 9 3
4487 20 20 0 2 0 0 1
4081 6 0 6 1 0 0 1
cfn=(521)
calls=3 -21 
* 559 144 62 39 4 4 38 3 3
4257 10 0 0 2 0 0 1
+2 6
+3 8 2 0 0 2
+69 5 0 0 2 0 0 1
+3 5
-4 5
+1 10
+2 5
-1 5
+1 5
-2 10
+3 5
-1 5 5 0 0 3
+6 20
cfn=(521)
calls=5 3934 
* 723 215 104 65 10 10 34 4 9
3934 20 0 0 3 0 0 1
cfn=(521)
calls=5 4343 
* 703 215 104 62 10 10 33 4 9
4346 32 8
-3 39
4443 5 5 0 0 1
+3 5 5 0 2 3 0 1 1
-2 10 5 0 0 2
+2 10
+3 15
+17 8 2 4
-12 9 0 0 3 0 0 1
-2 3
+2 3
-3 3
+2 3 0 3
+6 3 0 0 1
-5 3
+2 3
-2 6 0 3
+6 3
-4 3 0 3 0 0 2 0 0 2
+4 3
+23 3
cfn=(530)
calls=3 1984 
* 21 9 6 2
* 2 0 0 2 0 0 1
cfn=(530)
calls=2 1984 
* 14 6 4 2 0 0 2
* 25 40
cfn=(521)
calls=5 +4 
* 20 20 0 2 0 0 1
-2 6 0 0 2 0 0 1
cfn=(522)
calls=2 2532 
* 477 145 85 51 4 8 30 3 7

fn=(506)
0 5 3 0 1
3294 9 0 12 3 0 1 1 0 1
+7 6
-7 6 0 6
+7 3 3 0 0 2 0 0 1
-7 3 0 6
+7 3
1326 2
+10 8 2 0 0 1
3313 6 2 0 2 1
1345 2
3313 2
-2 6
+2 2 2 0 0 1
-2 4
+2 2
+3 8 2 0 0 1
+10 6 2 0 2 1
fi=(123)
264 1 0 0 1 0 0 1
cfn=(510) ptmalloc_init.part.0
calls=1 -2 
* 1670 251 438 71 35 47 71 31 45
fe=(122)
3328 8 0 0 1
cfn=(520)
calls=2 3846 
* 478 127 66 42 13 7 1 1 7
0 5 0 4
fi=(141)
cob=(8)
cfi=(141)
cfn=(1220)
calls=1 0 
0 13 9 0 1 0 0 1
0 5 3

fl=(142)
fn=(874) __pthread_once_slow
68 12 2 7 2 1 0 2
+8 1 1
+4 1
+8 1 0 0 1 0 0 1
+4 2
-4 2 1 0 0 1 0 0 1
+4 2
cfi=(97)
cfn=(518)
calls=1 -92 
* 6 1 1 1
* 3
+9 4 0 0 1 0 0 1
+13 15 0 8 2 0 0 2
cfi=(143)
cfn=(876)
calls=1 -88 
* 10 3 6 1 1 0 1 1
+2 1
cob=(8)
cfi=(141)
cfn=(878)
calls=1 0 
* 1647 561 229 13 24 2 13 12
0 6 4

fn=(872)
136 28 0 28 1 0 0 1
+3 14 14 0 0 1 0 0 1
+1 14
+4 40 28 0 1 0 0 1
-1 1
cfn=(874)
calls=1 -75 
* 1713 573 251 21 27 2 20 14

fl=(118)
fn=(492)
125 1 0 2 1 0 0 1
+1 3 1
-1 1 0 0 1 0 0 1
+3 1 2
-2 4 1
cfi=(119)
cfn=(494)
calls=1 238 
* 145 38 14 12 7 0 12 6

fl=(146)
fn=(940)
31 6 2 0 1 1 0 1
-1 6 0 4
+1 2 2 0 0 1
+2 2
+3 6
+29 4 2 0 0 1 0 0 1
+1 4 2 0 0 1
+2 4 2 0 1 1 0 1
-31 2 0 2
+29 2 4 0 0 3 0 0 1
-1 2 0 2 0 0 1
+3 2 2
-2 2 0 2
+2 2 0 2
+4 4
+1 6 4

fl=(148)
fn=(948)
32 2560 512 1280 1 0 0 1
+5 1280
+5 512 0 0 1 0 0 1
+52 1408 896
-48 640 384 0 1 1 0 1 1
fi=(167) ./wcsmbs/./wcsmbsload.h
+23 256 128 128 0 1
+1 256 128 0 0 1 0 0 1
fe=(148)
-23 128 128 0 0 1 0 0 1
+1 128 128 0 0 1 0 0 1
-1 128 128 0 0 1 0 0 1
+1 128
+4 256 128
+3 128
-3 256 0 0 1 0 0 1
+3 256
cfi=(149)
cfn=(950)
calls=128 -18 
* 768 256 0 2 1 0 2
* 1152 512
+39 128 256
-39 128
+39 128 256
-39 128 128 0 1 0 0 1
+39 128
-39 128
cfi=(150)
cfn=(952)
calls=128 -6 
* 896 256 256 1 0 0 1

fl=(129)
fn=(544)
24 1 0 0 1 0 0 1
+1 2

fl=(117)
fn=(490)
25 1 0 2 1 0 0 1
+1 2
-1 1
+1 3 0 0 1 0 0 1
+1 2 2

fl=(109)
fn=(468)
0 8 0 1 1 0 1 1 0 1
fi=(108)
cob=(7)
cfi=(108)
cfn=(502)
calls=1 0 
0 5921 1491 917 100 111 50 94 69 46
29 10 2 5 1 0 0 1
+10 4
fi=(110) ./posix/../sysdeps/unix/sysv/linux/sysconf.c
+10 9 0 0 2 0 0 2
fi=(111)
+11 13 1 0 3 1 0 3 1
630 1 0 0 1 0 0 1
cfi=(112)
cfn=(474)
calls=1 230 
* 352 83 51 39 7 3 39 6
fe=(109)

fn=(469)
50 11 7

fl=(138)
fn=(732)
28 4 2 0 1 1 0 1
+2 1

fl=(127)
fn=(528)
36 6 0 6 2 0 2 1 0 1
fi=(168) ./misc/../sysdeps/unix/sysv/linux/brk_call.h
-12 3
fe=(127)
+12 3
fi=(168)
-12 3 0 0 2 0 0 1
fe=(127)
+13 9 3 3
+1 6
+6 3
+1 6 6

fl=(156)
fn=(1370)
29 11 2 6 1 0 0 1
+15 2 0 0 1 0 0 1
cfi=(157)
cfn=(1372)
calls=1 -14 
* 35 7 25 4 0 0 4
+2 1
+2 1
+7 1
-4 1
+4 1
+3 2 1
-7 1 1 0 0 1
+4 1 0 1
+3 3 3
-6 1
+6 1 1
-7 1 0 1
+7 1 0 0 1 0 0 1
cob=(9)
cfi=(154)
cfn=(1378)
calls=1 -58 
* 9601 444 5089 83 52 1161 44 15 1135

fl=(123)
fn=(510)
262 1 0 0 1 0 0 1
+5 1
-5 2 1 0 0 1
fi=(124) ./malloc/../sysdeps/unix/sysv/linux/not-cancel.h
97 1
fe=(123)
262 2 0 2
fi=(124)
97 1
fe=(123)
262 1 0 2 1 0 0 1
+5 1
-5 1 0 2
+5 1
-5 3 1 1
fi=(124)
97 2
fe=(123)
267 1 0 1
fi=(124)
97 2
fi=(122)
3143 2
fe=(123)
274 4 0 0 2 0 0 2
cob=(1)
cfi=(12)
cfn=(32)
calls=13 390 
* 299 65 39 0 26 0 0 26
* 657 26 258 6 4 35 6 1 34
fi=(122)
1336 4 1 0 0 1 0 0 1
3313 3 1 0 1 0 0 1
1345 1
3313 1
-2 3
+2 1 1
-2 2
+2 1
+13 3 1 0 1 0 0 1
1326 1
3248 3 1 0 1 0 0 1
cfn=(516)
calls=1 -6 
* 486 106 114 51 3 12 51 3 11
+68 4 1 0 1 0 0 1
+1 4 1
+1 2 1
+10 4 0 0 1 0 0 1
cfn=(520)
calls=1 3846 
* 165 44 19 5 0 0 5
fe=(123)

fl=(87)
fn=(318)
fi=(2)
2387 1
cob=(1)
cfi=(9)
cfn=(330)
calls=1 147 
* 4 2 2 1 0 0 1
+3 3 0 0 1 0 0 1
cob=(1)
cfi=(42)
cfn=(332)
calls=1 45 
* 14 4 2 2 0 0 2
+4 2
cob=(1)
cfi=(38)
cfn=(180)
calls=1 38 
* 10 3 2 2 1 0 2 1
+1 1 0 1
-1 1
+2 1
cob=(1)
cfi=(38)
cfn=(128)
calls=1 116 
* 4 2 2 1 0 0 1
+1 1
+4 1
cob=(1)
cfi=(62)
cfn=(334)
calls=1 525 
* 22 6 6 3 1 1 3 1
+5 9 12 0 1 2 0 1 2
fe=(87)
33 10 2 4 1 1 0 1
+2 1
cfi=(88)
cfn=(320)
calls=1 -4 
* 23 11 5 3 7 1 3 6
+3 2 1
+3 2
fi=(90) ./elf/../sysdeps/nptl/pthread_early_init.h
-8 1
fe=(87)
+8 1 0 1 1 0 1 1 0 1
fi=(90)
-8 1
fe=(87)
+8 1 0 1 0 0 1 0 0 1
-3 1 0 1
fi=(90)
-5 1
cfi=(89)
cfn=(322)
calls=1 +5 
* 12 2 2 1 0 0 1
* 2
+1 3 1
+4 3
+7 2 1
+8 2 0 0 1 0 0 1
fi=(169) ./elf/../nptl/nptl-stack.h
+8 1 2 0 0 1 0 0 1
fi=(90)
-16 1 1
+9 1 0 1 0 0 1 0 0 1
-8 1
+6 1
fi=(169)
+9 1
fi=(90)
-9 1
fi=(169)
+9 2
fi=(90)
-15 1
+2 2
+4 3 0 1
+1 1 0 1 1 0 1 1 0 1
+3 1
cfi=(91)
cfn=(326)
calls=1 -1 
* 128 32 13 7 7 0 7 7
fe=(87)

fl=(100)
fn=(368)
31 1 0 0 1 0 0 1
-1 4 0 4 1 0 0 1
+1 2 1
+2 3
cfi=(101)
cfn=(370)
calls=1 +24 
* 42 2 0 4 1 0 4 1
+4 4 1 0 0 1 0 0 1
+1 5 2 2 0 0 1 0 0 1
+2 3 4 0 1 0 0 1

fl=(134)
fn=(650)
25 26 13 0 2 2 0 1
-1 39 0 52
+1 91 26 39 2 12 0 1 9
+3 13
cfi=(135)
cfn=(652)
calls=13 +22 
* 214 18 0 3 3 0 3 3
* 13
+1 754 377 0 0 9
+2 1092 364 0 0 17
+1 64 0 0 2 0 0 2
cfi=(133)
cfn=(618)
calls=16 +40 
* 505 49 0 8 0 0 3
* 16
+5 78 91 0 2 0 0 1

totals: 1588784 461450 179284 1818 17104 3951 1514 8784 2837
