# callgrind format
version: 1
creator: callgrind-3.22.0
pid: 9890
cmd:  ./grid_bfs_unoptimized --small
part: 1


desc: I1 cache: 16384 B, 64 B, 4-way associative
desc: D1 cache: 16384 B, 64 B, 4-way associative
desc: LL cache: 262144 B, 64 B, 8-way associative

desc: Timerange: Basic block 0 - 347977
desc: Trigger: Program termination

positions: line
events: Ir Dr Dw I1mr D1mr D1mw ILmr DLmr DLmw
summary: 1618642 468882 184372 1596 16239 4072 1375 8316 2974


ob=(5) /usr/lib/aarch64-linux-gnu/libm.so.6
fl=(103) ./csu/../sysdeps/aarch64/crti.S
fn=(376) call_weak_fn
63 1 0 0 1 0 0 1
+1 1 1 0 0 1 0 0 1
+1 1
+3 1

fl=(104) ???
fn=(382) 0x000000000000cb90
0 10 0 0 2 0 0 2

fn=(380) 0x000000000000cc20
0 2 0 0 1 0 0 1
cfn=(382)
calls=1 0 
0 10 0 0 2 0 0 2

ob=(4) /usr/libexec/valgrind/vgpreload_core-arm64-linux.so
fl=(94) ???
fn=(342) 0x0000000000000570
0 4 1 0 2 1 0 2

fn=(350) 0x00000000000005c0
0 10 0 0 1 0 0 1

fn=(348) 0x0000000000000650
0 1 0 0 1 0 0 1
cfn=(350)
calls=1 0 
0 10 0 0 1 0 0 1

ob=(3) ???
fl=(92) ???
fn=(340) 0x00000000048504f8
0 4 0 2 2 0 0 1
cob=(4)
cfi=(94)
cfn=(342)
calls=1 0 
0 4 1 0 2 1 0 2
0 2 2

fn=(386) 0x0000000004b13190
0 4 0 2 1 0 0 1
cob=(6) /usr/lib/aarch64-linux-gnu/libgcc_s.so.1
cfi=(105) ???
cfn=(388) 0x00000000000037ec
calls=1 0 
0 4 1 0 1 1 0 1 1
0 2 2

fn=(1012) 0x0000000000108ff0
0 4 0 2 1 0 0 1
cob=(8) /home/user/coding-labs/assignment4-profiling/lab1/grid_bfs_unoptimized
cfi=(132) ???
cfn=(1014) call_weak_fn
calls=1 0 
0 4 1 0 1 0 0 1
0 2 2 0 1 0 0 1

fn=(374) 0x0000000004d1ca50
0 4 0 2 1 0 0 1
cob=(5)
cfi=(103)
cfn=(376)
calls=1 63 
0 4 1 0 1 1 0 1 1
0 2 2

fn=(440) 0x000000000491c7c0
0 4 0 2 1 0 0 1
cob=(7) /usr/lib/aarch64-linux-gnu/libstdc++.so.6.0.33
cfi=(108) ???
cfn=(442) 0x00000000000a614c
calls=1 0 
0 4 1 0 1 1 0 1
0 2 2

ob=(1) /usr/lib/aarch64-linux-gnu/ld-linux-aarch64.so.1
fl=(80) ./elf/./elf/dl-find_object.c
fn=(300) _dlfo_sort_mappings
537 2 0 0 1 0 0 1
-1 1 0 2
+4 4 0 0 1 0 0 1
-4 1
+8 1
+1 1
-1 1 1
+1 2
-1 6
+1 6
-1 6 6
+1 19
+1 14 7
+2 14
-3 7
+3 7
-3 14 0 0 1 0 0 1
+1 42 21
+2 42
-3 21
+3 21
-3 42
+8 7
+1 7 14
-1 7 14
+1 7 0 14
+1 7 0 14
-15 7
+13 7 0 14
-13 14
+17 2 2

fn=(294) _dl_find_object_init
561 1 0 2 1 0 0 1
+3 1
-3 1
+3 1 1 0 0 1 0 0 1
-3 2 0 4
+5 2 1
+7 4 0 1 0 0 1 0 0 1
+7 1
fi=(23) ./elf/../include/rtld-malloc.h
56 1
fe=(80)
579 1
cfn=(296) _dlfo_process_initial
calls=1 474 
* 1288 294 116 14 53 5 14 48 5
fi=(2) ./elf/./elf/rtld.c
2362 3 1 0 1 0 0 1
cfi=(7) ./elf/./elf/dl-minimal.c
cfn=(302) __rtld_malloc_init_real
calls=1 76 
* 6488 2039 840 50 156 8 50 84 4
fe=(80)

fn=(295) _dl_find_object_init'2
604 4 6

fn=(296)
474 1 0 2 1 0 0 1
+1 1
+2 1
-3 1
+1 1 1
+3 3 1
+3 4 0 0 2 0 0 2
cfi=(81) ./elf/./dl-find_object.h
cfn=(298) _dl_find_object_from_map
calls=1 94 
* 248 57 7 5 10 0 5 10
+98 1
+1 1 1 0 1 0 0 1
fi=(23)
56 3 1
cfi=(24) ./elf/./elf/dl-minimal-malloc.c
cfn=(64) __minimal_malloc
calls=1 -20 
* 24 6 7 0 1
fe=(80)
580 1 0 1
fi=(23)
56 1
fe=(80)
582 1
+3 1
+5 1 0 1
+1 1
cfn=(297) _dlfo_process_initial'2
calls=1 474 
* 993 227 98 5 42 5 5 38 5

fn=(297)
474 1 0 2
+1 1
+2 1
-3 1
+1 1 1
+3 3 1
+26 12 2 0 1 1 0 1 1
+17 4
-16 4 2
+1 14 14 0 0 1 0 0 1
-1 14
+3 64 12 0 0 1
+3 48 12 0 1 0 0 1
-7 10 2
+25 2
+2 2
-2 2 0 2
+2 4 4
-18 24 12
+2 18
cfi=(81)
cfn=(299) _dl_find_object_from_map'2
calls=6 94 
* 1548 374 132 0 148 12 0 135 12
+2 12
cfn=(297)
calls=6 -11 
* 297 84 6 0 6 0 0 6
-36 4
cfi=(81)
cfn=(298)
calls=1 94 
* 628 150 51 0 42 5 0 38 5
+6 54
+1 54 18 0 1 2 0 1 2
+5 4
+6 4
-6 4
-3 4
+3 2 4
+2 2 2
-2 2 0 4 0 0 2 0 0 2
+2 6 2 2
+2 8 2 2
cfn=(297)
calls=2 -10 
* 1034 242 78 0 84 7 0 76 7
+97 2 1
+2 2 0 0 1 0 0 1
cfn=(300)
calls=1 -59 
* 339 65 44 3 0 0 3
+3 5 3 1 1 0 0 1
+2 1
cfn=(295)
calls=1 +3 
* 4 6

fl=(15) ./elf/../sysdeps/unix/sysv/linux/brk.c
fn=(34) brk
36 2 0 2 1 0 0 1
fi=(140) ./elf/../sysdeps/unix/sysv/linux/brk_call.h
-12 1
fe=(15)
+12 1
fi=(140)
-12 1 0 0 1 0 0 1
fe=(15)
+13 2 0 1
+1 2
+6 1
+1 2 2

fl=(95) ???
fn=(354) init_have_lse_atomics
0 5 0 2 1 0 0 1
cfi=(96) ./misc/./misc/getauxval.c
cfn=(356) getauxval
calls=1 56 
0 25 8 6 4 0 0 4
fi=(93) ./elf/./elf/dl-init.c
73 3
+3 5 7
fe=(95)

fl=(1) ./elf/../sysdeps/aarch64/dl-start.S
fn=(0) (below main)
22 1 0 0 1 0 0 1
+3 1
+1 1
+2 1
+2 1
cfi=(2)
cfn=(2) _dl_start
calls=1 517 
* 1618637 468882 184372 1595 16239 4072 1374 8316 2974

fl=(48) ./io/../sysdeps/unix/sysv/linux/read_nocancel.c
fn=(154) __read_nocancel
25 5 0 10 5 0 0 1
+1 10
-1 5
+1 15 0 0 2 0 0 1
+1 10 10

fl=(6) ./elf/../sysdeps/aarch64/dl-machine.h
fn=(254) _dl_relocate_object
fi=(5) ./elf/./elf/do-rel.h
133 5 10 0 0 1 0 0 1
+3 5 5
-3 5
fe=(6)
+42 5
fi=(5)
-40 5
-1 5
-1 5 5 0 0 1 0 0 1
+3 5
-2 10 0 10
-1 5
+3 5
fe=(6)
+41 10
+2 5
fi=(70) ./elf/./elf/dl-reloc.c
-9 15 5
fi=(4) ./elf/../sysdeps/generic/ldsodefs.h
-30 15 5
fi=(70)
+31 10
+3 35 5
+12 2 1
fi=(4)
79 1 1
fi=(70)
186 2 2
-2 1 0 1
-1 1 0 1
+3 3
+1 1
+1 2 1 0 0 1
-1 2
+3 6 1
cfi=(72) ./elf/./elf/dl-lookup.c
cfn=(263) _dl_lookup_symbol_x'2
calls=1 772 
* 12889 4144 1581 0 235 1 0 96 1
fe=(6)
-2 6 2
+3 2 2
-3 6 2
+5 2
-5 2 2
+5 4
-5 2
+5 6 2
+3 22
+12 15 5 5 0 2 2 0 1 1
fi=(5)
-58 15 5
-19 15
+19 8
cfi=(70)
cfn=(253) _dl_relocate_object'2
calls=2 +36 
* 26009 8050 2947 13 399 5 13 176 4
fi=(70)
+25 8 2
fe=(6)
-72 4
fi=(5)
+79 2 2
fe=(6)
-7 1
fi=(5)
+8 1
-1 3 0 2
fe=(6)
-5 2
+2 1
fi=(70)
-9 3 1
fi=(4)
-30 3 1
fi=(70)
+31 2
+3 8 1
fe=(6)
+34 3 1 1
fi=(5)
-12 3 1
-16 3
+16 4
cfi=(70)
cfn=(253)
calls=1 -10 
* 1777 598 213 0 34 0 0 12
fi=(70)
-21 6
cfn=(253)
calls=2 +2 
* 1301554 381918 141432 39 12120 1405 38 6054 454
fe=(6)

fn=(255) _dl_relocate_object'2
fi=(5)
133 1623 3246 0 0 408 0 0 408
+3 1623 1623
-3 1623
fe=(6)
+42 1623
fi=(5)
-40 1623
-1 1623
-1 1623 1623 0 0 462 0 0 76
+3 1623
-2 3246 0 3246
-1 1623
+3 1623
fe=(6)
+41 3246
+2 1623
fi=(70)
-9 4869 1623 0 0 546 0 0 445
fi=(4)
-30 4869 1623
fi=(70)
+31 3246
+3 8702 1623
+12 4 2
fi=(4)
79 2 2
fi=(70)
186 4 4
-2 2 0 2
-1 2 0 2
+3 6
+1 2
+1 4 2
-1 4
+3 12 2
cfi=(72)
cfn=(263)
calls=2 772 
* 9095 2903 1102 0 156 1 0 59 1
fe=(6)
-2 4839 1613
+3 1613 1613
-3 4839 1613
+5 1613
-5 1613 1613
+5 3226
-5 1613
+5 4839 1613
+3 16635
+12 4875 1625 1625 0 204 924 0 204 334
fi=(5)
-58 4875 1625
-19 4885 8
cfi=(70)
cfn=(253)
calls=2 301 
* 1072 389 72 3 39 0 3 34
+20 6 4
-1 2204
cfi=(70)
cfn=(253)
calls=551 +36 
* 409517546 120991344 44083255 6074 3955478 353042 6070 1825031 96812
fi=(70)
+25 4280 1070
fe=(6)
+13 10 4
+5 2
-5 2 2
+5 10 2
+50 8 2 0 0 1 0 0 1
+9 2 2
+1 8 4
-1 2 0 2 0 0 1
+2 4 2 2
+37 2
cfi=(5)
cfn=(259) _dl_relocate_object'2
calls=2 83 
* 787 262 89 0 16 2 0 9 2
103 2140
fi=(5)
+79 2 2 0 0 1 0 0 1
fe=(6)
-7 1
fi=(5)
+8 1
-1 3 0 2
fe=(6)
-5 2
+2 1
fi=(70)
-9 3 1
fi=(4)
-30 3 1
fi=(70)
+31 2
+3 8 1
fe=(6)
+34 6 2 2
fi=(5)
-12 6 2
-16 7
cfn=(258) _dl_relocate_object
calls=1 -49 
* 139 55 8 0 4 0 0 4
+16 4
cfi=(70)
cfn=(253)
calls=1 -10 
* 598 218 70 0 11 0 0 4
fi=(70)
-21 3210
cfn=(253)
calls=1070 +2 
* 1056308539 310894104 114007498 18490 9855469 992651 18488 4675489 285710
fe=(6)

fl=(21) ./elf/./elf/dl-environ.c
fn=(56) _dl_next_ld_env_entry
28 9 0 6 1 0 0 1
+1 3 3
+3 7 3
cfn=(57) _dl_next_ld_env_entry'2
calls=1 +17 
* 2 2
* 52 26
+2 84 28
+1 27 9 0 1 0 0 1
+2 2
+3 4 0 2
+9 4 4
fi=(2)
2602 1
2727 5 1 0 2 0 0 2
1373 2
+1 2 1
-1 1 1
+1 1
-1 2 1 1
+1 2
1637 9 0 1 1 0 0 1
cfi=(22) ./elf/./elf/dl-object.c
cfn=(58) _dl_new_object
calls=1 59 
* 1432122 418959 157093 795 14915 2411 633 7843 1391
fe=(21)

fn=(57)
49 2 2

fl=(56) ./elf/./elf/get-dynamic-info.h
fn=(174) _dl_map_object_from_fd
49 108
+3 5
-1 10
+17 54 0 54 0 0 6 0 0 6
-23 108 54 0 0 13 0 0 13
+9 15
+1 6
cfn=(175) _dl_map_object_from_fd'2
calls=3 +13 
* 1295 365 148 29 39 7 18 36 7
+1 8
+3 10
+3 8
+2 6
cfn=(175)
calls=2 +4 
* 1039 267 106 21 30 6 3 28 6

fn=(175)
49 70
+3 27
-1 54
+17 40 0 40 0 0 12 0 0 12
-23 80 40 0 0 10 0 0 10
+27 5
fi=(4)
+7 5 5 0 2 0 0 1
fe=(56)
-7 5
+12 10 5
+1 25 10 5
+1 25 10 5 2 0 0 1
+1 25 10 5
+1 10 5 0 0 5 0 0 5
+1 25 10 5
+1 22 9 4 5 1 0 1 1
+1 25 10 5
+12 5 5
+7 5 5
-7 25 5 5 1 0 0 1
+7 5
+5 15 5
+7 10 5
+1 20 10
+6 10 5
+18 10 5 0 1 0 0 1
+5 4 2 2 0 0 1 0 0 1
+2 2
+2 2
+2 2
+4 10 5
+2 9 3 3 1 0 0 1
+1 3
+9 6 3
+6 3
+4 10 5
fi=(30) ./elf/./elf/dl-load.c
1276 20
+2 20 5 0 2 0 0 1
+10 10 5
+19 15 5 5
+2 25 5
+52 10 5 0 0 2 0 0 2
+1 9 3 3 1
+6 9 6
+1 9
-1 15 4 0 1 0 0 1
+1 6
-1 86
+1 120 40 0 1 34 0 1 34
+11 10
cfi=(57) ./io/../sysdeps/unix/sysv/linux/close_nocancel.c
cfn=(178) __GI___close_nocancel
calls=5 25 
* 45 10 10 6 0 0 2
* 5
+13 15 5
+2 10 10 0 1 0 0 1
+2 5 5
-2 10 0 5
+2 5
+16 10
cfi=(8) ./elf/./elf/dl-setup_hash.c
cfn=(14) _dl_setup_hash
calls=5 28 
* 120 35 30 0 6 0 0 6
+4 5
+1 10 5
+17 10 5
+1 2 0 1
+3 3 2 2 1 0 0 1
+5 2 1
-5 12 8 8 1
+5 8 4
+5 15 5 0 0 1
+12 35 5
+10 8 4
+1 8 2 0 1
+5 4
cfi=(40) ./elf/./elf/dl-tls.c
cfn=(210) _dl_assign_tls_modid
calls=2 141 
* 28 6 4 2 0 0 2
+7 12 0 0 1 0 0 1
cfi=(22)
cfn=(70) _dl_add_to_namespace_list
calls=4 31 
* 249 71 56 4 2
+3 4
+4 8
cfi=(38) ./elf/./elf/dl-debug.c
cfn=(180) _dl_debug_update
calls=4 38 
* 40 12 8 5 0 0 1
* 4
+1 8 4
+18 8
+4 28 12
+1 12
cfi=(42) ./elf/./elf/dl-audit.c
cfn=(182) _dl_audit_objopen
calls=4 77 
* 44 20 16 1 0 0 1
* 4
cfn=(157) _dl_map_object_from_fd'2
calls=4 +4 
* 36 48 0 1 0 0 1
fe=(56)
54 81
+1 50
cfn=(175)
calls=25 +13 
* 10705 3124 1171 195 322 37 36 292 37
+1 8
+3 10
+3 8
+2 6
cfn=(175)
calls=2 +4 
* 985 265 104 21 29 6 3 27 6
181 6 2 2
cfn=(175)
calls=2 +3 
* 641 186 68 6 23 0 0 20
-22 4 0 2
cfn=(175)
calls=2 +3 
* 665 194 72 6 23 0 0 20
fi=(30)
1462 8 4 0 2 0 0 1
+1 6 3
fi=(4)
79 3 3
fi=(30)
1464 3 3
-1 6 3
+1 3
-1 12
cfi=(26) ./string/../sysdeps/aarch64/strcmp.S
cfn=(74) strcmp
calls=3 64 
* 162 30 0 5 5 0 0 5
* 3
+2 6 0 1
cfn=(157)
calls=1 +6 
* 140 48 22 1 2
1275 4 2 0 1 1 0 1 1
cfi=(56)
cfn=(175)
calls=2 184 
* 669 193 70 16 21 0 2 19
fe=(56)

fl=(30)
fn=(190) cache_rpath
681 8 0 8 1 0 0 1
+1 12 4 0 1 2 0 1
+3 1
+1 1
-1 1
+3 3 1
+3 2 0 1 1
-8 2
cfn=(191) cache_rpath'2
calls=1 +16 
* 2 2
* 6 0 0 3
cfn=(191)
calls=3 +16 
* 6 6
2074 12 3 0 3 0 0 1
+1 21 0 6
cfn=(191)
calls=3 681 
* 10621 2056 1504 141 137 166 53 119 163
-17 8 4
+1 6
cfn=(191)
calls=1 681 
* 3193 659 364 22 48 18 0 30 16
* 4
+14 24 15 0 3 0 0 2
+1 3

fn=(191)
681 18 0 18
+1 27 9
+3 1
+1 1
-1 1
+14 26 26
-11 3 1
+3 2 0 1
-8 2
cfn=(191)
calls=1 +16 
* 2 2
* 16
cfn=(191)
calls=8 +16 
* 16 16
2100 60 8 8 1 0 0 1
cfn=(192) open_path
calls=4 1812 
* 13642 2673 1844 160 182 184 51 149 179
+7 8 4
+8 4 0 4 0 0 1 0 0 1
+14 4
+2 12 4 0 4 1 0 1
+4 8
cfi=(62) ./elf/./elf/dl-cache.c
cfn=(198) _dl_load_cache_lookup
calls=4 403 
* 12554 2412 1645 132 174 173 32 148 169
-61 4 1 0 1
+1 7 0 2
cfn=(191)
calls=1 681 
* 3161 649 360 21 48 18 0 30 16
* 12 8 0 1 0 0 1
+9 4
+15 24 4 4 0 3
+1 4
-42 2 1
+1 1
+14 8 5
+1 1

fn=(108) _dl_dst_count
238 14 0 28 1 0 2 1 0 2
+3 14
-3 28 0 28
+7 14
-4 14
cfi=(35) ./string/../sysdeps/aarch64/strchr.S
cfn=(110) index
calls=14 54 
* 388 27 0 9 5 0 3 5
+3 14
+20 56 56

fn=(192)
1812 36 0 48 2 0 2 1 0 2
+1 8 4 4 0 0 1 0 0 1
-1 8 0 12 1 0 0 1
+7 4
+5 80 8 4 1 2 1 1 0 1
+70 12 0 8 0 0 1 0 0 1
1536 8
1824 12 0 4 1 0 0 1
-7 20 0 12
+10 12 12 0 0 3
+8 8
+7 12 8
-11 4
+11 4 0 0 1 0 0 1
cfi=(25) ./string/../sysdeps/aarch64/multiarch/../memcpy.S
cfn=(66) memcpy
calls=4 72 
* 60 8 8
* 4 4
+1 4
+50 4 4
-51 4
+51 8 0 4
-50 12 4
+3 12 4
+5 28 12 0 1 1 0 1
cfi=(25)
cfn=(66)
calls=4 72 
* 52
* 20 8
cfi=(25)
cfn=(66)
calls=4 72 
* 60 8 8
* 4
+9 4 4
-6 4
+6 4
+3 28 12 0 1 0 0 1
cfn=(150) open_verify.constprop.0
calls=4 1572 
* 424 136 70 15 1 5 10 1 4
2100 4
+6 12 4
+1 28 0 4 1 0 0 1
cfn=(191)
calls=4 681 
* 12634 2433 1658 136 175 174 33 148 170

fn=(193) open_path'2
1843 3 1
1960 36 48 0 1 0 0 1
-23 9 1 0 2 0 0 2
+6 3 2 1
-2 3 1 1
+2 1
+3 4 1
1822 2
cfn=(193)
calls=1 1960 
* 9 12 0 1 0 0 1

fn=(150)
1572 9 0 18 1 0 1 1 0 1
+32 9
-32 90 0 72 3 0 2 1 0 1
+32 18 9
+19 27
cfi=(47) ./io/../sysdeps/unix/sysv/linux/open64_nocancel.c
cfn=(152) __open_nocancel
calls=9 28 
* 187 18 31 3 0 3 3 0 3
* 9
+2 18
+9 5 0 0 2 0 0 1
-1 10
+6 5
-6 5 0 5
+1 5 0 5
+5 20
cfi=(48)
cfn=(154)
calls=5 25 
* 45 10 10 7 0 0 2
* 5
+2 10
+2 15 5 5
+2 10 0 0 1 0 0 1
+6 10
+17 75 25 0 7 1 0 2 1
+81 5 5
-81 5
+81 10
+5 15 5 0 2 0 0 1
+6 25 5
+6 15 5 0 0 3 0 0 1
+6 5 5
+1 5 5
-1 5
+1 15 0 0 1 0 0 1
+26 40 50
1609 8 0 0 1 0 0 1
cfn=(151) open_verify.constprop.0'2
calls=4 1799 
* 32 40 0 4
+59 12 0 0 1 0 0 1
1863 4
+2 8 4
+2 2
-24 12 3
+94 27 3
+6 9 6 3
-2 9 3 3
+2 3
+3 12 3
1822 6
cfn=(193)
calls=3 1960 
* 27 36
+69 9 0 0 1 0 0 1
+2 6
-21 1 0 0 1 0 0 1
+1 8 3
+6 1 0 0 1 0 0 1
+2 2
-2 1 0 1
+2 1
cfi=(60) ./io/../sysdeps/unix/sysv/linux/stat64.c
cfn=(194) stat
calls=1 28 
* 19 4 4 1 0 0 1
+3 1
-3 1
+1 7 1 1 1 1 0 1 1
-39 2
cfn=(193)
calls=1 * 
* 34 18 2 3 0 0 3

fn=(151)
1799 32 40 0 4

fn=(86) _dl_init_paths
706 1 0 2 1 0 0 1
+14 1
-14 2 0 2
+14 1 0 0 1 0 0 1
-14 5 0 8
fi=(23)
56 1
fe=(30)
706 1 0 2
+14 5
cfi=(31) ./elf/./elf/dl-hwcaps.c
cfn=(88) _dl_important_hwcaps
calls=1 172 
* 1302 332 249 53 3 16 53 3 16
fi=(2)
1733 5 2
cfi=(38)
cfn=(120) _dl_debug_initialize
calls=1 56 
* 1429766 418429 156682 681 14887 2371 519 7815 1351
fe=(30)

fn=(87) _dl_init_paths'2
767 3
+1 12 3
cfi=(10) ./string/../sysdeps/aarch64/nptl/../memset.S
cfn=(22) memset
calls=3 32 
* 39 0 6
+2 8
-8 2 2
+8 2 0 2
-14 2 0 2
+7 2
-4 2 0 4 0 0 2 0 0 2
+4 2
-1 2 0 4 0 0 1 0 0 1
+4 10 2
cfn=(87)
calls=2 +1 
* 1569 407 178 62 2 5 62 2 5
+16 1
-6 1
+6 1 1
+3 2 0 0 1 0 0 1
-15 1 0 1
+15 1
-8 1 0 1
+8 1
-9 2 0 1
+11 4 1
+2 2 1
+36 4 2 0 2 0 0 2
+2 2 1
cfi=(18) ./string/../sysdeps/aarch64/multiarch/../strlen.S
cfn=(48) strlen
calls=1 50 
* 22 2 0 2 0 0 2
* 7
-19 1 1 0 1 0 0 1
-2 2 0 1
+2 1
+19 8 1 1 1 0 0 1
cfi=(25)
cfn=(66)
calls=1 72 
* 15 2 2
+5 1 1
-5 1
+5 2
-1 2
+2 1
-1 1 1
+1 1 0 0 1 0 0 1
+1 2
-2 1
+1 13
-1 13 13
+1 13
+1 26
-2 13
+5 2
fi=(23)
56 2 1
cfi=(24)
cfn=(64)
calls=1 -20 
* 24 6 7
fe=(30)
836 2
fi=(23)
56 1
fe=(30)
836 1 0 1
+2 1
+6 7 1 0 1 0 0 1
cfn=(102) fillin_rpath.isra.0
calls=1 468 
* 537 166 67 21 1 2 21 1 2
-22 2 0 1 1 0 0 1
cfn=(87)
calls=1 +3 
* 725 197 78 28 1 2 28 1 2

fn=(106) expand_dynamic_string_token
385 12 0 12 1 0 0 1
+10 4
cfn=(108)
calls=2 238 
* 82 13 8 4 0 1 4 0 1
+3 2
+12 2 4
-11 2
+11 4 8
-11 2
cfi=(36) ./string/./string/strdup.c
cfn=(112) strdup
calls=2 40 
* 154 33 28 2 0 2 2 0 2

fn=(146) _dl_map_object
fi=(59) ./elf/./elf/dl-deps.c
64 4 0 4 0 0 1
+5 12 12 0 0 1
fe=(30)
1967 104 0 156 1 0 4 1 0 4
+8 26
+1 91 13 0 1 4 0 1 1
+3 190 56
+5 255 51 0 1 1 0 1
+2 153
cfi=(46) ./elf/./elf/dl-misc.c
cfn=(148) _dl_name_match_p
calls=51 68 
* 3732 827 204 8 14 2 3 0 2
* 51
+4 86 43
+1 86 43 0 0 3
+3 44 22 0 0 3
fi=(4)
79 22 22
fe=(30)
1995 22 22 0 1 5 0 1
-1 44 22 0 0 7
+1 44
+1 66
cfi=(26)
cfn=(74)
calls=22 64 
* 754 120
* 22
2270 72 96
2009 5 0 0 1 0 0 1
+2 10 0 5 0 0 1 0 0 1
-1 20 5 0 0 1
+9 5 0 0 1 0 0 1
-50 5 0 5
+50 10 5
+17 10
-2 5 0 5 0 0 2 0 0 2
+2 5
cfi=(35)
cfn=(110)
calls=5 54 
* 125 8
* 5
2202 1
-1 3
cfn=(106)
calls=1 385 
* 152 33 25 1 0 2 1 0 2
-1 1 0 1
+1 1
+6 1
-4 1 0 0 1 0 0 1
+4 8 0 1
cfn=(150)
calls=1 1572 
* 112 27 18 12 1 1 12 1 1
+3 1 1
-3 1
+3 2
+12 2
+45 1
+1 6 2 2 1 0 0 1
-1 1 1
+1 3
-1 1 0 1
+1 1
cfn=(156) _dl_map_object_from_fd
calls=1 944 
* 1548 364 221 74 25 26 67 25 26
2040 8 0 0 1 0 0 1
cfi=(18)
cfn=(48)
calls=4 50 
* 79 7
+2 4 4
-2 8 0 4
+2 4
+7 12 4 0 1 0 0 1
+4 4 4 0 1 0 0 1
+8 12
-2 4
+2 8 0 8
-7 8
+7 4 0 4
-7 36 0 16 1 0 0 1
cfn=(147) _dl_map_object'2
calls=4 +5 
* 13960 2750 1883 175 187 184 58 149 179
fi=(2)
644 1 0 1 1 0 0 1
+2 3 3
fe=(30)

fn=(147)
2270 45 60
-3 4
+1 24 8 8
-1 4 4
+1 12
-1 4 0 4
+1 4
cfn=(156)
calls=4 944 
* 6861 1468 1270 71 102 168 5 88 165
2059 24
cfn=(190)
calls=4 681 
* 13936 2750 1883 175 187 184 58 149 179

fn=(102)
468 4 0 4 1 0 0 1
+4 1
-4 1 0 2
+41 3 0 0 1 0 0 1
-41 1 0 2
+64 2
-64 2 0 4
fi=(23)
50 1
fe=(30)
468 3 0 5
+6 3 1
cfi=(7)
cfn=(104) strsep
calls=1 239 
* 208 73 1 3 1 0 3 1
* 2
+7 2 1 0 1 0 0 1
+2 3 1
cfn=(106)
calls=1 -98 
* 112 25 23 6 0 1 6 0 1
* 1
+4 1
+5 1
cfi=(18)
cfn=(48)
calls=1 50 
* 13 1
* 1
+1 1
+7 6 1 0 1 0 0 1
+5 1 0 0 1 0 0 1
-22 1
+22 3 0 1
cfn=(103) fillin_rpath.isra.0'2
calls=1 +4 
* 146 49 24 7 0 1 7 0 1
847 3 2
+6 3 0 1
+4 8 12

fn=(103)
474 3 1
cfi=(7)
cfn=(104)
calls=1 239 
* 6 2
* 2
+97 1 0 1
+3 7 12
-65 10 5 0 1 0 0 1
+1 12 4
+18 3 1 1 1 0 0 1
+4 1 1
fi=(23)
56 1
fe=(30)
532 1 1
fi=(23)
56 1 1
fe=(30)
532 3 0 0 1 0 0 1
fi=(23)
56 2
cfi=(24)
cfn=(64)
calls=1 -20 
* 24 6 7
* 1
fe=(30)
534 1
+5 1 1
+1 2
-1 2
-1 1 0 1
+2 1
cfi=(25)
cfn=(66)
calls=1 72 
* 15 2 2 0 0 1 0 0 1
* 1 0 1
+3 1
-2 1 0 1
+2 3 1 0 1 0 0 1
+6 2 1
+1 1 1
-1 2
+1 1
-1 1
+1 2
+1 1 0 1
-1 3
+3 2 1 1 1 0 0 1
+1 2 1
+7 2 1 1
-6 1 0 1
+7 1 0 1
+3 3 0 1
cfi=(23)
cfn=(116) fillin_rpath.isra.0
calls=1 50 
* 34 21 5 2 0 0 2

fn=(156)
944 30 0 30 1 0 2 1 0 2
+15 5
-15 45 5 35 1 0 1 1 0 1
+15 5 0 5
-15 10
+15 5
+77 15 0 5
+10 15 5
+7 30 0 0 1 0 0 1
cfi=(22)
cfn=(59) _dl_new_object'2
calls=5 59 
* 7904 1662 1391 131 122 190 65 112 187
fi=(49) ./elf/../sysdeps/posix/dl-fileid.h
37 20 0 5 1 0 0 1
cfi=(50) ./io/../sysdeps/unix/sysv/linux/fstat64.c
cfn=(160) fstat
calls=5 -7 
* 45 10 10 4 0 1 1 0 1
* 10 5
fe=(30)
989 20
fi=(49)
41 10 10 10
fe=(30)
989 50 25 0 0 4
+1 40 20 0 1 0 0 1
fi=(49)
49 90 30 0 0 1 0 0 1
fe=(30)
1008 5 0 0 5 0 0 1
2268 10
cfn=(147)
calls=5 +2 
* 45 60

fn=(157)
1101 110
+26 40 20 0 0 1 0 0 1
+12 30 20 0 0 3 0 0 2
-3 10
+5 20 10 0 1 0 0 1
-5 10 0 10 0 0 3 0 0 3
+1 10
+2 10
-2 10
+2 10 0 10 0 0 1
-2 10
+1 10 0 20
+3 10
-6 10
+6 40
+2 40 0 10 1 0 1 1 0 1
+13 25 5
+1 10
+5 5
+1 5 5
-28 5
+27 5
+1 15
-1 5 0 5
-62 15
+62 5
+1 5 5
-28 5
+27 5
+1 15
-1 5 0 5 0 0 1 0 0 1
-62 90
+1 207 40 0 1 9 0 1 8
1213 10 5 5 0 0 1 0 0 1
1100 5
1214 10 5 5 0 2 0 0 2
1100 10 0 0 1 0 0 1
1218 15 5
+10 5
+1 5
-1 5
+1 5 0 5
-1 10
+1 5
-1 5
+1 5 0 5
-1 10
+7 15 5
+10 15 5 0 1 0 0 1
+7 20 5
fi=(53) ./elf/./dl-map-segments.h
28 5 5
fe=(30)
1252 10 5
fi=(53)
28 10
fe=(30)
1519 45 60 0 1 0 0 1
1121 2 1 1
+1 1
cfn=(157)
calls=1 -22 
* 678 108 233 4 1 42 0 1 42
-15 10 5 0 1 1 0 1 1
+9 5 5
-1 5 5
+1 15 5 0 1 0 0 1
-2 5 5
+2 5
-1 5
-1 5 0 5
+1 5 0 5
+1 10 0 5
cfn=(157)
calls=5 -16 
* 2203 417 652 36 10 104 23 9 104
+60 6 3
+4 3 0 3 0 0 3 0 0 3
+14 3 3
-13 6 3 3
+13 3 0 0 1 0 0 1
-80 3 3
+71 15 0 3
+1 3 3
+3 3 0 3 0 0 1 0 0 1
-3 3 0 3
+8 6
+15 5 5 0 1 0 0 1
+1 5
cfn=(157)
calls=5 1100 
* 1956 379 637 34 4 100 21 4 100
1471 2 1
+1 4 1
+5 2
cfi=(40)
cfn=(210)
calls=1 141 
* 14 3 2
+7 3
cfi=(22)
cfn=(70)
calls=1 31 
* 66 19 14 0 2
+3 1
+4 2
cfi=(38)
cfn=(180)
calls=1 38 
* 10 3 2 1
* 1
+1 2 1
+18 2
+4 7 3
+1 3
cfi=(42)
cfn=(182)
calls=1 77 
* 11 5 4
* 1
cfn=(157)
calls=1 +4 
* 9 12
fi=(53)
36 15 0 0 1 0 0 1
+1 5
-1 5
+1 35 0 20 1 0 0 1
-1 5 0 10
+1 10
cfi=(51) ./misc/../sysdeps/unix/sysv/linux/mmap64.c
cfn=(162) mmap
calls=5 +10 
* 65 10 10 0 0 1 0 0 1
* 5
+4 10
+3 5 5
+1 10 5
-1 5 0 0 1 0 0 1
+1 5 5
-1 10
+1 15
-1 5 0 5
+1 5
cfi=(51)
cfn=(162)
calls=5 +2 
* 65 10 10
* 5
+4 35 25 0 1 0 0 1
+6 10
+1 35 0 35 9 0 0 2
cfi=(54) ./misc/../sysdeps/unix/syscall-template.S
cfn=(168) munmap
calls=5 +64 
* 30 0 0 1 0 0 1
* 30 35
cfn=(166) _dl_map_object_from_fd
calls=5 +3 
* 1296 239 527 18 0 98 12 0 98
fe=(30)

fl=(69) ./elf/../sysdeps/aarch64/dl-bti.c
fn=(250) _dl_bti_check
81 3 1 0 1 1 0 1
+13 1 0 0 1 0 0 1

fl=(43) ./string/./string/strcspn.c
fn=(134) strcspn
32 4 0 3 1 0 1 1 0 1
+1 2 1 0 0 1 0 0 1
+1 2 1
+5 2
+1 1
+1 1
+1 1
+5 1
-8 1 0 2 0 0 1 0 0 1
+1 1 0 2 0 0 1 0 0 1
+1 1 0 2 1 0 1 1 0 1
+1 1 0 2
-3 1 0 2
+1 1 0 2
+1 1 0 2
+1 1 0 2
+5 2 1 1
+1 1
-1 4 2 2
+1 2
+3 4 2
+1 4 2 0 1 0 0 1
+1 4 2
+1 4 2
+2 1
+6 1 1
+2 1 1
+1 1 1
-2 1 1
-1 1 1
+2 1 1
+3 7 2 0 1 0 0 1
-5 12 12
+2 12 12
+1 12 12
-2 12 12
-1 12 12
+2 12 12
+3 84 24
+2 1
+1 6
+1 3 3

fl=(2)
fn=(2)
517 1 0 2 1 0 1 1 0 1
+29 2
-29 2 0 2 1 0 1 1 0 1
+26 2
-26 4 0 6
fi=(6)
48 2
fe=(2)
517 1 0 2
fi=(3) ./elf/./get-dynamic-info.h
45 1 1 0 0 1 0 0 1
fe=(2)
543 1 0 1 0 0 1 0 0 1
+4 1 1 0 0 1 0 0 1
-30 1 0 1
+30 1
-1 1 0 1
+1 1 0 1 1 0 0 1
fi=(3)
45 1
+7 1
+16 1
-16 1
+2 1
+14 1
-15 1
+2 2
-6 8
+3 1
-1 2
+17 3 0 3 1 0 2 1 0 2
-23 6 3
+9 3 0 0 1 0 0 1
+2 4 0 0 1 0 0 1
+3 5
+3 4 0 0 1 0 0 1
+2 3
cfn=(4) _dl_start
calls=1 +4 
* 1446826 421860 157352 876 15002 2450 714 7930 1430
fi=(1)
-32 1 0 0 1 0 0 1
+5 1 1 0 0 1 0 0 1
+2 1
+2 1
+1 1
+1 1
+1 1
+1 1 1
+1 1
cfi=(93)
cfn=(336) _dl_init
calls=1 +35 
* 171733 47015 27001 711 1234 1617 652 383 1539
fe=(2)

fn=(3) _dl_start'2
563 1
+2 1 0 0 1 0 0 1
458 1
+18 1
+89 3 1 1 1 0 0 1
+13 1
cfi=(7)
cfn=(12) __rtld_malloc_init_stubs
calls=1 42 
* 17 2 6 2 0 2 2 0 2
458 3
+18 1
+1 1
-19 1 0 1
+18 1
cfi=(8)
cfn=(14)
calls=1 28 
* 24 7 6 2 1 0 2 1
+1 1 0 1
+17 1 1
-15 2
+9 1
-10 1 0 1 0 0 1 0 0 1
+10 1 0 1 1 0 0 1
+6 2
-15 1 0 1
+15 1
cfi=(9) ./elf/../sysdeps/unix/sysv/linux/dl-sysdep.c
cfn=(18) _dl_sysdep_start
calls=1 102 
* 1446179 421705 157273 856 14980 2431 694 7908 1411

fn=(144) map_doit
fi=(44) ./elf/./elf/dl-catch.c
69 3 1
+1 3 1 1
239 3 1 3
-25 1
+34 3 3
fe=(2)
641 1 0 2 1 0 0 1
+2 1
+1 1
-3 1
+2 1 1
+1 1
-3 2 0 1
+3 1 2
-1 1
+1 2
cfi=(30)
cfn=(146)
calls=1 1967 
* 2184 482 293 99 27 34 92 27 34

fn=(224) version_check_doit
fi=(44)
69 2 1
+1 1 0 1
197 2 0 1 1 0 0 1
+1 4 6
fe=(2)
674 1 0 2 1 0 1 1
+2 2
-2 3 0 1
+2 3 2 0 1 0 0 1
cfi=(66) ./elf/./elf/dl-version.c
cfn=(226) _dl_check_all_versions
calls=1 392 
* 16375 4842 1000 26 174 71 21 96 58

fn=(132) handle_preload_list
869 7 0 6 1 0 2 1 0 2
+5 2 1
+6 1
-10 4 0 2 1 0 0 1
+7 1
183 5 0 2
cfn=(133) handle_preload_list'2
calls=1 877 
* 2584 653 376 118 29 44 111 29 44
1842 3 1
cfn=(53) dl_main'2
calls=1 +5 
* 1426992 417721 156262 537 14854 2322 382 7782 1303

fn=(133)
891 2 1
+1 4
cfn=(136) do_preload
calls=1 -88 
* 2319 526 349 112 28 39 105 28 39
-15 3 0 0 1 0 0 1
cfi=(43)
cfn=(134)
calls=1 32 
* 227 120 22 4 1 4 4 1 4
* 1
+1 3
+2 1
+7 1 0 0 1 0 0 1
-7 3
cfi=(25)
cfn=(66)
calls=1 72 
* 14 4 4 0 0 1 0 0 1
+1 1 0 1
183 1 1
888 1 1
+1 2
183 1

fn=(52) dl_main
fi=(9)
143 7 11 0 2 3 0 2 3
fe=(2)
+54 1 0 0 1 0 0 1
1346 5 0 4 0 0 1 0 0 1
296 1
1346 6 0 8 1 0 1 1 0 1
296 3 0 3
1346 1 0 1 0 0 1 0 0 1
197 1 0 1
+2 1 0 1
302 1 0 1
+1 1 0 1
1357 1
cfi=(20) ./elf/../sysdeps/nptl/dl-tls_init_tp.c
cfn=(54) __tls_pre_init_tp
calls=1 53 
* 23 2 10 2 0 2 2 0 2
2749 3 1 0 1 0 0 1
2598 3 0 1 0 0 1 0 0 1
+2 1
-2 2 1 1
+4 3
cfi=(21)
cfn=(56)
calls=1 28 
* 48 18 3 2 0 0 2
* 1
+4 1 1
-2 1
+2 3
+1 12 0 0 1 0 0 1
-1 48 12
+3 2
+6 10 0 0 2 0 0 2
+72 12 2 0 1 0 0 1
+2 1
+1 2 0 0 1 0 0 1
-1 1 0 1
+1 1 0 1
+1 1
cfn=(53)
calls=1 -89 
* 1432364 419031 157101 801 14915 2411 639 7843 1391

fn=(53)
2602 4
cfi=(21)
cfn=(56)
calls=2 28 
* 1432293 419020 157100 798 14915 2411 636 7843 1391
* 1
+4 1 1
-2 1
+2 3
+1 7
-1 28 7
+3 2
+6 5
1144 56 8 0 0 4 0 0 4
+56 2 2 0 0 1 0 0 1
-1 2 2
+1 2
+1 2 2
-2 2
+2 4
+1 1 0 1
+2 4 2
+1 6
+4 2 2 0 0 1 0 0 1
+1 2 2
-1 4
+1 4
+1 2 0 2
+4 4
-72 27 0 0 2 0 0 2
1254 4
cfn=(53)
calls=1 * 
* 1431567 418870 157002 760 14901 2395 598 7829 1375
-1 18
+1 27 9
-1 1 0 0 1 0 0 1
+13 2 1 0 0 1 0 0 1
+3 2 1
+2 4 2
1672 4 2 0 1 0 0 1
+1 1 1
+1 2 1
fi=(4)
79 1 1
fe=(2)
1673 1 1
+2 1 1
-1 2 1
+1 3 0 1
-2 2
cfi=(26)
cfn=(74)
calls=1 64 
* 39 4 0 5 1 0 5 1
* 2 1 0 1 0 0 1
+5 3
+3 1
-1 1 0 2
+3 1 1
-2 1 0 1
+2 1
+1 1 0 1
+4 4 2
+2 1
fi=(3)
39 2 1 0 1 0 0 1
+6 1 1 0 0 1 0 0 1
-2 1
+2 1
+7 1
+2 1
-2 1
+3 1
-2 1
-4 22
+3 1
-1 2
+17 10 0 10 1 0 2 1 0 2
-23 20 10 0 0 2 0 0 2
fe=(2)
1744 1 1
+15 2
-15 2
+1 1 1
-1 1 1
+1 1
+2 1 1
+1 1 1
-4 2 0 1
+3 1
+12 1 1 0 1 1 0 1 1
-11 1
-3 1 0 1
+2 1 0 1
+1 1 0 1
-2 1 0 1
+13 2
+1 3 1
+5 2 1
-3 1 1
+9 2
-6 2 0 1 1 0 1 1 0 1
-3 1
+2 1 0 1 0 0 1
+6 3
+1 6 1 0 0 1 0 0 1
+2 3 2
+1 1 1 0 1 0 0 1
-1 1 0 1 0 0 1 0 0 1
+1 1 0 1
+5 4 2
225 1 1
fi=(4)
79 1 1
fe=(2)
224 1 1
+1 2 1
-1 1 1 0 1 0 0 1
+2 1
1788 3 0 0 1 0 0 1
+5 1 1
-1 1 0 0 1 0 0 1
1352 1
1793 1
+24 2 0 1
cfi=(40)
cfn=(124) _dl_count_modids
calls=1 194 
* 10 4 2 2 0 0 2
fi=(41) ./elf/../sysdeps/generic/dl-debug.h
29 1 1
fe=(2)
1817 1 0 1
fi=(41)
29 2 1
+1 1 0 1
fe=(2)
1823 2 0 1
+1 2 0 1
cfi=(38)
cfn=(128) _dl_debug_state
calls=1 116 
* 4 2 2 1 0 0 1
+1 1
+4 4 1 0 1 0 0 1
cfi=(42)
cfn=(130) _dl_audit_activity_map
calls=1 29 
* 14 8 6 4 0 0 4
+5 3 2
+4 1 1
-2 1
+2 1
+9 2 1
+16 6 0 1 1 0 0 1
cfi=(58) ./io/../sysdeps/unix/sysv/linux/access.c
cfn=(184) access
calls=1 25 
* 15 2 3 2 0 0 2
* 2 1
+76 2 1
+16 3 1
+10 9 1 1 1 0 0 1
cfi=(59)
cfn=(186) _dl_map_object_deps
calls=1 143 
* 1426931 417713 156255 529 14854 2322 374 7782 1303
+14 12
+1 20 5 0 1 0 0 1
+46 1 1 0 0 1 0 0 1
-42 2
+8 5 2 1
+1 1
+2 1 0 0 1 0 0 1
+2 4 1
+2 1
-4 1 1
+4 1 1
-4 2 0 1
+5 1 1
-1 1
+14 2 0 0 1 0 0 1
+2 1 1
-1 1 1
+1 1
-1 2 0 1
+1 2 1
+2 3 1
+1 1 0 1
-28 1
+36 1
+2 1
-2 1
+1 2 0 0 1 0 0 1
+1 6 0 1
-2 1 0 1 0 0 1
+1 1 0 1
+1 1
cfi=(44)
cfn=(222) _dl_receive_error
calls=1 186 
* 1402455 412599 153099 279 14576 2106 266 7626 1097
+14 1
837 1 0 0 1 0 0 1
+13 2
-13 1 1
+4 2 1
+9 1 2 0 0 1
+5 1 0 1
-5 1 0 1
fi=(141) ./elf/../sysdeps/unix/sysv/linux/dl-osinfo.h
39 1
fe=(2)
841 1 0 1
2047 2 1 0 0 1
2246 1 1
+4 2 1 0 0 1
-4 1 0 0 1 0 0 1
+13 1 1
-13 1
+4 1 2 0 0 1
-4 1 0 1
+10 1 1
-6 1 0 2 0 0 1
+6 1 0 1 0 0 1
+3 1
+8 1
fi=(142) ./elf/../sysdeps/aarch64/dl-prop.h
30 1 0 1
fe=(2)
2267 1 1
fi=(142)
30 3 1 0 0 1
cfi=(69)
cfn=(250)
calls=1 +51 
* 4 1 0 2 1 0 2
fe=(2)
2284 1 2
-5 2 1 0 1 0 0 1
+5 1
-5 1
+3 1 1
-3 1
+5 1 1
-2 2 0 1
+2 1
+1 6 1 1 0 1
cfi=(70)
cfn=(252) _dl_relocate_object
calls=1 207 
* 1385258 407596 151857 214 14377 1996 212 7525 1005
+95 5 2
cfi=(86) ./elf/./elf/dl-call-libc-early-init.c
cfn=(316) _dl_call_libc_early_init
calls=1 29 
* 535 150 66 28 29 5 28 27 4
1144 12 0 0 1 0 0 1
+20 2 2 0 1 1 0 1 1
+2 1 0 1
+7 1 1
-9 1 0 0 1 0 0 1
-1 1 0 1 0 0 1 0 0 1
+10 1
+18 2
cfn=(53)
calls=1 -48 
* 1431720 418896 157011 762 14907 2397 600 7835 1377
-37 1 1
-1 1 1
+1 1
-1 1 1
+1 3 1
-1 2 0 1
+1 1 0 1
+1 1
cfn=(53)
calls=1 -12 
* 1431628 418877 157005 761 14905 2397 599 7833 1377
+92 2 1 1 0 0 1 0 0 1
+1 2 1 1
+1 1
cfn=(53)
calls=1 1143 
* 1431574 418870 157002 760 14901 2395 598 7829 1375
-6 2 1 1 0 0 1 0 0 1
+1 1
cfn=(53)
calls=1 1143 
* 1431590 418873 157004 760 14902 2396 598 7830 1376
fi=(3)
54 3 0 0 1 0 0 1
fi=(39) ./elf/../sysdeps/generic/dl-call_tls_init_tp.h
-20 2 1 0 1 0 0 1
cfi=(2)
cfn=(53)
calls=1 1788 
* 1429661 418397 156664 669 14883 2368 507 7811 1349
fe=(2)
2640 5 1 0 1 0 0 1
+10 4
226 2 0 0 1 0 0 1
cfn=(53)
calls=1 -2 
* 1429665 418399 156664 671 14883 2368 509 7811 1349
fi=(3)
56 4 0 0 1 0 0 1
+3 5
fe=(2)
1206 3 0 1 1 0 0 1
cfn=(53)
calls=1 +3 
* 1431657 418884 157008 761 14906 2397 599 7834 1377
2650 7 2 0 2 0 0 2
+2 2 0 1
+1 1
cfn=(53)
calls=1 -51 
* 1432158 418967 157097 798 14915 2411 636 7843 1391
fi=(3)
62 4 0 0 1 0 0 1
+2 3
cfn=(76) dl_main
calls=1 +4 
* 1431357 418829 156987 747 14896 2393 585 7824 1373
fe=(2)
1943 7 0 0 2 0 0 2
1842 5 0 1 2 0 0 2
cfn=(132)
calls=1 869 
* 1429599 418376 156648 657 14883 2368 495 7811 1349
1943 6 0 1 1 0 0 1
+1 1
+3 3 0 1
+1 1 1
+1 1 0 0 1 0 0 1
-6 1
+7 2

fn=(136)
804 2 0 2 1 0 0 1
+8 1
-8 2 0 2
+10 2
-10 1
+12 5
-12 2 0 2
+10 1 1
+2 1 0 0 1 0 0 1
-6 1 0 2
+1 1 0 1
+1 1 0 1
+4 1
cfi=(44)
cfn=(138) _dl_catch_error
calls=1 254 
* 2286 514 339 109 28 39 102 28 39
+76 1
-18 2 1
+21 9 10 0 1 0 0 1

fn=(234) init_tls
734 3 0 4 1 0 0 1
+2 2 0 0 1 0 0 1
-2 2 0 2
+6 1 1
-4 2 1 1
+4 1
fi=(23)
44 1
fe=(2)
751 1
fi=(23)
44 1
fe=(2)
746 1
fi=(23)
44 3 1
cfi=(24)
cfn=(62) __minimal_calloc
calls=1 +36 
* 38 9 9
fe=(2)
755 1
+6 1 1 0 0 1 0 0 1
-12 1 0 1 1 0 0 1
+7 1 0 1 0 0 1 0 0 1
+1 1 0 1
+4 1
+2 2 1
-1 2
+3 14 7 0 0 7
+4 9 0 3
-5 3 3
-1 3
+1 4 4
-1 4
+10 5 1 0 1 0 0 1
+3 2
cfi=(40)
cfn=(238) _dl_tls_static_surplus_init
calls=1 97 
* 81 16 12 3 4 1 2 2 1
+3 1
cfi=(40)
cfn=(240) _dl_determine_tlsoffset
calls=1 222 
* 533 81 185 20 5 33 16 2 32
2040 3 1
cfn=(53)
calls=1 +2 
* 1385311 407616 151867 219 14384 1998 217 7525 1005

fl=(60)
fn=(194)
28 1 0 2
+1 2
-1 1
+2 1 2
-1 3
cfi=(61) ./io/../sysdeps/unix/sysv/linux/fstatat64.c
cfn=(196) fstatat
calls=1 146 
* 11 2 2 1 0 0 1

fl=(81)
fn=(298)
94 4 0 4 1 0 0 1
+1 4 2 2
+1 6 2 2
+1 4 0 2
+6 8 4
+1 4
+1 6 0 0 1 0 0 1
cfn=(299)
calls=2 * 
* 92 22 2 0 6 0 0 6
fi=(80)
485 2 2
+1 6 2
+1 4
+3 4 2
cfn=(297)
calls=2 -2 
* 732 171 46 3 46 5 3 42 5
fe=(81)

fn=(299)
94 12 0 12
+1 12 6 6 0 2 0 0 1
+1 18 6 6 0 2 0 0 2
+1 12 0 6 0 0 3 0 0 3
+6 24 12 0 0 7 0 0 6
+1 12
+1 18
cfn=(299)
calls=6 * 
* 234 59 6 0 30 0 0 29
-1 123
+1 147 49 0 0 35 0 0 35
+2 40 16 8 0 1
+13 16 16
fi=(80)
517 12
cfn=(297)
calls=6 -11 
* 1194 291 96 0 107 9 0 97 9
fe=(81)

fl=(72)
fn=(268) check_match
70 3738 0 3738 1 0 10 1 0 4
+3 1869 1869 0 0 304 0 0 236
-3 18690 3738 9345 0 7 0 0 3
+3 5607 1869
+13 1869 0 0 1 0 0 1
-13 1869
+13 1869
-13 1869
+13 5607
+3 4130 98
cfi=(26)
cfn=(74)
calls=98 -25 
* 6268 1132 0 0 104 0 0 72
* 98
+4 1869 1869 0 0 4 0 0 1
+1 1869
+2 1866 0 0 2 0 0 2
+19 1866 1866 0 0 72 0 0 31
+1 16794 5598 0 0 59 0 0 7
+2 3 1
+43 1867
+1 9335 13069 0 1 0 0 1
-18 3
+2 3 3 0 0 3 0 0 2
+1 9
-1 9
+4 1
+1 6 3 1
+2 2 1 1
-75 2
cfn=(269) check_match'2
calls=1 +84 
* 5 7
* 2
cfn=(269)
calls=1 +84 
* 5 7
+39 5595 3730 0 1 18 0 1
cfi=(26)
cfn=(74)
calls=1865 -53 
* 78513 9146 0 0 120 0 0 21
* 1865
436 2
+3 4 2
cfn=(267) do_lookup_x'2
calls=2 * 
* 303 96 14 0 5 0 0 1

fn=(269)
70 2 0 2
+3 1 1 0 0 1 0 0 1
-3 10 2 5
+3 3 1
+13 1
-13 1
+13 1
-13 1
+13 3
+3 6 1
cfi=(26)
cfn=(74)
calls=1 -25 
* 74 14
* 1
+4 1 1
+1 1
+2 1
+19 1 1
+1 9 3 0 0 1
+45 1
+1 15 21
-45 3 2
cfi=(26)
cfn=(74)
calls=1 -53 
* 53 7 0 0 3
* 1

fn=(262) _dl_lookup_symbol_x
772 1008 0 720 1 0 12 1 0 6
+6 144
-6 72 0 144 1 0 2 1
+6 72 0 144 0 0 3 0 0 2
fi=(73) ./elf/../sysdeps/generic/dl-new-hash.h
74 72 72 0 0 63 0 0 42
+3 72
-8 72
+1 72
+31 144
-21 144 72 0 0 1 0 0 1
+1 72
-1 2270 1135 0 0 10 0 0 9
+1 1135
+21 1179
-28 2358 1179 0 0 22 0 0 11
+30 1179
-27 1179
fe=(72)
778 44 44 0 1 0 0 1
-4 88 0 44 0 0 2
+1 44 0 88
+3 132 44 44 0 3
+4 87
+5 88 88 0 0 4 0 0 1
-2 44
+6 88 0 44
-15 220 88 44 1 0 0 1
cfn=(263)
calls=44 +16 
* 17225 6096 2222 20 359 22 20 68 12
fi=(73)
87 28
+2 28
+1 28
cfi=(72)
cfn=(263)
calls=28 778 
* 12053 4269 1563 17 224 12 16 54 3
fi=(5)
+43 4 8
+3 4 4
-3 4
fi=(6)
+42 4
fi=(5)
-40 4
-1 4
-1 4 4 0 0 2 0 0 1
+3 4
-2 8 0 8
-1 4
+3 4
fi=(6)
+41 8
+2 4
fi=(70)
-9 12 4 0 0 3 0 0 3
fi=(4)
-30 9 3
fi=(70)
+31 6
+3 20 3
+16 6
+3 6 6
+1 6 0 6
-1 6 0 6 0 0 2
fi=(6)
-5 14 4
+3 4 4
-3 13 5 0 0 1
+5 5
-5 5 5
+5 10 0 0 1 0 0 1
-5 5
+5 15 5
+3 39
+12 12 4 4 1 0 3 1
fi=(5)
-58 12 4
-19 12
fi=(6)
+57 6 1 0 1 0 0 1
+8 18 0 0 1 0 0 1
cfn=(254)
calls=2 +12 
* 15669 5080 1862 3 295 2 3 133 2
* 6 0 0 1 0 0 1
+15 1 1
+62 1
+2 4 1 0 0 1
+2 4 2
-1 1 0 1 0 0 1 0 0 1
fi=(5)
150 2 1
cfn=(258)
calls=1 * 
* 52188 16497 6396 25 936 17 24 470 7
* 8
cfi=(70)
cfn=(253)
calls=2 +36 
* 27169 8379 3144 10 400 5 10 163 4
fi=(70)
+25 4 1
fi=(6)
-72 2
fi=(5)
+79 2 2
fi=(6)
-7 1
fi=(5)
+8 1
-1 3 0 2
fi=(6)
-5 2
+2 1
fi=(70)
-9 3 1
fi=(4)
-30 3 1
fi=(70)
+31 2
+3 8 1
+19 1 1
-3 1
+4 1 0 1
-1 1 0 1
fi=(6)
-5 3 1
+3 1 1
-3 3 1 0 0 1
+5 1
-5 1 1
+5 3 1 0 1 0 0 1
-5 1
+5 2
+3 7
+12 3 1 1 1 0 1 1 0 1
fi=(5)
-12 3 1
-16 3
+16 4
cfi=(70)
cfn=(253)
calls=1 -10 
* 2936 966 354 2 62 0 2 16
fi=(70)
-21 3
cfn=(253)
calls=1 +2 
* 1261086 369087 136466 24 11409 1394 24 5724 449
fi=(107) ./elf/./elf/dl-runtime.c
-80 61
+4 122 61
+10 732 244 61 2 6 0 1
fi=(71) ./elf/../sysdeps/aarch64/dl-irel.h
-71 61
fi=(107)
+86 244 61
+9 120 60
+29 60 60 0 2 0 0 1
-3 180 60 0 0 1
fi=(6)
-12 60 0 60
fi=(107)
+16 360 600 0 1 0 0 1
fi=(71)
38 1 0 0 1 0 0 1
-1 2 0 1
+3 1
-2 1 1
+1 2 1 2
+1 2
cob=(2) /usr/lib/aarch64-linux-gnu/libc.so.6
cfi=(78) ./string/../sysdeps/aarch64/multiarch/memset.c
cfn=(288) memset
calls=1 +1 
* 23 7 2 1 1
fi=(107)
+85 2 0 1
cfn=(403) _dl_fixup'2
calls=1 +8 
* 13 13 1
fi=(7)
-57 20 8
+1 44 12 0 1 0 0 1
+2 4 0 4
fi=(83) ./elf/./dl-sym-post.h
-30 8
+12 12 4
fi=(7)
+19 20 28 0 1 0 0 1
fe=(72)

fn=(263)
772 25410 0 18150 0 0 7 0 0 2
+6 3630
-6 1815 0 3630 0 0 2 0 0 1
+6 1815 0 3630
fi=(73)
74 1815 1815 0 0 964 0 0 761
+3 1815
-8 1815
+1 1815
+31 3630
-21 3630 1815 0 0 25 0 0 21
+1 1815
-1 73718 36859 0 0 499 0 0 424
+1 36859
+21 37765
-28 75530 37765 0 0 520 0 0 449
+30 37765
-27 37765
fe=(72)
778 1843 1843
-4 3686 0 1843 0 0 1 0 0 1
+1 1843 0 3686
+3 5529 1843 1843 0 13
+4 3666
+5 3686 3686 0 0 6 0 0 2
-2 1843
+6 3686 0 1843
-15 9215 3686 1843
cfn=(263)
calls=1843 +16 
* 668626 241458 91279 43 6054 67 42 1349 44
+16 20757 3774 7548 2 0 2 2 0 2
cfn=(266) do_lookup_x
calls=1887 347 
* 665094 243780 85953 61 6413 87 60 1417 54
+81 2 1
+19 114 190
-76 19 0 19
+76 57 38
fi=(73)
87 909 0 0 1 0 0 1
+2 909
+1 909
cfi=(72)
cfn=(263)
calls=909 778 
* 343509 123615 50117 16 2833 16 16 592 12
fi=(70)
190 2
+3 2 2 0 1 0 0 1
+1 2 0 2
-1 2 0 2
fi=(6)
-5 2
fi=(5)
-55 1790 3580 0 0 446 0 0 446
+3 1790 1790
-3 1790
fi=(6)
+42 1790
fi=(5)
-40 1790
-1 1790
-1 1790 1790 0 0 966 0 0 168
+3 1790
-2 3580 0 3580
-1 1790
+3 1790
fi=(6)
+41 3580
+2 1790
fi=(70)
-9 5370 1790 0 0 1189 0 0 944
fi=(4)
-30 5367 1789
fi=(70)
+31 3578
+3 12087 1789
+12 2 1
fi=(4)
79 1 1
fi=(70)
186 2 2
-2 1 0 1
-1 1 0 1
+3 121 60
fi=(4)
79 60 60
fi=(70)
186 120 120 0 0 12
-2 60 0 60
-1 60 0 60
+3 182
+1 61
+1 122 61 0 0 6 0 0 3
-1 122
+3 366 61
cfi=(72)
cfn=(263)
calls=61 772 
* 538867 166818 61171 382 8595 100 362 2941 77
* 1808
+3 1808 1808
+1 1808 0 1808
-1 1808 0 1808
fi=(6)
-5 5398 1795
+3 1795 1795
-3 5386 1796 0 0 12 0 0 2
+5 1796
-5 1796 1796
+5 3592
-5 1796
+5 5388 1796
+3 18272
+12 5379 1793 1793 0 228 421 0 221 78
fi=(5)
-58 5379 1793 0 0 1
-19 5394 12 0 0 1 0 0 1
cfi=(70)
cfn=(253)
calls=3 301 
* 16655 5917 1253 4 599 12 4 576 10
+20 180 120 0 1 1 0 1 1
fi=(6)
+37 6 1
fi=(71)
38 4 4 0 1 0 0 1
+2 8 0 8
-2 4
-1 8 0 4
+1 4 4
+1 8 4 8 0 1 0 0 1
+1 8
cob=(2)
cfi=(79) ./string/../sysdeps/aarch64/multiarch/memmove.c
cfn=(290) memmove
calls=1 +1 
* 18 6 2 3 1 0 3
cob=(2)
cfi=(78)
cfn=(288)
calls=1 +1 
* 23 7 2 2 0 0 2
cob=(2)
cfi=(76) ./string/../sysdeps/aarch64/multiarch/strlen.c
cfn=(276) strlen
calls=1 -6 
* 13 4 2
cob=(2)
cfi=(77) ./string/../sysdeps/aarch64/multiarch/memcpy.c
cfn=(286) memcpy
calls=1 +1 
* 18 6 2 4 2 0 4 2
* 4
fi=(6)
196 149 8
cfn=(254)
calls=1 +12 
* 23381 7147 2677 10 343 5 10 141 4
cfn=(255)
calls=12 +12 
* 595902 183632 68142 42 8766 358 42 4550 95
* 16
+15 2 2
+62 2
+2 8 2 0 0 1
+2 8 4 0 0 1 0 0 1
-1 2 0 2
fi=(5)
150 4 2
cfn=(258)
calls=1 * 
* 12268 3940 1499 0 220 1 0 87 1
cfn=(259)
calls=1 * 
* 26357 8335 3174 15 468 8 14 182 4
* 4744
cfi=(70)
cfn=(253)
calls=1186 +36 
* 631643927 187307689 68436865 12502 6340373 525917 12451 2984293 145375
fi=(6)
282 3 2 0 1 0 0 1
+1 3 1 0 1 0 0 1
fi=(71)
38 1 1
-1 1
+1 2 1 2
+1 2 1 1 0 1
+1 2
cob=(2)
cfi=(75) ./string/../sysdeps/aarch64/multiarch/memchr.c
cfn=(274) memchr
calls=1 -6 
* 12 4 2 2 1 1 2
* 1
fi=(6)
285 1 0 1
fi=(5)
150 2 1
cfn=(259)
calls=1 * 
* 169 58 12 10 9 0 9 1
fi=(70)
+25 2168 542 0 1 0 0 1
fi=(6)
+16 4 2 0 1 0 0 1
cfn=(255)
calls=2 -3 
* 837 280 93 0 17 3 0 10 2
-88 1084
fi=(5)
+79 4 4 0 0 1 0 0 1
fi=(6)
-7 2
fi=(5)
+8 2
-1 6 0 4
fi=(6)
-5 4
+2 2
fi=(70)
-9 6 2 0 0 2 0 0 2
fi=(4)
-30 6 2
fi=(70)
+31 4
+3 16 2
+19 5 5
-3 5
+4 5 0 5
-1 5 0 5
fi=(6)
-5 9 2
+3 2 2
-3 6 2
+5 2
-5 2 2
+5 6 2
-5 2
+5 4
+3 14
+12 6 2 2
fi=(5)
-12 6 2
-16 6
+16 27 0 0 2 0 0 2
cfi=(6)
cfn=(255)
calls=2 +12 
* 786 282 82 0 16 0 0 9
cfi=(6)
cfn=(254)
calls=1 +12 
* 1816 605 216 0 34 0 0 12
* 8
cfi=(70)
cfn=(253)
calls=2 -10 
* 3451 1176 411 2 73 0 2 18
fi=(70)
-21 1626 0 0 1 0 0 1
cfn=(253)
calls=542 +2 
* 407798780 120470562 43887932 6012 3937121 352216 6008 1815984 96603
fe=(72)

fn=(266)
347 16983 5661 11322 2 0 12 2 0 6
+1 1887 1887 0 0 4 0 0 1
-1 16983 1887 20757 3 0 14 2 0 6
+7 1887 1887
+58 1887
-47 1887
+50 1887
-25 11322 0 1887
cfn=(267)
calls=1887 -32 
* 550108 194794 50099 48 6377 61 48 1411 42
791 54 18 0 0 3 0 0 1
+1 1887
+5 1887 1887
+23 3774 1887
-23 1887
+24 9329 1865 0 0 4
+7 1869 1869
-7 1869
+35 7476 1869 0 2 0 0 2
+34 3738 1869
-20 3738 1869 0 0 17 0 0 4
+3 3736 1868 0 0 8
+19 11208 18680
-76 1868 0 1868
+76 5604 3736 0 2 0 0 2
-93 90 18 0 1 0 0 1
+18 54 0 0 1 0 0 1
cfn=(263)
calls=18 +75 
* 180 216 18
+54 3 0 1 2 0 0 2
cfn=(263)
calls=1 +2 
* 12 13 1

fn=(267)
396 12092 6046 0 0 31 0 0 4
+8 6046 6046 0 0 174 0 0 7
-4 6046 0 6046 2 0 1 2
fi=(4)
79 6046 6046
fe=(72)
404 6046
-3 6046 0 6046
+3 12092 6046 0 0 336 0 0 7
+1 6046 6046 0 0 8 0 0 1
+3 6046 6046
-3 12092 6046 0 0 3 0 0 1
+4 6046
+4 6046 6046
+3 6046 6046
-3 6046
+3 6046
-5 6046 6046 0 0 1370 0 0 150
+8 24184
+99 12531
358 12092 12092 0 1 132 0 1 7
+3 12092
+4 6046
+21 12092 6046 0 2 53 0 2 5
+4 12092 6046 0 0 12
fi=(4)
139 2 1
+1 1
fe=(72)
476 2
fi=(74) ./elf/../sysdeps/generic/dl-protected.h
29 3
fe=(72)
483 8 1
+16 1 1
+1 1 0 2
+1 1
+21 8 12
-21 82
+21 656 984
-99 1922 0 0 1 0 0 1
-1 5766 3844 0 0 1488 0 0 220
+2 1922
+2 1917 1917
+6 3834
-6 21087 0 13419 2 0 0 2
cfn=(267)
calls=1917 +3 
* 320546 108388 25713 38 3112 60 38 1139 42
+13 5806
-10 19084 4771 0 0 1868 0 0 530
+2 1870 1870
+1 5610 5610 3740 1 4 4 1 0 1
-1 1870
+1 3740 1870
+1 1870
-1 5610 0 1870
+1 1870
-1 3740
cfn=(269)
calls=1 70 
* 180 40 7 0 5 0 0 1
cfn=(268)
calls=1869 70 
* 175281 44104 13099 6 696 10 6 374 4
+4 1868
230 92
cfn=(267)
calls=46 +4 
* 13437 3738 1831 42 343 117 42 259 109
+24 176
+3 95
+1 285
-24 176 176 0 0 91 0 0 45
+1 176 176
-1 352
522 18 36 0 1 0 0 1
-1 18
+1 126 180 0 1 0 0 1
311 162 81
-1 81
+19 82 82 0 1 0 0 1
+2 164 0 82
-2 328
+2 82 82
-2 82
+2 82 82
-2 246 82 82
+2 82
cfi=(20)
cfn=(72) rtld_mutex_dummy
calls=82 42 
* 410 164 164
+2 164 164
+1 164 0 164
cfn=(267)
calls=82 501 
* 738 984
176 114
cfn=(267)
calls=38 -4 
* 1942 889 380 0 0 13 0 0 5
* 162
cfn=(267)
calls=81 -4 
* 3939 1866 810 0 0 21 0 0 12
-2 84
+1 252
-3 332 166 0 0 1 0 0 1
318 82 82
179 82 0 82
318 82
181 82 0 164 0 0 22 0 0 13
+1 82 0 82
318 164 0 0 1 0 0 1
470 148 50 0 2 0 0 2
+2 1
262 1620 729 0 1 0 0 1
+7 10 0 8 1 0 0 1
cfi=(46)
cfn=(284) _dl_higher_prime_number
calls=2 87 
* 2100 507 346 6 75 25 6 55 25
+11 176 88 0 0 3 0 0 2
+1 136 204 0 0 16 0 0 2
170 68
+1 68
-1 68
+1 136
-1 68
+2 204
cfn=(267)
calls=68 * 
* 36978 9428 6740 59 1194 460 59 855 460
* 10
cfn=(267)
calls=5 * 
* 1403 397 290 6 28 21 6 25 21
+2 14
+1 42
-3 168 84 0 0 47 0 0 46
+7 70 0 70
+2 70 0 140 0 0 24 0 0 24
+1 70 0 70
+97 270
+6 4 2 4
+2 2
-2 22 2 6 1 0 0 1
cfi=(24)
cfn=(118) __minimal_free
calls=2 97 
* 22 10 8 1 0 0 1
+1 2 0 4
+3 2
171 2 2
288 2
+1 4 2 2
171 10 8
-1 2
+1 4
-1 4
cfn=(267)
calls=2 311 
* 101 47 20 0 0 1 0 0 1
+89 92 0 0 1 0 0 1
cfn=(267)
calls=46 -29 
* 13529 3738 1831 42 343 117 42 259 109
448 392 343 0 3 0 0 3
cfn=(267)
calls=49 +22 
* 13227 4280 1127 2 342 0 2 130
176 10 0 0 1 0 0 1
cfn=(267)
calls=5 -4 
* 1413 397 290 6 28 21 6 25 21
* 16812 13076 0 2 0 0 2
cfi=(4)
cfn=(270) do_lookup_x
calls=1868 -37 
* 62019 32520 5884 24 202 46 24 105 37

fl=(4)
fn=(270)
139 3736 1868 0 1 0 0 1
+1 1868
fi=(72)
476 3736
fi=(74)
29 5604 0 0 2 0 0 2
fi=(72)
483 9900 1868
+16 1786 1786
+1 1786 0 3572
+1 1786
+21 14288 21432
-35 3660 1220 0 1 13 0 1
222 82 82 0 1 0 0 1
+2 492 82 0 0 14 0 0 1
-2 164
+2 246 0 164 1 0 0 1
-2 82 0 82
+2 82
-2 82 0 82
+2 82
+2 82
-2 164 0 82
-2 82 0 82
+2 82
cfi=(20)
cfn=(72)
calls=82 42 
* 410 164 164
+3 82 164 0 0 6 0 0 1
+1 410 328
+2 81 0 0 1 0 0 1
+1 405 0 324
-1 81
+1 81
-1 81
+1 243 0 162
-1 729 0 0 1 0 0 1
cfn=(267)
calls=81 +4 
* 9417 3488 1144 9 166 45 9 100 36
fi=(23)
44 8 1 4 0 1 0 0 1
cfi=(24)
cfn=(62)
calls=1 +36 
* 38 9 9 1 1 0 1 1
* 1
fi=(72)
302 1
170 1 0 0 1 0 0 1
+1 1
-1 1
+60 1
-60 1
+1 1
-1 1
+1 2
307 1
170 1
306 1 1
171 1
-1 1
307 1 1
170 1
+1 3 0 0 1 0 0 1
-1 1
306 1 2
171 2
-1 1
+1 1
-1 1
306 1 1
170 2
306 1
-6 1
+6 1 0 2
+1 1 0 1 1 0 0 1
+4 2 1
-1 1
176 2 0 0 1 0 0 1
cfn=(267)
calls=1 -4 
* 41 22 10 2 1 1 2 1 1
fe=(4)

fn=(256) _dl_relocate_object
79 3
fi=(70)
301 6
fe=(4)
79 3
fi=(70)
301 129 39 33 0 17 0 0 5
-80 3
-38 3
fi=(5)
-69 3
fi=(70)
+69 6
+7 3
+31 3
-38 6 0 9
+38 3 0 6
fi=(6)
+33 9 0 3
fi=(5)
53 6 3
-3 3 6
-1 3 3
+4 3 3 0 0 1
fi=(70)
301 3 3
fi=(5)
49 3
+4 3
-3 3
-1 3
+4 3
+27 3
+34 6
+9 9
fi=(6)
303 3 3 0 0 3 0 0 1
fi=(5)
123 3
fi=(6)
303 9 3 3 0 1 3 0 1 3
fi=(5)
123 6
fi=(6)
303 1063 1063 0 0 133 0 0 133
fi=(5)
123 1063
fi=(6)
303 3189 1063 1063 0 266 322 0 266 319
fi=(5)
123 2126
+3 6 3 0 0 3 0 0 2
fe=(4)
-47 2 2 0 0 1
fi=(5)
+50 4 2 0 0 1
+2 4
fi=(71)
-93 2 2 0 0 1
-1 4 0 4 0 0 1
+1 2
fi=(6)
254 4
fi=(71)
37 4 0 4
fi=(6)
254 2 0 2
fi=(71)
38 2 0 2
fi=(5)
+95 2 4
+3 2 2
-3 2
fi=(6)
+42 2
fi=(5)
-40 2
-1 2
-1 2 2 0 0 2 0 0 1
+3 2
-2 4 0 4 0 0 1
-1 2
+3 2
fi=(6)
+41 4
+2 2
fi=(70)
-9 6 2 0 0 2 0 0 2
fe=(4)
-30 6 2
fi=(70)
+31 4
+3 16 2 0 0 2
fi=(5)
-24 8
cfi=(70)
cfn=(253)
calls=2 +36 
* 1264966 370380 136878 27 11506 1405 27 5768 449
+30 2 0 0 1 0 0 1
fi=(6)
+74 3 0 1
fi=(71)
37 1
+1 9 1 5 1 0 0 1
fi=(5)
182 2 2
fi=(6)
-7 1
fi=(5)
+8 1
-1 3 0 2
fi=(6)
-5 2
+2 1
fi=(70)
-9 3 1 0 0 1 0 0 1
fe=(4)
-30 3 1 0 1 0 0 1
fi=(70)
+31 2
+3 8 1 0 0 1 0 0 1
fi=(5)
+22 4 0 0 1 0 0 1
cfi=(70)
cfn=(253)
calls=1 -10 
* 3532 1155 433 6 85 1 6 19 1
fe=(4)

fl=(9)
fn=(330) _dl_sysdep_start_cleanup
147 2 0 2 1 0 0 1
+1 2 2

fn=(20) _dl_sysdep_parse_arguments
78 1 0 2 1 0 1 1 0 1
+1 1
+1 1
-2 1
+1 2 1 1 1 0 1 1 0 1
+2 1
-1 1 0 1
-2 1 0 2 0 0 1 0 0 1
+3 2
-3 2 0 2
+3 2 0 1 0 0 1 0 0 1
+2 59 29 0 0 4 0 0 4
+7 1 0 0 1 0 0 1
-4 2
+4 3
-4 2 0 1 0 0 1 0 0 1
+4 1
cfi=(10)
cfn=(22)
calls=1 -58 
* 44 0 29 3 0 6 3 0 6
* 1
fi=(11) ./elf/../sysdeps/unix/sysv/linux/dl-parse_auxv.h
-58 1
+9 1 1
-9 1
+1 1
+6 1
-6 1 0 1
-1 1 0 1 1 0 0 1
+7 1 0 1
+2 2
+1 46
+1 46 23 23 0 6 0 0 6
-2 46 23
+7 1 2
+1 1 2
+2 1 2
fe=(9)
+42 1 1
fi=(11)
-48 1 1
fe=(9)
+50 1 1
fi=(11)
-39 1 1 0 1 0 0 1
-1 1 1
fe=(9)
+39 1 1
fi=(11)
-42 1 1
+1 1 1
-7 1 1
-1 1
+1 2
fe=(9)
+50 1 2
fi=(11)
-49 1 0 1
+7 1 0 1
+1 1 0 2
-3 1 0 1 0 0 1 0 0 1
+1 1 0 1
-5 1 0 1
+8 1 0 1 1 0 0 1
-7 1 0 1
+1 1 0 1
+1 1 0 1
-5 1 0 1
fe=(9)
+47 1 0 1
+1 1 0 1
+1 1 0 1
+1 3 4

fn=(18)
102 3 0 4 1 0 1 1 0 1
+1 2
-1 1 0 2
fi=(6)
+26 1
fe=(9)
-26 2 0 2 1 0 0 1
+4 1
-4 1 0 2 0 0 1 0 0 1
+1 1 0 1
+3 1
cfn=(20)
calls=1 -28 
* 309 98 80 9 10 12 9 10 12
+4 3 1
cfi=(12) ./elf/./elf/dl-tunables.c
cfn=(26) __GI___tunables_init
calls=1 261 
* 1445845 421593 157182 844 14969 2417 682 7897 1397
fi=(2)
496 2 1 0 1 0 0 1
+89 7 12 0 0 1 0 0 1
fe=(9)

fl=(62)
fn=(198)
fi=(30)
2135 4
+2 4
+4 4
+8 4 4
+23 4
-23 4
+23 32 0 8 1 0 0 1
cfn=(150)
calls=4 1572 
* 460 108 72 14 3 0 1 1
* 4
+4 12 4
+18 4 4
-17 4 0 4
+17 8 4
+28 16 4
cfn=(147)
calls=4 +45 
* 6913 1480 1282 71 102 168 5 88 165
fe=(62)
403 16 0 24 4 0 0 1
+2 4
-2 4
+2 4 4
-2 4
+2 4
+3 16 4 0 1 0 0 1
+69 6
+5 6 3
+3 3 3
-3 6
+3 15 3 0 0 2
cfn=(204) search_cache
calls=3 203 
* 3553 561 178 14 46 4 0 38 3
-74 5 0 0 1 0 0 1
cfi=(46)
cfn=(200) _dl_sysdep_read_whole_file
calls=1 36 
* 1431 226 77 26 21 1 22 21 1

fn=(199) _dl_load_cache_lookup'2
482 2 1
+3 1 1
-3 2
+3 5 1
cfn=(204)
calls=1 203 
* 1300 203 60 20 20 1 17 20 1

fn=(204)
203 4 0 8 1 0 0 1
+5 4
-5 24 0 16
+5 4
-5 8 0 8
+5 4
-5 16 0 16
+5 4 0 0 1 0 0 1
-5 4 0 4
+5 8 0 4
cfi=(12)
cfn=(33) __tunable_get_val'2
calls=4 390 
* 92 20 12 5 4 0 0 1
* 4 4
+12 8
+3 4
-10 8
cfn=(205) search_cache'2
calls=4 +9 
* 4045 611 90 19 60 0 13 55
485 4
+15 8 4
+4 4 0 0 1 0 0 1
+8 8
cfi=(18)
cfn=(48)
calls=4 50 
* 116 13 0 0 2 0 0 2
+1 4
-1 4
+1 44 0 4 4 0 0 1
+1 12
cfi=(25)
cfn=(66)
calls=4 72 
* 56 16 16
+1 4
cfi=(36)
cfn=(112)
calls=4 40 
* 328 72 60 3 0 5 0 0 4
+1 20 24

fn=(205)
349 14
220 28
+2 35
+9 35
-9 70 0 0 1 0 0 1
+1 105 35 0 0 27 0 0 24
+4 70
+4 70
cfn=(206) _dl_cache_libcmp
calls=35 357 
* 2884 448 70 11 32 0 5 30
+1 70
346 31
+1 17
220 34
353 4 0 0 1 0 0 1
222 16
cfn=(205)
calls=4 +18 
* 562 128 20 6 1 0 6 1
+20 8 4
+5 4
-2 8
+2 12
cfn=(206)
calls=4 357 
* 342 52 8 0 1 0 0 1
* 4
-7 8 0 0 1 0 0 1
-30 16 0 4
+1 16 4
-1 16 0 8 1 0 0 1
cfn=(205)
calls=4 +49 
* 128 68 0 4 0 0 4
+49 8
+10 12 4 0 1 0 0 1
+1 12 4
+7 12 4
fi=(63) ./elf/../sysdeps/generic/dl-cache.h
125 4 4
fe=(62)
295 20
+3 12 4 0 1 0 0 1
+11 12 0 0 1 0 0 1
+21 4
+23 32 48 0 1 0 0 1

fn=(206)
357 78 0 78 1 0 0 1
+1 86 43
+4 203 203 0 1 33 0 1 31
-2 406
+2 406
-2 406
+20 398
+2 398
-24 164 164
+28 164
+1 164
-29 164
+32 8 4
+1 8 8
-29 8 0 0 4 0 0 1
+8 4 4
-1 4
-1 4
+2 16
+2 16 4 0 4 0 0 1
-3 4
+3 4
+2 8
+9 35 0 0 1 0 0 1
+8 70 70

fn=(334) _dl_unload_cache
525 3 0 4 1 0 0 1
+1 6 1 0 0 1 0 0 1
+2 2 1
cfi=(54)
cfn=(168)
calls=1 120 
* 6 0 0 1 0 0 1
+1 1 0 1
+4 1 0 1 1 0 1 1
+2 3 4

fl=(3)
fn=(4)
49 24
+3 1
-1 2
+17 12 0 12 0 0 3 0 0 3
-23 24 12 0 0 3 0 0 3
+9 3
+1 2
cfn=(5) _dl_start'2
calls=1 +13 
* 1446758 421848 157340 876 14999 2447 714 7927 1427

fn=(5)
49 10
+3 4
-1 8
+17 6 0 6 0 0 3 0 0 3
-23 12 6 0 0 2 0 0 2
fi=(4)
+34 2 1
fe=(3)
+31 1 1
-38 2
+12 2 1
+1 6 2 1 1 0 0 1
+1 6 2 1
+1 6 2 1
+1 3 1 0 1 1 0 1 1
+1 6 2 1
+1 6 2 1 1 0 0 1
+1 6 2 1
+12 5 2
+7 1
+5 3 1
+7 2 1 0 1 0 0 1
+1 5 2
+6 2 1
+4 3 1 0 1 0 0 1
+1 2 1
+5 5 2
+3 6 2
fi=(2)
563 6 0 0 1 0 0 1
fi=(4)
79 1 1
fi=(2)
563 1 1
fi=(4)
79 1
fi=(2)
563 1 0 2 0 0 2 0 0 2
fi=(4)
79 1
fi=(2)
563 34 9 6 3 0 0 3
fe=(3)
54 12
+1 8
cfn=(5)
calls=4 +13 
* 5786887 1687379 629347 3504 59991 9780 2856 31703 5700
fi=(2)
563 3 0 1
cfi=(5)
cfn=(8) _dl_start
calls=1 53 
* 1446567 421802 157318 866 14996 2442 704 7924 1422
fe=(3)
103 3 0 1 1 0 0 1
cfn=(5)
calls=1 +7 
* 1446644 421824 157327 872 14996 2444 710 7924 1424

fn=(76)
49 28
+3 1
-1 2
+17 14 0 14 0 0 3 0 0 3
-23 28 14 0 0 4 0 0 4
+9 3
+1 2 0 0 1 0 0 1
cfn=(77) dl_main'2
calls=1 +13 
* 1431279 418815 156973 746 14892 2390 584 7820 1370

fn=(77)
49 8
+3 4
-1 8
+17 5 0 5 0 0 3 0 0 3
-23 10 5 0 0 1 0 0 1
+27 2 1
fi=(4)
+7 1 1
fe=(3)
-7 1
+12 2 1
+1 5 2 1 1 0 0 1
+1 5 2 1
+1 5 2 1
+1 2 1
+1 5 2 1 1 0 0 1
+1 5 2 1
+1 5 2 1
+12 1 1
+7 1 1 0 1 0 0 1
-7 5 1 1
+7 1
+5 3 1
+7 2 1
+1 4 2
+6 2 1 0 1 0 0 1
+18 2 1
+5 2 1 1
+2 1
+2 1
+2 1
+1 1 0 1
+3 2 1 0 1 0 0 1
+2 3 1 1
+1 1
+9 2 1
+6 1
+1 2 1 1
+3 2 1
fi=(2)
1698 2 1 0 1 0 0 1
+7 3 0 1 1 0 0 1
cfi=(8)
cfn=(14)
calls=1 28 
* 24 7 6 0 1 0 0 1
* 1 1
+3 3 1
fi=(27) ./elf/./setup-vdso.h
24 3 1
fe=(3)
+30 12
+1 8
cfn=(77)
calls=4 +13 
* 5724986 1675250 627882 2984 59567 9552 2336 31279 5472
fi=(28) ./elf/../sysdeps/unix/sysv/linux/dl-vdso.h
-15 2 1 0 1 0 0 1
+1 1
fi=(29) ./elf/../sysdeps/unix/sysv/linux/dl-vdso-setup.h
-11 5 0 2 1 0 0 1
+3 2 0 1
fi=(28)
+22 2
cfi=(29)
cfn=(84) dl_main
calls=1 -10 
* 1431098 418767 156947 737 14890 2387 575 7818 1367
fe=(3)

fl=(65) ./malloc/./malloc/scratch_buffer_set_array_size.c
fn=(214) __libc_scratch_buffer_set_array_size
30 5 0 10 1 0 0 1
+4 5
-4 10 0 10
+5 5 0 0 1 0 0 1
-4 5
-1 5
+5 10
+10 15 5
+1 5 0 0 1 0 0 1
+17 15 20

fl=(5)
fn=(8)
53 1
fi=(4)
+26 1
fi=(6)
188 1
fe=(5)
53 2 1
-3 1 2
-1 1 1
+4 1 1
-4 1
+1 1
+3 1
-4 1
+4 1 0 0 1 0 0 1
+3 3
fi=(6)
303 1 1 0 0 1 0 0 1
fe=(5)
56 1
fi=(6)
303 3 1 1 0 0 1 0 0 1
fe=(5)
56 2
fi=(6)
303 22 22 0 0 3 0 0 3
fe=(5)
56 22
fi=(6)
303 66 22 22 0 6 7 0 6 7
fe=(5)
56 44
+5 2
fi=(6)
179 4
+9 24 8 0 1 4 0 1 4
+4 8 4
-4 4 4
+4 8
-4 4
+4 4
+4 12
+4 12 4 4
fe=(5)
61 12
+2 8 8 0 1 1 0 1 1
+2 4
-1 8
fi=(6)
177 8
fi=(2)
563 1
fi=(4)
79 1 1
fi=(2)
563 1
fe=(5)
51 2 1
fi=(4)
+28 2
cfi=(5)
cfn=(9) _dl_start'2
calls=1 -26 
* 1446261 421721 157291 863 14981 2434 701 7909 1414
fe=(5)

fn=(9)
53 2 1
-3 1 2
-1 1 1
+4 1 1
-4 1
+1 1
+3 1
-4 1
+4 1
+3 2
+5 3
cfi=(2)
cfn=(3)
calls=1 563 
* 1446246 421716 157291 863 14981 2434 701 7909 1414

fn=(258)
53 8 4 0 0 1
-3 4 8 0 0 2 0 0 1
-1 4 4
+4 4 4
fi=(70)
301 4 4
fe=(5)
49 4
+4 4
-3 4
-1 4
+4 4
+27 4
+3 8
fi=(6)
342 3447 1149 1149 0 143 0 0 143
fe=(5)
83 3447
fi=(6)
314 1151 2302 0 1 433 0 1 433
-1 1151
+3 2302
+2 2298 1149 0 0 1 0 0 1
+23 2298 1149
fi=(70)
-40 2
+3 14 4
+24 6 2 2
+3 2
+17 4 2 0 0 2 0 0 2
fi=(6)
-2 4
+3 2 2 0 0 1 0 0 1
-1 2
fi=(4)
79 2 2 0 0 1 0 0 1
fi=(6)
349 6 2 0 0 1
+4 2 2 0 0 1 0 0 1
-3 6 0 0 1 0 0 1
+3 2
+4 14 6 0 0 2 0 0 1
+5 2 0 2 0 0 1 0 0 1
fi=(70)
170 6 2 0 0 2 0 0 2
fi=(4)
-30 3 1 0 1 0 0 1
fi=(70)
+31 2
+3 11 1
+12 2 2 0 0 1 0 0 1
-2 1 0 1 1 0 0 1
+2 1 1
-3 1 0 1
+3 2
+2 2 1 0 0 1
-1 2
+3 6 1 0 0 1 0 0 1
cfi=(72)
cfn=(263)
calls=1 772 
* 1175 384 154 2 39 11 2 21 9
fe=(5)
-76 4
+9 2
+3 4 2 0 0 1
fi=(4)
-47 2 2
fe=(5)
+50 4 2 0 0 1
+2 4
+2 2 4
+3 2 2
-3 2
fi=(6)
+42 2
fe=(5)
-40 2
-1 2
-1 2 2
+3 2
-2 4 0 4
-1 2
+3 2
fi=(6)
+41 4
+2 2
fi=(70)
-9 6 2 0 0 1 0 0 1
fi=(4)
-30 3 1
fi=(70)
+31 2
+3 8 1
fi=(6)
+14 1 1
+5 1
-5 1 1
+5 2
-5 1
+5 3 1
+3 3
fe=(5)
-46 4
-19 11 4
cfi=(70)
cfn=(253)
calls=1 301 
* 134 51 8 0 4 0 0 4
fi=(6)
+57 6 1
+8 6
+15 1 1
+62 1
+2 4 1
+2 4 2 0 0 1 0 0 1
-1 1 0 1
fe=(5)
150 2 1
cfn=(259)
calls=1 * 
* 52128 16483 6393 25 935 17 24 469 7
* 4
cfi=(70)
cfn=(253)
calls=1 +36 
* 12228 3933 1497 0 219 1 0 86 1
fi=(70)
+28 1
fi=(6)
+10 5 2 0 1 0 0 1
+5 1
-5 1 1
+5 5 1
+50 4 1
+9 1 1
+1 4 2
-1 1 0 1
+2 2 1 1
+37 1
cfi=(5)
cfn=(259)
calls=1 83 
* 58 23 4
fi=(70)
+58 4
cfn=(278) _dl_protect_relro
calls=2 +6 
* 58 14 6 0 1 0 0 1
+1 16 24 0 0 1
fe=(5)

fn=(259)
53 6 3
-3 3 6 0 0 1
-1 3 3
+4 3 3 0 0 1
fi=(70)
301 3 3
fe=(5)
49 3
+4 3
-3 3
-1 3
+4 3
+27 3
+3 4
fi=(6)
342 12 4 4
fe=(5)
83 24
fi=(6)
314 6 12 0 0 1 0 0 1
-1 6
+3 12
+2 8 4 0 0 1 0 0 1
+23 8 4 0 0 1 0 0 1
fe=(5)
83 6
fi=(70)
301 5
+3 35 10 0 1 0 0 1
+24 15 5 5 1 0 0 1
+3 5
+17 10 5 0 0 3 0 0 2
fi=(6)
-2 4
+3 2 2
-1 2
fi=(4)
79 2 2
fi=(6)
349 6 2
+4 2 2
-3 6
+3 2
+4 14 6 0 0 2 0 0 1
+5 2 0 2
fi=(70)
170 6 2 0 0 2 0 0 2
fi=(4)
-30 3 1
fi=(70)
+31 2
+3 11 1
+12 2 2
-2 1 0 1
+2 1 1
-3 1 0 1
+3 2
+2 2 1
-1 2
+3 6 1
cfi=(72)
cfn=(263)
calls=1 772 
* 608 203 79 0 9 1 0 4 1
fe=(5)
-76 4
+9 4
+3 4 2 0 0 2
fi=(4)
-47 2 2
fe=(5)
+50 4 2 0 0 1
+2 4
+2 13 26 0 0 4 0 0 4
+3 13 13
-3 13
fi=(6)
+42 13
fe=(5)
-40 13
-1 13
-1 13 13 0 0 2 0 0 1
+3 13
-2 26 0 26
-1 13
+3 13
fi=(6)
+41 26
+2 13
fi=(70)
-9 39 13 0 0 2 0 0 2
fi=(4)
-30 6 2
fi=(70)
+31 4
+3 16 2
fi=(6)
+14 11 11
+5 11
-5 11 11
+5 22
-5 11
+5 33 11
+3 33
fe=(5)
-46 28
-19 47 4 0 0 1
cfi=(70)
cfn=(253)
calls=1 301 
* 83 34 4 8 7 0 7
fi=(6)
+57 66 11
+8 64
+15 10 10
+62 10
+2 40 10
+2 40 20 0 0 1 0 0 1
-1 10 0 10 0 0 2 0 0 2
fe=(5)
150 20 10
cfn=(259)
calls=10 * 
* 517980 164060 63765 250 9334 164 240 4674 64
* 8
cfi=(70)
cfn=(253)
calls=2 +36 
* 77805 24664 9533 40 1394 23 38 643 9
fi=(6)
282 3 2 0 0 1 0 0 1
+1 3 1
fi=(71)
38 1 1
-1 1
+1 2 1 2
+1 2 1 1
+1 2
cob=(2)
cfi=(76)
cfn=(276)
calls=1 -6 
* 13 4 2 2 0 0 2
* 1
fi=(6)
285 1 0 1
fe=(5)
150 2 1
cfn=(259)
calls=1 * 
* 93 38 4 8 8 0 7
fi=(70)
+28 1
fi=(6)
+10 5 2
+5 1
-5 1 1
+5 5 1
+50 4 1
+9 1 1
+1 4 2
-1 1 0 1
+2 2 1 1
+37 1
cfi=(5)
cfn=(259)
calls=1 83 
* 58 23 4 0 3 1 0 2 1
fi=(70)
+58 10 0 0 1 0 0 1
cfn=(278)
calls=5 +6 
* 145 35 15 4 1 1 3 0 1
+1 40 60 0 0 3 0 0 1
fe=(5)

fl=(19) ./elf/../misc/sbrk.c
fn=(50) sbrk
37 3 0 3 1 0 0 1
+3 1
-3 2 0 2
+3 1 1
+18 1
+4 2
+16 5 5 0 1 0 0 1

fl=(32) ./elf/./elf/dl-hwcaps-subdirs.c
fn=(90) _dl_hwcaps_subdirs_active
27 1 0 2 1 0 0 1
+2 1
-2 1
+2 2 2

fl=(24)
fn=(118)
97 9 0 12
+2 15 3
+7 9 12 0 2 0 0 2

fn=(64)
36 126 0 168 2 0 3 2 0 2
+1 42
-1 42
+1 125 42 0 0 5 0 0 3
+11 123 41
+1 41
+2 41 0 0 4
-3 41 0 41
+3 196
+5 15 3
+1 9
+2 6 0 6 2 0 0 1
+1 21
cfi=(51)
cfn=(162)
calls=3 -13 
* 39 6 6 2 0 0 2
* 3
+2 6
+2 12
cfi=(52) ./misc/../sysdeps/unix/sysv/linux/setvmaname.c
cfn=(164) __set_vma_name
calls=3 -31 
* 68 23 18 6 1 2 3 1 1
+1 15 3
+2 6 4 2
+4 2
-1 4 0 4
+3 6 8
-3 76 0 76
+3 114 152
-30 1 0 0 1 0 0 1
-1 2
+1 2 1 0 1 0 0 1
+1 1
-1 1
+1 1
-2 2 0 1
cfn=(65) __minimal_malloc'2
calls=1 +6 
* 15 4 3 1 0 0 1
+28 1 1 0 1
-3 3 2 1
+4 2
cfn=(65)
calls=1 -1 
* 5 4 2
fi=(23)
-27 1
fi=(22)
+51 1
+5 1 0 0 1 0 0 1
-2 1 0 1 0 0 1 0 0 1
+6 1 1
-4 1
+3 1
-1 1 0 1 0 0 1 0 0 1
-3 1 0 1 0 0 1 0 0 1
+5 2
-2 1 0 1
+2 1
cfi=(25)
cfn=(66)
calls=1 -32 
* 20 3 3 3 1 1 3 1 1
* 1 0 1
+2 3 1 1
+13 2 1 0 1 0 0 1
+6 1
+2 1 1 0 0 1 0 0 1
+3 2 0 1
-3 2 0 1
+3 2 1
+1 3 0 1 1 0 1 1 0 1
cfn=(59)
calls=1 +5 
* 148 14 22 4 1 6 4 1 6
fi=(40)
371 1
+3 3 0 1 0 0 1 0 0 1
+6 1 0 1
+6 3 4
fe=(24)

fn=(65)
48 2
+1 1
+2 1 0 0 1 0 0 1
-3 1 0 1
+3 5
+19 4 0 4
+3 6 8

fn=(62)
80 34 0 34 3 0 0 1
+7 17
-7 17
+8 51
-4 17
+4 17
+4 17 34
fi=(23)
-36 68 17 0 3 3 0 1
cfi=(24)
cfn=(64)
calls=17 -20 
* 821 170 189 27 7 17 21 7 15
fe=(24)

fl=(40)
fn=(292) _dl_allocate_tls_init
523 6 0 5 1 0 0 1
+1 1
+10 2 0 2
+3 1
-3 2 1 2 0 1
+3 1
-9 1 1 0 0 1 0 0 1
+6 5 0 4 1 0 0 1
cfi=(20)
cfn=(72)
calls=1 42 
* 5 2 2
+3 4 2 0 0 1 0 0 1
+12 1
-18 1
-1 1 0 1
+19 1 1
+5 10 2 0 1 1 0 1
cfn=(293) _dl_allocate_tls_init'2
calls=1 +6 
* 255 62 26 5 8 4 5 7 4
fi=(2)
2341 4 2 0 1 1 0 1
+4 7 3 0 0 1 0 0 1
+2 1
+10 2 0 1 1 0 0 1
cfi=(80)
cfn=(294)
calls=1 561 
* 7794 2336 963 66 210 14 66 133 10
fe=(40)

fn=(293)
563 3 3 0 0 1 0 0 1
+1 3
+6 12 6
+3 6 3 0 0 3 0 0 2
-2 3
+2 3 3 0 0 1 0 0 1
-2 3 0 0 1 0 0 1
+6 3 3
-4 6
+4 3
-4 3 0 3 0 0 1 0 0 1
+3 6
+4 6
+1 12 6 0 0 1 0 0 1
+20 3 3
-15 3
+15 3 3 0 1 0 0 1
-8 3 0 3
+8 9
+2 9 3 0 0 1 0 0 1
cfi=(25)
cfn=(66)
calls=3 72 
* 40 2 2 0 1 1 0 1 1
* 18 6
cfi=(10)
cfn=(22)
calls=3 32 
* 47 0 15 1 0 2 1 0 2
* 3 3
+6 3 3
-55 15
+6 8 0 0 1 0 0 1
+55 5 1
cfi=(20)
cfn=(72)
calls=1 42 
* 5 2 2
+3 5 8 1 1 0 0 1
+3 4 4

fn=(240)
222 2 0 0 1 0 0 1
-6 2 0 2
+6 2 1
+3 2 1
+84 2 1 0 1 0 0 1
+2 1 1
-2 1
-2 1
-88 1
-1 1
-1 2
cfn=(241) _dl_determine_tlsoffset'2
calls=1 +94 
* 110 15 6 4 1 0 4 1
fi=(2)
786 1
cfi=(40)
cfn=(242) _dl_allocate_tls_storage
calls=1 417 
* 405 62 177 14 4 33 10 1 32
fe=(40)

fn=(241)
332 3
-23 3
+23 9
+1 3
+1 9
+2 3
-11 3 0 3
+12 3
+3 6
-31 3
+31 3
+3 3
-34 6 3 0 0 1 0 0 1
+2 6 0 0 1 0 0 1
+3 3 3
+4 3
-5 3 3 0 1 0 0 1
+1 3
+4 3 3
-5 3
+3 3
-3 3
+3 3
+2 9
+29 2 0 0 1 0 0 1
-1 1
+1 4 1 0 1 0 0 1
+7 1 0 2
+1 1 2
-9 1 0 1
+9 1

fn=(242)
417 1 0 2 1 0 0 1
+13 2
fi=(23)
56 1
fe=(40)
417 1
+14 1 1
-14 1 0 1
+13 1 1
-13 1 0 2
fi=(23)
56 1 1
fe=(40)
431 1
fi=(23)
56 2
cfi=(24)
cfn=(64)
calls=1 -20 
* 24 6 7
fe=(40)
432 1
+20 3 0 0 1 0 0 1
+7 2
-7 2
+7 2
cfi=(10)
cfn=(22)
calls=1 32 
* 132 0 117 2 0 30 0 0 30
+5 1
+2 1
-2 1 0 1 0 0 1 0 0 1
+2 1
cfn=(244) allocate_dtv
calls=1 360 
* 122 32 24 4 0 1 3 0 1
fi=(2)
786 1
+1 1
+6 2 1 1
fi=(39)
31 1
+2 1
cfi=(20)
cfn=(246) __tls_init_tp
calls=1 +35 
* 86 14 21 5 4 1 4 1
fi=(2)
797 2
+3 1 2 0 1 0 0 1
-3 1 0 1
+3 4 4
fe=(40)

fn=(244)
360 1 0 2 1 0 0 1
+5 2
-5 3 0 2
+5 1 1
+4 1
fi=(23)
44 5 1 0 1 0 0 1
cfi=(24)
cfn=(62)
calls=1 +36 
* 102 25 20 1 0 1 0 0 1
fe=(40)
466 1
+1 1
+3 5 5 0 1 0 0 1

fn=(210)
141 6 0 0 1 0 0 1
-13 3
+13 3 3
-13 6 3 0 1 0 0 1
+53 3
+2 6
-2 6 3
+2 3 0 3
+3 6 0 3

fn=(238)
97 1 0 2 1 0 0 1
+3 1
-3 2 0 2
+3 2
-3 1
+3 2
cfi=(12)
cfn=(33)
calls=1 390 
* 23 5 3 1 2 0 0 1
+1 2
-1 1 1 0 1 0 0 1
+1 2
cfi=(12)
cfn=(33)
calls=1 390 
* 23 5 3 0 2 0 0 1
+1 3
+2 1
-3 1 1
+3 2
+3 1
+4 1
-28 1
+26 1
-26 1
+26 1 0 1
-26 1
+29 1 2
-29 1
+28 3 0 1 0 0 1 0 0 1
+1 2 2

fn=(124)
194 3 0 0 1 0 0 1
-2 2 0 2 1 0 0 1
+2 2 1
+1 1 1
+15 2 2

fn=(280) _dl_add_to_slotinfo
1017 4 0 4 1 0 0 1
+9 2 0 0 1 0 0 1
-9 1 0 2
+6 1 1
-6 2 0 2
+9 1 1 0 0 1
+1 1
cfn=(281) _dl_add_to_slotinfo'2
calls=1 +4 
* 17 10 2 2 2 1 2
fi=(2)
2295 1 1
+9 1
-9 1 1
+5 2 2 0 0 2
+2 1
+6 3 1 1 0 1
+2 2
+1 7 2 0 0 1
cfi=(70)
cfn=(253)
calls=1 207 
* 1324569 388641 144229 132 12961 1768 132 6636 797
-18 2
fe=(40)

fn=(281)
1017 8 0 8 0 0 1
+9 4
-9 2 0 4
+6 2 2
-6 4 0 4
+9 2 2 0 0 2 0 0 1
+1 2
cfn=(281)
calls=2 +4 
* 34 20 4 0 3 0 0 2
+4 9 3 0 0 2 0 0 1
+34 3
+3 9 0 3 1 0 1 1
+1 15 3 3 0 3 0 0 1
+3 15 24 0 1 0 0 1
fi=(2)
2295 2 2 0 0 1 0 0 1
+9 2
-9 2 2 0 0 2 0 0 1
+5 4 4 0 0 2 0 0 1
+2 2
+6 6 2 2
+2 4
+1 14 4 0 0 4 0 0 1
cfi=(70)
cfn=(253)
calls=2 207 
* 1345394 394698 146644 218 13335 1787 218 6842 817
-18 4
fe=(40)

fl=(50)
fn=(160)
30 6 0 12 5 0 1 1 0 1
+9 12
-9 6
+9 18
+33 12 12

fl=(23)
fn=(116)
50 3 1 0 1 0 0 1
cfi=(24)
cfn=(118)
calls=1 +47 
* 11 5 4 1 0 0 1
+1 1
cfi=(30)
cfn=(103)
calls=1 474 
* 19 15 1

fn=(60) _dl_new_object
44 4 1 0 1 0 0 1
cfi=(24)
cfn=(62)
calls=1 +36 
* 244 31 44 16 4 12 16 4 12

fl=(106) ./elf/../sysdeps/aarch64/dl-trampoline.S
fn=(400) _dl_runtime_resolve
38 6 0 0 1 0 0 1
+12 6 0 12 0 0 2 0 0 2
+5 6 0 12
+4 6 0 12
+4 6 0 12 0 0 1
+4 6 0 12
+4 6 0 12 0 0 1
+4 6 0 12 0 0 1
+4 6 0 12
+4 6 0 12
+5 6 6
+3 6 6
+2 6
+1 6 0 0 1 0 0 1
+1 6
+1 6
+1 6
+3 6
cob=(7)
cfi=(108)
cfn=(1076) operator delete(void*)
calls=1 0 
* 4696 312 768 18 41 77 18 7 60
cob=(2)
cfi=(139) ./time/../sysdeps/unix/sysv/linux/clock_gettime.c
cfn=(1060) clock_gettime@@GLIBC_2.17
calls=1 -62 
* 10 2 0 2 1 0 2 1
cob=(2)
cfi=(122) ./stdlib/./stdlib/cxa_atexit.c
cfn=(792) __cxa_atexit
calls=1 -33 
* 7214 1979 1367 153 195 71 138 76 66
cob=(7)
cfi=(108)
cfn=(454) std::ios_base::Init::Init()
calls=1 0 
* 78089 22945 10571 349 739 173 339 216 137
cob=(2)
cfi=(98) ./misc/./misc/getauxval.c
cfn=(364) getauxval
calls=2 -44 
* 20 8 4 1 3 0 1
cfi=(107)
cfn=(402) _dl_fixup
calls=6 -54 
* 4022 1430 516 27 162 31 21 36 18

fn=(401) _dl_runtime_resolve'2
38 55
+12 55 0 110
+5 55 0 110
+4 55 0 110
+4 55 0 110
+4 55 0 110
+4 55 0 110
+4 55 0 110
+4 55 0 110
+4 55 0 110
+5 55 55
+3 55 55
+2 55
+1 55
+1 55
+1 55
+1 55
+3 55
cob=(2)
cfi=(126) ./malloc/./malloc/malloc.c
cfn=(1080) free
calls=1 3363 
* 3913 45 649 16 7 77 16 2 60
cob=(2)
cfi=(126)
cfn=(850) malloc
calls=1 3294 
* 1681 254 448 74 37 47 67 32 46
cob=(2)
cfi=(123) ./stdlib/./stdlib/secure-getenv.c
cfn=(838) secure_getenv
calls=1 -71 
* 309 82 9 12 23 0 12 19
cob=(7)
cfi=(108)
cfn=(830) std::future_category()
calls=1 0 
* 4 0 0 1 0 0 1
cob=(7)
cfi=(108)
cfn=(816) std::error_category::error_category()
calls=1 0 
* 6 1 1 1 0 0 1
cob=(2)
cfi=(98)
cfn=(364)
calls=1 -44 
* 9 4 2 2 1
cob=(7)
cfi=(108)
cfn=(786) std::basic_ios<wchar_t, std::char_traits<wchar_t> >::_M_cache_locale(std::locale const&)
calls=1 0 
* 92 35 22 3 3 0 3
cob=(7)
cfi=(108)
cfn=(782) std::basic_ios<wchar_t, std::char_traits<wchar_t> >::init(std::basic_streambuf<wchar_t, std::char_traits<wchar_t> >*)
calls=1 0 
* 2034 647 416 12 15 12 10 4 10
cob=(7)
cfi=(108)
cfn=(778) std::basic_ios<char, std::char_traits<char> >::_M_cache_locale(std::locale const&)
calls=1 0 
* 91 35 21 3 4 0 3
cob=(7)
cfi=(108)
cfn=(774) std::locale::~locale()
calls=1 0 
* 15 6 3 2 0 0 2
cob=(7)
cfi=(108)
cfn=(770) std::locale::operator=(std::locale const&)
calls=1 0 
* 24 10 6 4 0 0 4
cob=(7)
cfi=(108)
cfn=(766) std::ios_base::_M_init()
calls=1 0 
* 2191 761 347 16 29 0 15 6
cob=(7)
cfi=(108)
cfn=(762) std::basic_ios<char, std::char_traits<char> >::init(std::basic_streambuf<char, std::char_traits<char> >*)
calls=1 0 
* 6893 2248 1319 39 73 36 36 18 33
cob=(7)
cfi=(108)
cfn=(758) std::ios_base::ios_base()
calls=1 0 
* 81 15 31 2 0 4 2 0 4
cob=(7)
cfi=(108)
cfn=(752) std::locale::locale(std::locale::_Impl*)
calls=1 0 
* 3 0 1 1 0 0 1
cob=(7)
cfi=(108)
cfn=(728) std::messages<wchar_t>::messages(unsigned long)
calls=1 0 
* 239 86 43 6 5 3 6
cob=(7)
cfi=(108)
cfn=(706) std::moneypunct<wchar_t, true>::_M_initialize_moneypunct(__locale_struct*, char const*)
calls=1 0 
* 1141 385 210 16 17 7 16 3 1
cob=(7)
cfi=(108)
cfn=(696) std::moneypunct<wchar_t, false>::_M_initialize_moneypunct(__locale_struct*, char const*)
calls=1 0 
* 2112 694 351 25 28 9 25 5 1
cob=(7)
cfi=(108)
cfn=(680) std::numpunct<wchar_t>::_M_initialize_numpunct(__locale_struct*)
calls=1 0 
* 3423 1077 553 34 44 14 34 12 2
cob=(7)
cfi=(108)
cfn=(670) std::messages<char>::messages(unsigned long)
calls=1 0 
* 4291 1365 676 39 59 15 39 14 3
cob=(7)
cfi=(108)
cfn=(648) std::moneypunct<char, true>::_M_initialize_moneypunct(__locale_struct*, char const*)
calls=1 0 
* 116 35 29 5 0 2 5
cob=(7)
cfi=(108)
cfn=(638) std::moneypunct<char, false>::_M_initialize_moneypunct(__locale_struct*, char const*)
calls=1 0 
* 118 35 29 5 1 2 5
cob=(7)
cfi=(108)
cfn=(622) std::numpunct<char>::_M_initialize_numpunct(__locale_struct*)
calls=1 0 
* 7583 2424 1181 67 97 25 67 23 6
cob=(7)
cfi=(108)
cfn=(616) std::__cxx11::messages<wchar_t>::messages(unsigned long)
calls=1 0 
* 10507 3163 1445 81 120 31 81 28 8
cob=(7)
cfi=(108)
cfn=(612) std::__timepunct<wchar_t>::_M_initialize_timepunct(__locale_struct*)
calls=1 0 
* 163 21 57 10 0 0 10
cob=(7)
cfi=(108)
cfn=(608) std::__timepunct<wchar_t>::__timepunct(std::__timepunct_cache<wchar_t>*, unsigned long)
calls=1 0 
* 13248 3907 1770 96 145 32 96 38 9
cob=(7)
cfi=(108)
cfn=(604) std::__cxx11::moneypunct<wchar_t, true>::_M_initialize_moneypunct(__locale_struct*, char const*)
calls=1 0 
* 15230 4418 1985 105 163 39 105 42 15
cob=(7)
cfi=(108)
cfn=(600) std::__cxx11::moneypunct<wchar_t, false>::_M_initialize_moneypunct(__locale_struct*, char const*)
calls=1 0 
* 16578 4801 2151 115 181 40 115 45 16
cob=(7)
cfi=(108)
cfn=(596) std::__cxx11::numpunct<wchar_t>::_M_initialize_numpunct(__locale_struct*)
calls=1 0 
* 19356 5481 2428 125 202 48 125 53 24
cob=(7)
cfi=(108)
cfn=(592) std::codecvt<wchar_t, char, __mbstate_t>::codecvt(unsigned long)
calls=1 0 
* 20589 5840 2573 130 218 53 130 53 29
cob=(2)
cfi=(119) ./wctype/./wctype/wctype_l.c
cfn=(584) wctype_l
calls=1 -74 
* 3414 486 103 12 10 2 12 9 2
cob=(7)
cfi=(108)
cfn=(580) std::ctype<wchar_t>::_M_convert_to_wmask(unsigned short) const
calls=1 0 
* 4110 727 208 15 20 2 15 15 2
cob=(2)
cfi=(116) ./wcsmbs/./wcsmbs/btowc.c
cfn=(572) btowc
calls=1 -68 
* 28 9 5 2 0 0 2
cob=(2)
cfi=(115) ./wcsmbs/./wcsmbs/wctob.c
cfn=(568) wctob
calls=1 -70 
* 26 9 5 3 1 0 3
cob=(2)
cfi=(114) ./locale/./locale/uselocale.c
cfn=(564) uselocale
calls=1 -69 
* 28 10 6 2 6 0 2
cob=(7)
cfi=(108)
cfn=(560) std::ctype<wchar_t>::_M_initialize_ctype()
calls=1 0 
* 26288 7474 3341 36 100 21 36 49 20
cob=(7)
cfi=(108)
cfn=(556) std::ctype<wchar_t>::ctype(unsigned long)
calls=1 0 
* 27000 7720 3455 39 107 22 39 51 21
cob=(7)
cfi=(108)
cfn=(552) std::__cxx11::messages<char>::messages(unsigned long)
calls=1 0 
* 49637 14172 6278 174 353 76 174 111 50
cob=(7)
cfi=(108)
cfn=(548) std::__timepunct<char>::_M_initialize_timepunct(__locale_struct*)
calls=1 0 
* 163 22 58 10 1 0 10
cob=(7)
cfi=(108)
cfn=(544) std::__timepunct<char>::__timepunct(std::__timepunct_cache<char>*, unsigned long)
calls=1 0 
* 52360 14914 6604 190 380 78 190 117 52
cob=(7)
cfi=(108)
cfn=(540) std::__cxx11::moneypunct<char, true>::_M_initialize_moneypunct(__locale_struct*, char const*)
calls=1 0 
* 116 35 29 5 0 0 5
cob=(7)
cfi=(108)
cfn=(536) std::__cxx11::moneypunct<char, false>::_M_initialize_moneypunct(__locale_struct*, char const*)
calls=1 0 
* 118 35 29 5 3 0 5 2
cob=(7)
cfi=(108)
cfn=(532) std::__cxx11::numpunct<char>::_M_initialize_numpunct(__locale_struct*)
calls=1 0 
* 58603 16564 7263 219 438 88 219 135 62
cob=(7)
cfi=(108)
cfn=(528) std::codecvt<char, char, __mbstate_t>::codecvt(unsigned long)
calls=1 0 
* 59854 16926 7408 224 459 93 224 139 67
cob=(7)
cfi=(108)
cfn=(524) std::locale::id::_M_id() const
calls=1 0 
* 23 8 5 2 2 0 2
cob=(7)
cfi=(108)
cfn=(520) std::locale::_Impl::_M_install_facet(std::locale::id const*, std::locale::facet const*)
calls=1 0 
* 61473 17444 7628 236 480 93 236 143 67
cob=(2)
cfi=(112) ./locale/./locale/newlocale.c
cfn=(512) newlocale
calls=1 -57 
* 46 19 13 6 0 0 6
cob=(7)
cfi=(108)
cfn=(508) std::locale::facet::_S_create_c_locale(__locale_struct*&, char const*, __locale_struct*)
calls=1 0 
* 825 286 126 10 13 0 10 7
cob=(2)
cfi=(110) ./nptl/./nptl/pthread_once.c
cfn=(494) pthread_once@@GLIBC_2.34
calls=1 +36 
* 1684 562 251 23 27 2 23 13
cob=(7)
cfi=(108)
cfn=(490) std::locale::facet::_S_get_c_locale()
calls=1 0 
* 2636 867 408 29 58 10 29 24 8
cob=(7)
cfi=(108)
cfn=(486) std::ctype<char>::ctype(unsigned short const*, bool, unsigned long)
calls=1 0 
* 65574 18799 8245 269 563 105 269 175 76
cob=(7)
cfi=(108)
cfn=(482) std::locale::facet::_S_get_c_name()
calls=1 0 
* 4 1 0 1 1 0 1
cob=(2)
cfi=(109) ./string/../sysdeps/aarch64/nptl/../memset.S
cfn=(478) __GI_memset
calls=1 -68 
* 40 0 25 3 0 7 3 0 7
cob=(7)
cfi=(108)
cfn=(472) std::locale::_Impl::_Impl(unsigned long)
calls=1 0 
* 67693 19498 8636 282 607 123 281 182 92
cob=(7)
cfi=(108)
cfn=(458) std::locale::locale()
calls=1 0 
* 68959 19946 8850 293 627 124 290 189 92
cfi=(107)
cfn=(402)
calls=55 -54 
* 37761 13184 4550 3 578 9 2 179 1

fl=(44)
fn=(222)
186 5 0 4 2 0 1 2
58 1
188 1
58 1 1
188 1
-2 1 0 2
+2 1 1
58 1
192 1
59 1 1
+11 1 0 1
192 1 0 1
+2 1
cfi=(2)
cfn=(224)
calls=1 674 
* 16393 4851 1005 29 174 72 24 96 58
fi=(2)
2038 1 0 0 1
+1 1 1 0 0 1
-1 1 1
+1 1
+1 2 0 0 1 0 0 1
cfn=(234)
calls=1 734 
* 1386039 407743 152086 246 14401 2033 239 7530 1039
fe=(44)

fn=(140) _dl_catch_exception
204 2 0 4 1 0 2 1 0 2
58 2
204 6 0 6 0 0 1 0 0 1
58 2 2 0 0 1 0 0 1
204 2 0 2
+3 2
+21 2 2 0 1 0 0 1
+1 4 0 4 0 0 1 0 0 1
58 2
+1 2 0 0 1 0 0 1
+11 2
-11 2 2
+11 2 0 2
-11 2 0 2 2 0 0 1
+11 2
cfn=(141) _dl_catch_exception'2
calls=2 235 
* 6522 1307 978 201 81 125 157 78 123
258 1 2
-1 1 0 1
+2 1 1
+2 1 1
-3 1 0 1
+1 3 0 1
+2 3 4 0 1 0 0 1
fi=(59)
-33 4 1
cfi=(30)
cfn=(108)
calls=1 +10 
* 40 6 4 2
* 2
+14 1 1 0 1 0 0 1
+2 3 1
+5 2 0 1
+6 1 1
-2 1 0 1
+4 1 1
-8 1
+5 1 0 2
+3 1
-2 1 0 1
+1 1 0 1
+1 1 0 1 1 0 0 1
+2 4 1 1
+4 1
-42 2 1
+1 2
+10 1 1
-4 1
+4 2
-2 1 0 1
+2 1
cfi=(44)
cfn=(141)
calls=1 -28 
* 19789 4221 2416 128 221 118 28 103 111
* 1
+1 2 1
fe=(44)

fn=(141)
204 11 0 22
58 11
204 33 0 33
58 11 11
204 11 0 11
+3 11
+21 11 11
+1 22 0 22
58 11
235 39
cfi=(45) ./setjmp/../sysdeps/aarch64/setjmp.S
cfn=(142) __sigsetjmp
calls=13 36 
* 286 26 273 6 1 8 2 0 6
* 13
+2 26 26
cfi=(59)
cfn=(188) openaux
calls=12 61 
* 20159 4213 2331 185 227 193 63 149 186
cfi=(2)
cfn=(144)
calls=1 641 
* 2209 491 300 100 27 34 93 27 34
69 24 8
+1 24 8 8
239 24 8 24
-25 8
+34 24 24
59 11
+11 11
-11 11 11
+11 11 0 11
-11 11 0 11 4
+11 11
cfn=(141)
calls=11 235 
* 16314 3497 1958 90 174 110 1 98 103
fi=(59)
208 5 3 0 0 1
-18 1
+18 1
417 6 0 0 1 0 0 1
fi=(23)
56 4
fi=(59)
419 8 0 4
fi=(23)
56 4 4 0 0 1
fi=(59)
422 8
fi=(23)
56 8
cfi=(24)
cfn=(64)
calls=4 -20 
* 96 24 28
* 4
fi=(59)
423 4
+6 4 0 4 0 0 2 0 0 2
+1 4
+1 4
-1 12
cfi=(25)
cfn=(66)
calls=4 72 
* 56 10 10
+1 16
cfi=(25)
cfn=(66)
calls=4 72 
* 56 10 10 0 0 2 0 0 2
+2 4
+2 4 4
-1 4 0 4
+1 8 0 4
+4 18 12 0 1 1 0 1
188 5 5
+5 5 5
-5 5 5
+5 5
+4 5 5 0 0 4
-4 5 0 5
+4 5
+1 30 10 0 0 2 0 0 1
fi=(64) ./elf/../include/scratch_buffer.h
-67 16
cfi=(65)
cfn=(214)
calls=4 30 
* 64 20 16 3 0 0 3
fi=(59)
+70 4
+4 8 4
cfn=(187) _dl_map_object_deps'2
calls=4 +3 
* 20080 4709 2406 114 182 42 84 42 38
442 10 5
-1 18 12 6
+1 6
183 2
cfi=(64)
cfn=(212) _dl_map_object_deps
calls=1 -98 
* 662 222 126 21 6 3 21 0 3
+45 24 6 0 0 1
cfi=(30)
cfn=(108)
calls=6 +10 
* 240 36 24 3 1 0 0 1
* 12
+14 11 11
+2 33 11
+5 8 0 4
+6 4 4
-2 4 0 4
+4 4 4
-8 4
+5 4 0 8
+3 4
-2 4 0 4
+1 4 0 4
+1 4 0 4 3
+2 16 4 4
+4 11
+1 16 0 8 0 0 1 0 0 1
-43 280 140 0 0 19
+1 270
+44 645 0 0 2 0 0 1
-34 6 6
-4 6
+4 12
-2 6 0 6
+2 6
cfi=(44)
cfn=(141)
calls=6 -28 
* 45618 10276 5424 241 430 150 138 112 139
* 11
+1 22 11
fe=(44)

fn=(138)
254 9 0 5 2 0 0 2
+2 2
cfn=(140)
calls=1 -52 
* 2266 506 334 107 28 39 100 28 39
fi=(2)
817 2 1
+8 1 1
+6 1 2
-6 1
+6 1 2
-6 1
+6 2 2
fe=(44)

fl=(59)
fn=(188)
fi=(44)
69 12 4
+1 12 4 4 0 2
239 12 4 12 0 0 1
-25 4
+34 12 12
fe=(59)
61 60 0 36 1 0 3 1 0 3
+3 24 24
+1 12 12
-1 24
+2 8 8
-2 32 24
cfi=(30)
cfn=(146)
calls=8 1967 
* 7334 1611 615 25 79 18 0 30 16
* 12 12
cfi=(30)
cfn=(146)
calls=4 1967 
* 12569 2474 1656 159 146 171 62 119 167
* 8 0 8
+5 24 24

fn=(186)
143 1 0 0 1 0 0 1
+1 2
-1 4 0 4 1 0 2 1 0 2
+1 1
-1 1 0 2
+1 1
-1 4 0 7 0 0 2 0 0 2
+1 2
-1 1 0 1
+1 9 0 1 1 0 1 1 0 1
-16 1 0 1
+2 1
+6 1
-6 1 0 2
+6 3 1 1 1 0 0 1
+24 3
-30 3
-2 1 0 1
+33 1 1
-1 1
-30 2 0 2
+30 1
-24 3 1 1
+24 2 0 0 1 0 0 1
+28 5 1 2
+44 3 0 1
-50 1
+4 1 0 1
fi=(64)
77 1
fe=(59)
182 2 1 1
+2 1
fi=(64)
77 2 0 2 1 0 1 1 0 1
fe=(59)
184 1 0 1
fi=(64)
78 2 0 1
fe=(59)
+86 1 1
+29 1 1
+4 1 1
-33 1 0 1
+29 2 0 1
+4 1
+11 2 1
-10 4 1 0 1 0 0 1
+12 1 1 0 1 0 0 1
fi=(4)
79 1 1
fe=(59)
210 2 1 0 1 0 0 1
+11 1 1
-5 1 0 1
+1 2 1 1
+1 2 1 1
+3 1 1
-6 1 0 1
+6 1
-2 2 1 1
+9 1
-38 1
+38 1 0 0 1 0 0 1
-6 3
+6 4 1
cfi=(30)
cfn=(108)
calls=1 +10 
* 40 6 4 1 1 1 0 1 1
* 2
+4 1 1 0 1 0 0 1
-4 1
+4 2
-2 1 0 1
+2 1
cfi=(44)
cfn=(140)
calls=1 -28 
* 24171 5051 3096 232 275 208 92 154 199
fi=(2)
1971 3 2 0 1 1
+1 5 2
-1 2
+1 3 1 1 1 0 0 1
-1 1
+1 6 6
-1 12
+1 18 6 6
-1 6
+4 5 3 1
+1 1
+1 1 0 1
+2 2
+1 2 1
-1 2
cfn=(53)
calls=1 +1 
* 1402536 412615 153106 283 14577 2107 270 7627 1097
fe=(59)

fn=(187)
208 13 7 0 0 2
-18 1
+18 1
417 1
fi=(23)
56 1
fe=(59)
419 2 0 1
fi=(23)
56 1 1
fe=(59)
422 2
fi=(23)
56 2
cfi=(24)
cfn=(64)
calls=1 -20 
* 24 6 7 0 1
* 1
fe=(59)
423 1
+6 1 0 1
+1 1
+1 1
-1 3
cfi=(25)
cfn=(66)
calls=1 72 
* 15 2 2
+1 4
cfi=(25)
cfn=(66)
calls=1 72 
* 15 2 2
+2 1
+2 1 1
-1 1 0 1
+1 2 0 1
+4 3 2
188 1 1
+5 1 1
-5 1 1
+5 1
+4 1 1
-4 1 0 1
+4 1
+1 6 2
fi=(64)
-67 4
cfi=(65)
cfn=(214)
calls=1 30 
* 16 5 4
fe=(59)
+70 1
+4 2 1
cfn=(187)
calls=1 +3 
* 10645 2372 1213 51 114 29 21 34 25
442 2 1
-1 3 2 1
+1 1
210 4 4
fi=(4)
79 4 4
fe=(59)
210 8 4 0 0 2
+11 4 4
-5 4 0 4
+1 8 4 4
+1 8 4 4
+3 4 4 0 0 3
-6 4 0 4
+6 4
-2 8 4 4
+9 4
-38 4
+38 4
-6 12
+6 16 4
cfi=(30)
cfn=(108)
calls=4 +10 
* 140 22 16 0 3 0 0 3
* 8
+4 4 4
-4 4
+4 8
-2 4 0 4
+2 4
cfi=(44)
cfn=(141)
calls=4 -28 
* 19668 4611 2345 114 171 42 84 39 38
452 3 1 1 1 1 0 1
+11 1 1
fi=(23)
56 2 1
fe=(59)
463 2
fi=(23)
56 2
cfi=(24)
cfn=(64)
calls=1 -20 
* 24 6 7
* 1
fe=(59)
465 1
+5 1 1 0 1 0 0 1
+4 1
-2 1
-1 1 0 1
-1 3 0 1
+4 1
+4 21 14
+6 7
+1 7 0 7 0 0 1 0 0 1
-1 7
+1 7
+5 21 7 7 1 0 0 1
-16 14 7
+21 2 1
+37 2 0 0 1 0 0 1
+4 1 1
+11 2
-14 1
+20 3 1 0 1 0 0 1
-1 3
+1 4 1 0 1 0 0 1
-1 4 1
cfi=(14) ./elf/./elf/dl-sort-maps.c
cfn=(218) _dl_sort_maps
calls=1 298 
* 462 156 94 12 4 1 12 0 1
+5 1 0 1
+1 1
+2 1 1
-1 1 0 1
+1 2 0 1
+1 1
+7 2 1 0 1 0 0 1
+3 1
+3 9 12 0 0 1
-27 2
cfi=(25)
cfn=(66)
calls=1 72 
* 14 4 4 0 0 1 0 0 1
* 1
cfn=(187)
calls=1 +6 
* 495 173 97 15 5 1 15 0 1

fl=(64)
fn=(212)
85 4 2 0 1 0 0 1
fi=(59)
448 6 2
+1 4 1 1 1 0 0 1
cfn=(187)
calls=1 +3 
* 648 217 125 19 6 3 19 0 3
fe=(64)

fl=(42)
fn=(1026) _dl_audit_preinit
118 3 0 4 1 0 0 1
+1 2
-1 1
+1 2 1 0 0 1 0 0 1
+10 3 4

fn=(182)
77 15 0 20 1 0 0 1
+1 10
-1 5
+1 10 5
+15 15 20

fn=(332) _dl_audit_activity_nsid
45 3 0 0 1 0 0 1
-4 1 0 2
+4 1
+1 1
-5 1
+4 1 1
+2 4 1
+4 2 2 0 1 0 0 1

fn=(130)
29 3 0 4 1 0 0 1
+1 2 0 0 1 0 0 1
-1 2 0 2
+2 1 1
-1 1 1
+1 1
+6 4 6 0 2 0 0 2

fl=(47)
fn=(152)
28 50 0 30 1 0 3 1 0 3
+3 70
+8 50 0 0 1 0 0 1
+2 12 12
-2 16 0 4 1 0 0 1
+2 8 8

fl=(38)
fn=(128)
116 4 0 4 2 0 0 2
+1 4 4

fn=(120)
56 3 0 2 1 0 0 1
+3 1 0 0 1 0 0 1
+26 2
-22 1 1 0 0 1 0 0 1
+22 1 2 0 0 1 0 0 1
-22 1
+1 2 0 1
+21 1
-24 1
-4 1
+33 1
+1 1
+4 1 1
-4 2 0 1 1 0 0 1
+1 1 0 2
+3 1
+1 9 1 1 1 0 0 1
cfn=(121) _dl_debug_initialize'2
calls=1 +3 
* 3 2
fi=(2)
1733 1
+7 1 1
-5 1 0 1 1 0 0 1
+5 2 1
+3 4 2 1 1 0 0 1
cfn=(53)
calls=1 +1 
* 1429724 418418 156673 675 14885 2371 513 7813 1351
fe=(38)

fn=(121)
99 1
+8 2 2

fn=(180)
38 18 0 12 6 0 0 2
+2 6
+8 12 12
-7 12 0 0 2 0 0 1
+3 12 6 0 0 1 0 0 1

fl=(12)
fn=(26)
261 1 0 2 1 0 0 1
+6 1
-6 3 0 2 1 0 0 1
+6 2 1
+16 3 0 2
56 2
-14 3 1
+6 1 1 0 0 1 0 0 1
-3 1
+3 52 8 0 1 0 0 1
+4 1
+4 4
fi=(13) ./elf/./elf/dl-tunables.h
160 2
cfn=(28) __GI___tunables_init
calls=1 * 
* 12896 2444 0 3 46 0 3 46
fi=(9)
-47 1
cfi=(14)
cfn=(30) _dl_sort_maps_init
calls=1 289 
* 36 8 6 5 1 0 5 1
+2 2
cfi=(15)
cfn=(34)
calls=1 -79 
* 12 2 3 2 0 0 2
fi=(6)
+13 5 2 0 0 1 0 0 1
fi=(16) ./elf/../sysdeps/unix/sysv/linux/aarch64/cpu-features.c
-57 5 0 0 1 0 0 1
cfi=(12)
cfn=(32) __tunable_get_val
calls=1 390 
* 1432812 419126 157167 830 14920 2417 668 7848 1397
fe=(12)

fn=(27) __GI___tunables_init'2
42 84 28
+6 27 27 0 0 9 0 0 9
-3 27
+3 1722 269 0 0 5 0 0 5
+4 27
+4 108
fi=(13)
160 54
cfn=(29) __GI___tunables_init'2
calls=27 * 
* 174445 33227 0 27 219 0 27 219
fe=(12)
281 3584
+6 5628 1792 0 1 31 0 1 31
fi=(13)
160 504 252
+1 756
-1 22 11
+1 33
-1 22 11
fe=(12)
42 1 2 0 1 0 0 1
304 3 4

fn=(44) do_tunable_update_val
69 2 0 2 1 0 0 1
+3 4 1 0 1 0 0 1
+7 1 1 0 1 0 0 1
fi=(143) ./elf/./dl-tunable-types.h
+2 2
cfi=(12)
cfn=(45) do_tunable_update_val'2
calls=1 +13 
* 22 4 4 2 0 0 2
fi=(16)
+29 1 1
+2 1
-2 1
+7 1
-1 1
+4 1
+7 2 1 0 1 0 0 1
+3 1 1
fi=(9)
-8 1 1
fi=(16)
+5 1
+3 1
-3 1 0 1
+3 1 0 1
fi=(9)
-8 1
+1 1
cfi=(18)
cfn=(48)
calls=1 -73 
* 13 1 0 1 0 0 1
* 1 0 1
+2 2
cfi=(19)
cfn=(50)
calls=1 -88 
* 15 6 5 2 0 0 2
* 4 0 0 1 0 0 1
+12 2 1
+3 6 3
cfi=(2)
cfn=(52)
calls=1 +57 
* 1432572 419079 157138 815 14918 2417 653 7846 1397
fe=(12)

fn=(45)
94 1 2
-1 1
+7 2
+4 3
+7 2
+1 2
+6 1
-1 1 0 2
-2 1 0 1
+3 1 0 1
+1 2 2
-25 2 0 0 2 0 0 2
-1 1
fi=(13)
+48 2
cfi=(12)
cfn=(45)
calls=1 -41 
* 15 2 4
fe=(12)

fn=(42) __GI___tunable_set_val
153 1 0 2
+1 2
-1 1
+4 1 2
-3 1
+2 2
cfn=(44)
calls=1 -87 
* 1432662 419100 157152 825 14918 2417 663 7846 1397

fn=(32)
390 45 0 0 2 0 0 1
-3 15 0 30
+3 15
-3 15
+3 60 15 0 2 15 0 1 15
+9 14 14 0 0 13 0 0 13
-9 14
+26 20
-7 10 0 10
+7 60 10
+2 28 28
-2 8 0 0 2 0 0 1
-17 4 0 4
+17 24 4
-7 3 0 0 1 0 0 1
cfn=(33)
calls=1 +7 
* 11 3 1
fi=(16)
71 1 1
+3 1
fi=(17) ./elf/../sysdeps/generic/dl-tunables-parse.h
-43 4 1 1
fi=(16)
+27 1
+1 1 1
fi=(17)
-28 2
fi=(16)
+28 7 7
fi=(17)
-28 14
fi=(16)
+27 33 1 0 1 0 0 1
+23 4 1
+6 2 0 1
+4 1
+2 1
+4 1 0 0 1 0 0 1
+7 3
-7 1 1
+4 1 0 1
-4 2 0 1
+7 1
cfi=(12)
cfn=(33)
calls=1 390 
* 23 5 3 0 1 0 0 1
+1 1 1
-1 1 1
+1 1
-26 3 0 0 1 0 0 1
cfn=(38) _dl_sysdep_start
calls=1 +26 
* 1432678 419102 157157 826 14918 2417 664 7846 1397
fe=(12)

fn=(33)
390 36 0 0 3 0 0 1
-3 12 0 24
+3 12
-3 12
+3 48 12 0 7 10 0 1 9
+9 12 12 0 0 8 0 0 3
-9 12
+26 16
-7 8 0 8
+7 48 8
+2 26 26
-2 10 0 0 3 0 0 1
-17 5 0 5
+17 30 5

fl=(53)
fn=(166)
59 5 5
-1 5
+1 5
-1 25 5
+2 10
+41 20 0 30 1 0 0 1
-40 5
cfi=(54)
cfn=(168)
calls=5 +59 
* 30
* 5 10
+40 5 0 5
-40 15 20
+41 5
cfn=(167) _dl_map_object_from_fd'2
calls=5 +4 
* 1161 199 492 17 0 98 11 0 98

fn=(167)
106 10 0 5 1 0 0 1
-1 5 0 5
+3 5
+7 50 10 15 1 0 0 1
+3 20
cfi=(54)
cfn=(170) mprotect
calls=5 +2 
* 30 0 0 1 0 0 1
* 20 15 0 1 0 0 1
+7 5 5
-44 5
+44 10 0 5
fi=(55) ./elf/./dl-load.h
-34 20 10
fe=(53)
+58 30 20
+8 5
-2 5 5
+2 5 5
-2 5
+1 5
+1 5 0 0 1 0 0 1
+1 5
-1 10
+3 10
+5 10
+3 10 5
+8 35 0 25
cfi=(10)
cfn=(22)
calls=5 32 
* 456 0 391 6 0 98 0 0 98
* 15 25
+6 10
+12 10 0 0 1 0 0 1
-59 50
+2 15 10
+2 55 15 20 1 0 0 1
cfi=(51)
cfn=(162)
calls=5 -92 
* 65 10 10
* 25 20
fi=(30)
1268 20 10 0 1 0 0 1
fi=(55)
92 16 8 0 1 0 0 1
+1 4 8
+1 8 4
-1 4
+1 4
-1 12
+3 16 0 4 1 0 0 1
cfi=(53)
cfn=(167)
calls=4 +53 
* 640 111 280 9 0 58 5 0 58
fe=(53)
+90 20 2 8
cfi=(51)
cfn=(162)
calls=2 47 
* 26 4 4
+3 10 8 0 1 0 0 1

fl=(85) ./elf/./elf/dl-lookup-direct.c
fn=(312) _dl_lookup_direct
74 12 0 12 1 0 0 1
+4 3 3 0 1 0 0 1
-4 9 0 6
+1 3 3
-1 12 0 12
+2 3
+2 3
+37 3
-37 9 6 0 0 2 0 0 2
+1 3
+2 6 3 0 1 0 0 1
+3 3 3 0 0 2 0 0 2
+2 3
+1 6
-3 3
+3 9
-3 8 2
+2 2
+1 4
-3 2
+3 6
-3 4
+3 3
cfn=(314) check_match
calls=3 -56 
* 524 127 21 4 15 0 4 15
+3 3
+3 4
+23 18 30 0 1 0 0 1

fn=(314)
31 15 0 12 1 0 0 1
+1 3 3
-1 9 0 6 1 0 0 1
+1 3 3
-1 6 0 3
fi=(4)
+48 3 3
fe=(85)
-47 3
+1 6
+3 12 6 0 0 4 0 0 4
+12 9 0 0 1 0 0 1
+3 3 3
+2 3 3
-2 6 3
+2 6
cfi=(26)
cfn=(74)
calls=3 +11 
* 218 43 0 0 7 0 0 7
* 3
+4 3 3
+1 6 3
-1 3 3 0 0 2 0 0 2
+1 18 3 0 1 1 0 1 1
+1 9 3
cfi=(26)
cfn=(74)
calls=3 +5 
* 153 24 0 0 1 0 0 1
-19 6
+24 18 21

fl=(14)
fn=(30)
289 1 0 2 1 0 0 1
+1 2
-1 1
+1 2
cfi=(12)
cfn=(32)
calls=1 390 
* 23 5 3 3 1 0 3 1
* 1 1
+1 1
+1 2 0 0 1 0 0 1
-1 1 0 1
+2 2 2

fn=(218)
298 1 0 2
+8 1
-8 11 0 10 1 0 0 1
+8 2 1 0 0 1
+4 8 12 0 1 0 0 1
182 1 1 0 1 0 0 1
-1 1
+30 1
-28 4
+1 1 1
-1 1 0 0 1 0 0 1
+1 3 1 1
-1 1
+1 6 6
-1 6
+1 18 6 6
-1 6
+28 11 0 1 1 0 0 1
+8 2
-8 1
+8 1
-3 1
+3 2
-79 1
+78 1 0 1
-2 1 0 1
+5 1
cfn=(219) _dl_sort_maps'2
calls=1 +2 
* 368 128 72 7 3 1 7 0 1

fn=(219)
223 1 1 0 1 0 0 1
-83 6 1
cfn=(220) dfs_traversal.part.0
calls=1 -5 
* 361 126 72 6 3 1 6 0 1
276 4 1 0 1 0 0 1
+7 1 0 0 1 0 0 1
+27 1

fn=(220)
135 7 0 6 1 0 0 1
+10 1 1
-2 3 1 1
+2 1
+2 4 1 1 1 0 0 1
-7 7 2
+7 3 1
+26 3 0 0 1 0 0 1
cfn=(221) dfs_traversal.part.0'2
calls=1 -38 
* 86 37 21 0 1 1 0 0 1
+48 12
+2 6 6
-83 30 6
cfn=(221)
calls=4 -5 
* 150 58 39 0 2
+86 21 7
+18 2 1
+19 4 0 0 1 0 0 1
cfi=(25)
cfn=(66)
calls=1 72 
* 14 4 4
* 1
cfn=(219)
calls=1 +13 
* 6 1 0 2 0 0 2

fn=(221)
135 42 0 36 0 0 1 0 0 1
+10 6 6 0 0 1
-2 18 6 6
+2 6
+2 16 4 4 0 2
-7 37 11
+7 41 17
+9 7
+15 21 7 7
+2 7 14
-1 7 0 7
+1 24 28
cfn=(221)
calls=1 -38 
* 21 9 9 0 0 1 0 0 1
* 4 2
cfn=(221)
calls=2 -26 
* 32 20 4

fl=(20)
fn=(54)
53 1 0 2 1 0 1 1 0 1
+8 1
+1 1
-9 1
+3 2
+5 3 0 1 1 0 0 1
-5 1
+6 1 0 1
-5 1
-1 1
+1 1
+1 1
-1 1
+1 1
-1 2 0 4 0 0 1 0 0 1
+1 2 0 2
+6 2 2

fn=(72)
42 177 0 354 1
+2 177
-2 177
+2 354 354

fn=(246)
68 1 0 2 1 0 0 1
fi=(144) ./elf/../include/list.h
-25 2
fe=(20)
+25 2 0 2
+1 1
fi=(144)
-26 2 1 0 0 1
+1 3 0 2
fe=(20)
+28 1
fi=(144)
-27 1 0 1
fe=(20)
+27 1
fi=(144)
-26 1
fe=(20)
+29 2 0 0 1 0 0 1
fi=(144)
-28 1 0 1
fe=(20)
+28 1
+7 1
+5 1
-12 1
+1 1
+6 1 1
-5 1
+13 1
+3 3
-18 1 0 1
+14 1 0 2
+1 1 0 1
-14 1 0 1 1 0 0 1
+6 1 0 1
-5 1 0 1
+16 1
+12 4
cfi=(12)
cfn=(33)
calls=1 390 
* 23 5 3 1 2 0 0 1
* 1 1
fi=(68) ./elf/../sysdeps/unix/sysv/linux/rseq-internal.h
-73 1
+2 7 0 0 1 0 0 1
+3 2
+3 2 0 1
fe=(20)
+81 2 1 0 0 1
+7 1
-7 1
+7 1 1
-7 1 0 1 0 0 1
+7 1 0 1
+1 3 4

fl=(93)
fn=(336)
81 3 0 4 1 0 1 1 0 1
+5 2 0 0 1 0 0 1
-5 3 0 2
+5 1 1
-5 4 0 4
+2 1 2 0 0 1
+3 1
+2 1 0 0 1 0 0 1
cfn=(338) call_init
calls=1 -61 
* 89270 26196 12505 591 1081 261 559 355 217
fi=(1)
-40 1 0 0 1
+1 1
+2 1 0 0 1 0 0 1
+1 1
cob=(8)
cfi=(132)
cfn=(1006) (below main)
calls=1 -52 
* 82443 20816 14486 115 152 1355 89 28 1321
fe=(93)

fn=(337) _dl_init'2
94 3
+25 1 1
+1 3 0 0 1 0 0 1
+1 5 2 0 0 2
-1 1
+1 1
cfn=(339) call_init'2
calls=1 -94 
* 89174 26168 12494 579 1073 261 548 353 217

fn=(338)
27 4 0 4 1 0 0 1
+2 3 1 0 1 0 0 1
+6 6 1 2
+2 1
+9 1 1
-3 3 1 1 1 0 0 1
+3 2 1 0 0 1 0 0 1
+5 3 1
+8 2 1 0 0 1
+1 7 2 0 1 1 0 1
cob=(3)
cfi=(92)
cfn=(340)
calls=1 -60 
* 10 3 2 4 1 0 3
+3 1 1 0 0 1
+1 1
+6 1 1
+2 3 2 1 0 1 0 0 1
-2 1 1
+2 1
-2 1
+3 5
cfn=(339)
calls=1 +1 
* 24 8 0 3 0 0 3
+16 2 0 1
cfn=(337)
calls=1 +5 
* 89188 26171 12494 580 1075 261 549 353 217

fn=(339)
27 28 0 28 1
+2 21 7 0 1 4
+6 42 7 14 0 1
+2 7
+9 6 6
-3 18 6 6 1
+3 12 6 0 0 5 0 0 3
+5 15 5
+8 10 5 0 0 3 0 0 3
+1 21 6 0 0 3 0 0 3
cob=(3)
cfi=(92)
cfn=(440)
calls=1 -60 
* 10 3 2 2 1 0 2
cob=(3)
cfi=(92)
cfn=(386)
calls=1 -60 
* 10 3 2 2 1 0 2 1
cob=(3)
cfi=(92)
cfn=(374)
calls=1 -60 
* 10 3 2 2 1 0 2 1
+3 5 5 0 0 4 0 0 4
+1 5
+6 5 5 0 0 1 0 0 1
+2 15 10 5 0 2 0 0 2
-2 5 5 0 0 1 0 0 1
+2 5
-2 5
+3 25
cfn=(339)
calls=5 +1 
* 88822 26052 12435 567 1043 261 541 334 217
+1 30 6 0 1 5 0 1 4
cob=(7)
cfi=(108)
cfn=(448) 0x00000000000a5a40
calls=1 -74 
* 86706 25405 12154 506 983 244 480 301 203
cob=(6)
cfi=(105)
cfn=(394) 0x0000000000003780
calls=1 -74 
* 1868 576 253 38 47 14 38 21 11
cob=(5)
cfi=(104)
cfn=(380)
calls=1 -74 
* 12 0 0 3 0 0 3
cob=(2)
cfi=(97) ???
cfn=(360) init_have_lse_atomics
calls=1 -74 
* 165 44 20 15 8 3 15 8 3
cfi=(95)
cfn=(354)
calls=1 -74 
* 38 15 8 5 0 0 5
cob=(4)
cfi=(94)
cfn=(348)
calls=1 -74 
* 11 0 0 2 0 0 2
-1 6
+3 18 26 0 1 0 0 1
-29 2
+74 30 12 0 0 2
-1 6
+1 6
cfn=(339)
calls=6 -94 
* 353604 103744 49558 2205 4178 1021 2078 1332 848
-1 14 0 0 1
+7 6 10 0 1 1

fl=(25)
fn=(66)
72 51 0 0 1 0 0 1
+5 51
+1 51
+1 51
+1 51
+1 51
+1 51
+3 31
+1 31
+1 7 7 0 0 1 0 0 1
+1 7 7
+1 7 0 7 0 0 2 0 0 2
+1 7 0 7
+1 7
+4 24
+1 17 17
+1 17 17
+1 17 0 17 0 0 6 0 0 6
+1 17 0 17
+1 17
+4 7 0 0 1 0 0 1
+9 7
+1 1
+1 1 1 0 0 1 0 0 1
+1 1 1
+1 1 1
+1 1 0 1 0 0 1 0 0 1
+1 1 0 1 1 0 0 1
+1 1 0 1
+2 7
+5 20 40
+1 20 40
+1 20
+1 20
+1 20 0 40 0 0 9 0 0 8
+1 20 0 40 0 0 5 0 0 5
+1 20

fl=(58)
fn=(184)
25 2 0 2 1 0 0 1
+4 1
-4 1
+4 7 0 0 1 0 0 1
+2 2 2
-2 1 0 1
+2 1

fl=(70)
fn=(252)
207 9 0 12 1 0 0 1
+1 1 1
-1 1 0 1
+1 1
+12 1
+6 2
+2 2 0 0 1 0 0 1
+1 1 1
-1 1 1 0 0 1
+1 1
-5 2 0 0 1 0 0 1
cfn=(253)
calls=1 +27 
* 60543 18901 7588 70 1400 226 69 889 208
fi=(2)
2285 1 1 0 1 1 0 1
+26 1
-19 1 1
+1 1
+17 4 1
-17 4
+2 2 2 0 0 1
+9 2
-9 2 2 0 0 1
+5 4 4 0 1 2 0 1
+2 2
+6 6 2 2
+2 4
+1 7 2 0 0 1
cfi=(70)
cfn=(253)
calls=1 207 
* 20 13 13 1 0 0 1
+4 7 3 0 1 2 0 1
+1 2
-23 1
+23 1
cfi=(40)
cfn=(280)
calls=1 1017 
* 1324618 388660 144240 136 12968 1769 136 6636 797
-12 1 0 1 1 0 1
+1 1 1
-3 1
fe=(70)

fn=(253)
207 63 0 84
+1 7 7
-1 7 0 7
+1 7
+12 6
+6 12
+2 12
+1 6 6 0 0 1 0 0 1
-1 6 6 0 0 3 0 0 1
+1 6
+22 7 0 0 1 0 0 1
+1 14 7 0 0 7 0 0 3
-32 4
+35 14 7 0 1 0 0 1
+7 14 7 0 0 2 0 0 2
fi=(6)
67 7 7
fi=(4)
+12 7 7
fi=(6)
-12 28
fi=(4)
+12 4
fe=(70)
301 8
fi=(4)
79 4
fe=(70)
301 170 51 32 5 22 0 5 11
-80 4
-38 4
fi=(5)
-69 4
fe=(70)
+69 8
+7 4
+31 4
-38 8 0 12
+38 4 0 8
fi=(6)
+33 12 0 4
fi=(5)
53 8 4 0 1 0 0 1
-3 4 8
-1 4 4
+4 4 4 0 0 2
fe=(70)
301 4 4
fi=(5)
49 4
+4 4
-3 4
-1 4
+4 4
+27 4
fe=(70)
301 7 0 0 1 0 0 1
fi=(4)
79 7 7
fe=(70)
301 7
fi=(5)
51 14 7 0 0 1
fi=(4)
+28 14
cfi=(5)
cfn=(258)
calls=4 -26 
* 17616 6264 1321 7 636 12 7 610 10
cfi=(5)
cfn=(259)
calls=3 -26 
* 279 113 16 7 12 0 6 4
fe=(70)
350 8 12 0 1 0 0 1
fi=(5)
114 8 0 0 1 0 0 1
+9 9
fi=(6)
303 3 3 0 1 2 0 1 1
fi=(5)
123 3
fi=(6)
303 9 3 3 0 1 3 0 1 2
fi=(5)
123 6
fi=(6)
303 1094 1094 0 0 138 0 0 138
fi=(5)
123 1094
fi=(6)
303 3282 1094 1094 0 273 199 0 273 196
fi=(5)
123 2188
+3 8 4 0 0 4 0 0 2
fi=(4)
-47 4 4 0 0 1
fi=(5)
+50 8 4 0 0 1
+2 8
fi=(71)
-93 4 4 0 1 1 0 1
-1 8 0 8 0 0 1
+1 4
fi=(6)
254 8
fi=(71)
37 8 0 8
fi=(6)
254 4 0 4
fi=(71)
38 4 0 4
fi=(5)
+95 4 8 0 0 2 0 0 2
+3 4 4 0 0 2
-3 4
fi=(6)
+42 4
fi=(5)
-40 4
-1 4
-1 4 4 0 1 4 0 1 2
+3 4
-2 8 0 8 0 0 1
-1 4
+3 4
fi=(6)
+41 8
+2 4
fe=(70)
-9 12 4 0 0 4 0 0 3
fi=(4)
-30 12 4
fe=(70)
+31 8 0 0 1 0 0 1
+3 32 4 0 0 4 0 0 2
+12 3500 1750 0 0 4
fi=(4)
79 1750 1750
fe=(70)
186 3500 3500 0 1 37 0 1
-2 1750 0 1750
-1 1750 0 1750 0 0 1
+3 5250
+1 1750
+1 3500 1750 0 0 83 0 0 15
-1 3500
+3 10500 1750 0 1 0 0 1
cfi=(72)
cfn=(263)
calls=1744 772 
* 1041268060 308333595 112533753 18639 10298150 878993 18582 4810378 242205
cfi=(72)
cfn=(262)
calls=6 772 
* 1359624 400185 148295 94 13161 1443 93 6516 470
fi=(5)
-40 16 0 0 1 0 0 1
cfi=(70)
cfn=(253)
calls=4 +36 
* 94784 29841 11429 69 1666 39 68 749 21
fe=(70)
+27 3230 0 0 1 0 0 1
+1 3230 1615 1615
-1 1615 1615 0 0 2
+19 1615 1615
-19 3230 0 1615
+1 1615
cfi=(6)
cfn=(255)
calls=1613 +10 
* 1465353728 431728878 158028660 24525 13803996 1346260 24519 6497196 382762
cfi=(6)
cfn=(254)
calls=2 +10 
* 1301696 381948 141438 39 12121 1406 38 6055 454
fi=(6)
72 9 6 0 1 3 0 1 1
+1 6 3 0 0 3 0 0 3
+4 3 0 3 1 0 0 1
+10 3
+16 15 6 3 1 2 0 1 1
cfi=(4)
cfn=(256)
calls=3 -24 
* 1276342 373753 138452 37 12026 1733 37 6200 772
fe=(70)
301 12 0 4 1 0 0 1
cfn=(253)
calls=4 -80 
* 102788 32103 12582 76 2105 243 75 1173 219
186 12 6 0 1 0 0 1
fi=(4)
79 6 6
fe=(70)
186 12 12
-2 6 0 6
-1 6 0 6
+3 12
+4 48 6 0 1 0 0 1
cfi=(72)
cfn=(263)
calls=5 772 
* 8677 2933 1038 4 180 0 4 50
cfi=(72)
cfn=(262)
calls=1 772 
* 3515 1150 431 4 85 1 4 19 1
+63 6 0 0 1 0 0 1
cfn=(253)
calls=3 +2 
* 100276 31264 12262 83 2071 242 82 1161 219
-29 12
cfn=(253)
calls=6 +27 
* 1318922 387056 143488 55 12770 1750 55 6505 783
fi=(2)
2293 9
+2 2 2 0 0 1
+9 2
-9 2 2
+5 4 4 0 0 2 0 0 1
+2 2
+6 6 2 2
+2 4
+1 14 4 0 0 2 0 0 1
cfi=(70)
cfn=(253)
calls=2 207 
* 1345153 394664 146562 214 13321 1788 214 6847 816
+4 16 7 0 0 1 0 0 1
+1 4
-23 2
+23 2
cfi=(40)
cfn=(281)
calls=2 1017 
* 1345492 394736 146666 218 13349 1788 218 6849 817
-23 1
+32 4 2 0 0 1 0 0 1
+4 5 2 0 1 1 0 1
+2 6 2 2
+7 3
cfi=(40)
cfn=(292)
calls=1 523 
* 8105 2412 1006 76 224 18 76 143 14
+34 1
cfn=(53)
calls=1 +8 
* 540 152 66 28 29 5 28 27 4
fe=(70)

fn=(278)
355 7 0 14 1 0 1 1 0 1
+1 7
-1 7
+1 14 14 0 1 1 0 1
-1 14 0 7
+1 14 7 0 0 1 0 0 1
+3 7 7
-3 14
+3 14
+4 14
+7 21 21
-6 21 0 0 1 0 0 1
cfi=(54)
cfn=(170)
calls=7 120 
* 42 0 0 1
* 7

fl=(107)
fn=(402)
46 183 0 122 1 0 3 1 0 2
+2 61 61 0 0 2
-2 122 0 122 1 0 2 1 0 1
fi=(4)
+33 61 61 0 0 1
fe=(107)
-33 183 0 366 0 0 1
+2 183 122 0 0 6
+6 61 61 0 0 2
+1 61
-6 61 61 0 0 1
+6 61 61 0 0 4 0 0 2
-6 61 61
+6 122 0 0 2 0 0 1
-6 61
+9 61 61 0 0 61 0 0 7
-2 61 61 0 0 13
+2 61
-2 305 0 61
+7 122
+4 183 61 0 0 61 0 0 51
+4 61 61 0 2 3 0 1 1
-2 61
+2 61
+4 122 61 0 0 3 0 0 1
+1 122 61 0 0 1
-1 61 61 0 0 56 0 0 9
+1 122
+1 61 61 0 0 15 0 0 2
-8 122
+16 61
-1 61
+1 183 61 0 2 3 0 1 1
+10 488 122 0 0 4
cfi=(72)
cfn=(262)
calls=61 772 
* 37391 12235 4395 21 503 34 17 141 16
fi=(106)
+8 61
+3 61 122
+1 61 122
+1 61 122 0 0 1
+1 61 122
+1 61 122
+1 61 122
+1 61 122
+1 61 122
+1 61 122
+3 61 122
+4 61 0 0 1 0 0 1
fe=(107)

fn=(403)
133 2 1
+29 1 1
-3 3 1
fi=(6)
-12 1 0 1
fe=(107)
+16 6 10

fl=(8)
fn=(14)
28 14 7 0 1 0 0 1
fi=(4)
+51 7 7
fe=(8)
-48 14 7
+1 14 7 7 0 7 0 0 7
+2 7 14 0 0 1 0 0 1
+2 21
+8 7
-7 7 0 7
+8 7
-7 7
+3 7
-3 7 7 0 1 0 0 1
+3 7
-3 7 0 7
+7 7
-5 7 0 7
+3 7 0 7
+2 7 0 7
+5 7

fl=(26)
fn=(74)
64 2275 0 0 1 0 0 1
+3 2275
+1 2275
+1 2275
+1 2275
+1 2275
+1 1900
+5 53 53 0 0 7 0 0 2
+1 53 53 0 0 3 0 0 2
+7 53
+1 53
+2 53
+1 53
+1 53
-13 36 36
+1 36 36 0 0 1 0 0 1
+7 36
+1 36
+2 36
+1 36
+1 36
+4 53
+1 53
+3 53
+1 53
+1 53
+2 53
+5 53
+1 53
+3 53
+1 53
+1 53
-15 121 0 0 4 0 0 1
+1 121
+1 121
+2 121
+5 121
+1 121
+3 121
+1 121
+1 121
+8 1794 0 0 1
+1 1794 1794 0 0 72 0 0 10
+1 1794 1794 0 0 23 0 0 9
+1 1794
+1 1794
+1 1794
+1 1794
+1 1794
+1 1794
cfn=(75) strcmp'2
calls=1794 -44 
* 45574 4820 0 0 10 0 0 6
+5 428 0 0 1 0 0 1
+2 1002 1002 0 0 95 0 0 55
+1 1002 1002 0 0 31 0 0 15
+1 1002
+1 1002
+1 1002
+1 792
+1 792
+3 218
+1 218
+1 218 218 0 0 4 0 0 3
+4 218 0 0 2 0 0 1
+1 218
+1 218
+1 218
+1 218
+1 218
+2 384
+5 192 192 0 0 1
+1 192 192
+4 192
+1 192
+1 192 192 0 0 19 0 0 16
+1 192
+1 192
+1 192
-10 80 80
+1 80 80
+4 80
+1 80
+1 80 80 0 0 7 0 0 5
+1 80
+1 80
+1 80
+2 192 0 0 3 0 0 1
+4 192
+1 192
+1 192
+2 97 97 0 0 5 0 0 3
+1 97
+1 97
+1 97
+5 97
+1 97
+1 97
cfn=(75)
calls=97 -95 
* 873
+3 210 0 0 3
+1 210

fn=(75)
77 2410 2410 0 0 6 0 0 3
+1 2410 2410 0 0 4 0 0 3
+7 2410
+1 2410
+2 2410
+1 2410
+1 2410
-5 1794
+1 1794
+2 1794
+1 1794
+1 1794
+4 1794
+1 1794
+3 1794
+1 1794
+1 1794
+2 1794
+5 1794
+1 1794
+3 1794
+1 1794
+1 1794
-15 97
+1 97
+1 97
+2 97
+5 97
+1 97
+3 97
+1 97
+1 97

fl=(18)
fn=(48)
50 27 0 0 1 0 0 1
+2 27
+1 27 27 0 0 2 0 0 2
+1 27
+1 27
+1 27
+1 27
+1 27
+1 27
+2 5
+1 5
+1 5
+1 5
+4 26 26 0 1 0 0 1
+1 26
+1 26
+1 26
+1 26
+1 15 15
+1 15
+1 15
+1 15
+1 15
+1 11
+2 11
+1 11
+1 11
+2 11
+2 11
+1 11
+1 11
+1 11
-9 11
+1 11
+1 11
+2 11
+2 11
+1 11 0 0 1 0 0 1
+1 11
+1 11

fl=(61)
fn=(196)
146 1 0 2 1 0 0 1
-55 2
+55 1
-55 2
+70 3
+1 2 2

fl=(84) ./elf/../sysdeps/nptl/dl-mutex.c
fn=(310) __rtld_mutex_init
30 1 0 2 1 0 0 1
+7 1
+3 1
-10 2 0 2 1 0 0 1
+10 2
-3 1 1 0 0 1
+3 4
-10 1 0 2
+10 3
cfi=(85)
cfn=(312)
calls=1 +34 
* 215 54 17 8 3 0 8 3
+4 1
+1 11 3 0 1 0 0 1
+2 3
-2 1
+2 1
-2 1 0 1
+2 5 0 0 1 0 0 1
cfi=(85)
cfn=(312)
calls=1 +27 
* 233 62 17 0 7 0 0 7
+4 1
+1 9 3
+1 1 2
-1 2 0 1
+1 3 4 0 1 0 0 1

fl=(31)
fn=(88)
fi=(30)
720 2 0 1
fi=(23)
56 3 1 0 1 0 0 1
cfi=(24)
cfn=(64)
calls=1 -20 
* 24 6 7
fi=(30)
725 1 0 1
+2 1
+8 2 1
-1 2
+1 2
fi=(23)
56 1 1
fi=(30)
734 2
+5 1
fi=(23)
56 2
cfi=(24)
cfn=(64)
calls=1 -20 
* 24 6 7
fi=(30)
739 1 0 1 1 0 0 1
+2 3 2
+26 1 1
-19 2
+13 2
-14 1 0 1 0 0 1 0 0 1
+23 2
-22 2 0 1
+20 1
-5 1
+7 1 0 0 1 0 0 1
-14 1 0 1
+2 2
+1 1 0 2 0 0 1 0 0 1
+2 1 0 1
+7 1 0 1
-6 2 0 1
+5 1
+1 4 1
cfi=(10)
cfn=(22)
calls=1 32 
* 13 0 2 1 0 0 1
+2 3 0 0 1 0 0 1
-8 1 1 0 0 1 0 0 1
+8 1 0 1
-14 1 0 1
+7 1
-4 1 0 2 0 0 1 0 0 1
+4 1
-1 1 0 2
+4 5 1 0 0 1 0 0 1
cfn=(87)
calls=1 +1 
* 834 208 101 31 1 5 31 1 5
fe=(31)
172 4 0 4 1 0 2 1 0 2
+3 1
-3 1 0 2
+3 2
-3 5 0 6 1 0 1 1 0 1
+2 1
cfi=(32)
cfn=(90)
calls=1 27 
* 5 2 2 1 0 0 1
* 1 0 1
fi=(34) ./elf/./dl-hwcaps.h
-97 1
-32 1 0 2
+33 1 0 1
-1 1 0 1
+2 1
cfi=(31)
cfn=(89) _dl_important_hwcaps'2
calls=1 -27 
* 318 101 96 14 0 5 14 0 5
fe=(31)

fn=(89)
52 2 0 0 1 0 0 1
cfi=(33) ./elf/./elf/dl-hwcaps_split.c
cfn=(92) _dl_hwcaps_split_masked
calls=1 -1 
* 22 8 7 3 0 1 3 0 1
* 1
fi=(34)
-9 2
+2 1 0 2
+33 2 1 1
-1 2 1 1
+2 1
cfi=(31)
cfn=(89)
calls=1 -27 
* 285 91 85 10 0 4 10 0 4
fe=(31)
-27 2 0 0 1 0 0 1
cfi=(33)
cfn=(92)
calls=1 -1 
* 29 10 8 1 0 0 1
* 1
fi=(23)
+4 1
fe=(31)
+44 3 0 1
fi=(23)
-44 2 1
cfi=(24)
cfn=(64)
calls=1 -20 
* 24 6 7
fe=(31)
+44 2 0 1 0 0 1 0 0 1
+2 1
fi=(34)
-59 1 1
fe=(31)
+65 1
-3 1 0 1
fi=(34)
-60 1 0 2 1 0 0 1
+1 1
cfi=(31)
cfn=(89)
calls=1 +66 
* 215 73 65 7 0 3 7 0 3
fe=(31)
+66 2
cfi=(33)
cfn=(94) _dl_hwcaps_split
calls=1 -87 
* 10 5 4
* 1
fi=(34)
-69 2
+2 1 0 2
+33 2 1 1 1 0 0 1
-1 2 1 1
+2 1
cfi=(31)
cfn=(89)
calls=1 +46 
* 194 66 57 6 0 3 6 0 3
fe=(31)
+46 2
cfi=(33)
cfn=(92)
calls=1 -74 
* 29 10 8
* 1
+8 2 0 0 1 0 0 1
+9 6 1 1
fi=(23)
-86 1 0 0 1 0 0 1
fe=(31)
189 1 1
-4 1
fi=(23)
56 1 1 0 1 0 0 1
fe=(31)
186 2
+3 2 0 1 0 0 1 0 0 1
+4 1 1
-7 1
+7 1
fi=(23)
56 2
cfi=(24)
cfn=(64)
calls=1 -20 
* 24 6 7
* 1
fe=(31)
194 1
+8 1 2
+1 2
-1 1 1
+1 1 0 0 1 0 0 1
-1 2 0 2
+1 1
cfn=(100) copy_hwcaps
calls=1 74 
* 107 43 38 2 0 2 2 0 2

fn=(100)
74 3 0 4 1 0 0 1
+6 1
-6 1
+6 1
-6 2 0 2
+10 1
fi=(34)
-39 1 0 2
+33 1 0 1
-1 1 0 1
+2 1
cfi=(31)
cfn=(101) copy_hwcaps'2
calls=1 -2 
* 29 14 7 0 0 1 0 0 1
fe=(31)
204 6 2
cfn=(101)
calls=1 74 
* 59 27 21 1 0 1 1 0 1

fn=(101)
74 3 0 4
+6 1
-6 1
+6 1
-6 2 0 2
+10 1
fi=(34)
-39 1 0 2
+33 1 0 1
-1 1 0 1
+2 1
cfi=(31)
cfn=(101)
calls=1 -2 
* 36 16 8
fe=(31)
-2 4
cfi=(33)
cfn=(92)
calls=2 -26 
* 51 18 15 0 0 1 0 0 1
* 2
+13 8 12
208 1 2
+8 3 4
-7 1 0 2 0 0 1 0 0 1
+4 2 1 1 1 0 0 1
+3 3 4

fl=(13)
fn=(28)
160 2 1 0 1 0 0 1
+1 4
-1 2
cfi=(12)
cfn=(27)
calls=1 287 
* 12888 2443 0 2 46 0 2 46

fn=(29)
160 94 47 0 0 1 0 0 1
+1 138
-1 54
cfi=(12)
cfn=(27)
calls=27 287 
* 174159 33180 0 27 218 0 27 218

fl=(16)
fn=(38)
105 1
+3 5 0 2 1 0 0 1
-3 1 0 1
+3 1
cfi=(12)
cfn=(42)
calls=1 +45 
* 1432670 419102 157154 825 14918 2417 663 7846 1397

fl=(22)
fn=(70)
31 6 0 12 2 0 0 1
+2 6
-2 6
+2 6 6
-2 24 0 18
+2 18
cfi=(20)
cfn=(72)
calls=6 +9 
* 30 12 12 1
+2 53 6 0 3 0 0 1
+3 60 20 0 0 1
+2 5 0 5
+2 5 0 5
+4 10
+4 10
-4 5
+1 5 5 0 0 3
-1 5
+5 5 5
-3 5
-2 5 5
+4 5 5
-4 10 0 5
+1 5 0 5
+3 5
+1 5 10
-3 5 0 5
+3 5 10
-1 5
cfi=(20)
cfn=(72)
calls=5 -8 
* 25 10 10
-5 2 0 1 1 0 0 1
cfn=(71) _dl_add_to_namespace_list'2
calls=1 +1 
* 19 8 3 0 1 0 0 1
fi=(20)
-3 1 0 2
+2 1
-2 1
+2 2 2
fe=(22)

fn=(71)
46 2
+4 2
-4 1
+1 1 1 0 0 1 0 0 1
-1 1
+5 1 1
-3 1
-2 1 1
+4 1 1
-4 2 0 1
+1 1 0 1
+3 1
+1 1 2
-3 1 0 1
+3 1 2
-1 1

fn=(58)
59 8 0 8 1 0 1 1 0 1
+3 1
-3 5 0 4
+3 2
+2 1 0 0 1 0 0 1
+2 1 0 0 1 0 0 1
+1 2
+4 4 0 0 1 0 0 1
+6 4 0 1
cfi=(23)
cfn=(60)
calls=1 -33 
* 248 32 44 17 4 12 17 4 12
fi=(2)
1639 1
+2 1 1
+1 1 1
-2 1 0 1 1 0 0 1
+2 1 0 1
+4 1
-5 2 0 2
+5 1
cfi=(22)
cfn=(70)
calls=1 31 
* 50 14 13 3 1 0 3 1
+1 6 2 1
1115 1 1
1351 1
1116 1 1
+6 1
+2 1 1 0 1 0 0 1
-2 3 1 0 0 1 0 0 1
+21 1
-21 1 0 1
+2 1
+19 1
-21 1 0 1
+3 1 1
-1 1 0 1
+1 2 0 1
+18 2
+57 1
-37 1 0 0 1 0 0 1
-19 1
+19 1
-19 1
+19 1
+37 1 1
-56 1
+99 1 1
-43 1
-57 2
1243 1
1118 1
+22 1
+4 3 1 0 1 1 0 1 1
+4 3 1 1 1 0 0 1
+1 1
cfn=(53)
calls=1 -6 
* 1431740 418900 157013 766 14908 2398 604 7836 1378
fe=(22)

fn=(59)
fi=(30)
1053 5
+1 5
+11 5
+2 5 5
+2 5
-3 5 5
+4 5 5
-4 5 0 5
+4 5 10
-1 5
-4 5 0 5 4 0 2 1 0 2
+2 5 0 5
+3 15
+1 10 0 5
+19 10 5
-2 10 0 5
+2 60 0 5 5 0 3 1 0 3
+10 5 5
-10 5
+10 15 0 0 1 0 0 1
+27 5
-26 5
+62 5
-62 5
-1 5 5
+1 5
+26 5 5
-33 5
-1 5
-1 5
+35 5
+9 5
-45 5
-5 5
+77 15 0 5 1 0 0 1
cfn=(157)
calls=5 -62 
* 2845 525 728 41 16 110 28 14 109
1269 15 5 5
fi=(56)
39 5
+6 5 5 0 0 5 0 0 5
-2 5
+2 5
+7 5 0 0 5 0 0 1
+2 5
-2 5
+3 5
-2 10
-4 86
+3 5
-1 10
+17 38 0 38 0 0 14 0 0 14
-23 76 38 0 0 10 0 0 10
+9 15 0 0 1 0 0 1
+2 20 0 0 1 0 0 1
+3 25 0 0 1 0 0 1
+3 20
+2 15 0 0 1 0 0 1
cfn=(174)
calls=5 +4 
* 2672 686 308 50 82 19 21 77 19
fe=(22)
-5 40 0 40 0 0 2 0 0 1
+3 5
-3 25 0 20
+3 10
+18 5
+3 5
-3 5 5
+3 5
cfi=(18)
cfn=(48)
calls=5 -33 
* 111 11
* 15 0 5
+4 5
+5 10
fi=(23)
-48 20 5 0 0 3
cfi=(24)
cfn=(62)
calls=5 +36 
* 279 64 60 11 1 3 6 1 2
* 5
fe=(22)
+51 5
+5 5
-2 5 0 5 0 0 4 0 0 4
+6 5 5
-4 5
+3 5
-1 5 0 5 0 0 1 0 0 1
-3 5 0 5 0 0 5 0 0 5
+5 10
-2 5 0 5
+2 5
cfi=(25)
cfn=(66)
calls=5 -32 
* 74 12 12 0 0 6 0 0 6
* 5 0 5 0 0 3 0 0 3
+2 15 5 5
+13 10 5
+8 5 5 0 0 5 0 0 5
+3 10 0 5
-3 10 0 5
+3 10 5
+6 6 0 6
-4 6 0 6 0 0 2 0 0 2
+7 11 0 0 1 0 0 1
fi=(4)
1322 1
+2 2
fe=(22)
139 2
+2 1 0 1 0 0 1 0 0 1
-2 2
fi=(4)
1324 30
fe=(22)
139 30
+2 15 0 15 0 0 3 0 0 3
-2 30
+16 18
-6 6
+6 6
-5 6
+5 6 6 0 0 1 0 0 1
-5 6 0 6 1 0 6 1 0 6
-1 6 0 6 0 0 1 0 0 1
+6 6
+2 10 0 5 0 0 2 0 0 2
+3 5
-3 10
+7 18 6
+4 10
+8 1 0 1 0 0 1 0 0 1
+3 2 0 1
+10 2 1 0 1 0 0 1
-10 10 0 5
+10 10 5
+2 10
cfi=(18)
cfn=(48)
calls=5 50 
* 144 16
* 10
+4 10
+50 15 0 0 1 0 0 1
cfi=(25)
cfn=(66)
calls=5 72 
* 70 20 20 0 0 3 0 0 3
* 5
+5 5
+1 15 5
-1 79
+1 237 79
+4 10
+1 5 0 5
+3 5 0 5
+4 48 72
131 15 0 5 0 0 5 0 0 5
cfn=(59)
calls=5 +5 
* 968 236 95 1 0 13 1 0 13
-8 5 0 0 3
-4 5 0 0 5
+34 1 0 0 1 0 0 1
+7 3
cfn=(59)
calls=1 +16 
* 13 13 2 1 0 1 1 0 1
+8 20 5
fi=(23)
56 20 5
cfi=(24)
cfn=(64)
calls=5 -20 
* 120 30 35
* 5
fe=(22)
200 5

fl=(10)
fn=(22)
32 14 0 0 1 0 0 1
+5 14
+1 14
+2 14
+1 14
+1 8
+1 8
+1 7
+3 7
+1 3 0 3 0 0 2 0 0 2
+1 3 0 3
+1 3
+2 4
+1 4 0 4
+1 4 0 4
+1 4 0 0 1 0 0 1
+9 1 0 1 1 0 0 1
+1 1
+1 1 0 1
+1 1
+1 1 0 1
+1 1 0 1
+1 1
+14 6 0 0 5 0 0 1
+1 6
+1 6 0 6 0 0 4 0 0 4
+1 6
+1 6
+1 6
+2 6
+1 6
+1 6
+1 6 0 12 0 0 2 0 0 2
+1 6 0 12 0 0 3 0 0 3
+2 6
+1 6
-4 122 0 244 0 0 90 0 0 90
+1 122 0 244 0 0 32 0 0 32
+2 122
+1 122
+1 6 0 12 0 0 1 0 0 1
+1 6 0 12 0 0 2 0 0 2
+1 11 0 0 5 0 0 1
+5 5
+1 5

fl=(51)
fn=(162)
47 42 0 42 1 0 1 1 0 1
+3 42
+8 147
+2 42 42 0 1 0 0 1

fl=(45)
fn=(142)
36 13 0 0 5 0 0 1
+4 13 0 26 0 0 2 0 0 1
+1 13 0 26
+1 13 0 26 0 0 1 0 0 1
+1 13 0 26
+1 13 0 26 0 0 2 0 0 1
+3 39 13 0 0 1
+1 13 0 26
+7 13
+1 13 0 26 0 0 1 0 0 1
+1 13 0 26 0 0 1 0 0 1
+1 13 0 26
+1 13 0 26 0 0 1 0 0 1
+2 13
+1 39 13 0 1 0 0 1
+1 13 0 13
+7 13
+1 13

fl=(46)
fn=(148)
68 565 0 452 2 0 3 2 0 2
+1 226 113 0 0 5
cfi=(26)
cfn=(74)
calls=113 -5 
* 1702 226 0 2 12
* 113
+3 113 113 0 0 6
+2 113
+6 222 111
-6 111
+1 393 131 0 0 1
cfi=(26)
cfn=(74)
calls=131 -11 
* 3898 650 0 3 2
* 131
+8 20 40
-13 20
+13 133 226 0 1 0 0 1
-1 93
+1 186 186

fn=(200)
36 4 0 4 1 0 0 1
+3 1
-3 2 0 1
+3 1
cfi=(47)
cfn=(152)
calls=1 -11 
* 19 2 3
+1 1
+2 3 0 0 1 0 0 1
cfi=(50)
cfn=(160)
calls=1 -12 
* 9 2 2 1
* 1
+2 2 1 1
+3 1
+2 6
cfi=(51)
cfn=(162)
calls=1 -2 
* 13 2 2
* 2
cfn=(201) _dl_sysdep_read_whole_file'2
calls=1 +11 
* 16 7 2
fi=(62)
411 1
+8 5 1 0 1 0 0 1
+1 19 3 0 1 1 0 1 1
+3 3
+1 1 1
-1 3 0 0 1 0 0 1
fi=(63)
194 1 1
+1 4
fi=(62)
431 1
+1 2 0 2
cfn=(199)
calls=1 +50 
* 1310 206 60 20 20 1 17 20 1
fe=(46)

fn=(201)
60 2
cfi=(57)
cfn=(178)
calls=1 -35 
* 9 2 2
+3 5 5

fn=(284)
fi=(23)
44 2
fi=(72)
269 2
fi=(23)
44 8 2 0 0 2
cfi=(24)
cfn=(62)
calls=2 +36 
* 76 18 18 0 1 0 0 1
* 2
fi=(72)
272 2
+7 2 4
171 2
279 12 8 0 1 0 0 1
+1 8 4 0 0 2 0 0 2
+1 4 6
170 2
+1 2
-1 2
+1 4
-1 2
+2 6
cfn=(267)
calls=2 * 
* 1831 449 324 3 66 25 3 50 25
279 6 0 0 1 0 0 1
fe=(46)
87 2 0 4
+38 4
-38 2
+38 2
+2 2
cfn=(285) _dl_higher_prime_number'2
calls=2 * 
* 113 16 0 1 4 0 1 2

fn=(285)
129 40
+1 30 10 0 0 4 0 0 2
+3 7
-6 24 0 0 1 0 0 1
+19 6 6
-15 6
cfn=(285)
calls=3 -4 
* 46 12

fl=(66)
fn=(226)
392 3 0 4 1 0 1 1
+4 2
-2 5 0 2
cfn=(227) _dl_check_all_versions'2
calls=1 +3 
* 16361 4839 994 25 174 70 20 96 58
fi=(2)
676 1
+4 3 3
fe=(66)

fn=(227)
397 1 1
+1 5 0 0 1 0 0 1
cfn=(228) _dl_check_map_versions
calls=1 155 
* 16355 4838 994 24 174 70 19 96 58

fn=(228)
155 4 0 4 1 0 2
+15 2 1
+2 1
fi=(4)
-93 6 1 8 1 0 0 1
fe=(66)
+93 2 1 0 0 1
+2 1 1 0 0 1
+1 1 1 0 0 1
+2 1
+3 1 1
-24 1 0 1 0 0 1
+24 1 1
-16 1
+16 1
+4 3 1 0 0 1 0 0 1
fi=(67) ./elf/../sysdeps/generic/_itoa.h
76 6 0 1 1 0 0 1
fe=(66)
+71 1
fi=(67)
-71 1
fe=(66)
+71 4 0 3
36 3 1
200 2 2
36 3 0 0 1 0 0 1
200 1
36 2 1
+1 3 3
-1 3
+2 12
cfi=(46)
cfn=(148)
calls=4 +30 
* 292 64 16 0 0 1
* 5
208 1
+5 1 1
+5 2 0 0 1 0 0 1
-5 2 0 1
+5 1 0 1
-5 2 0 3
+5 1 1
-1 1 1
+1 1 1
-1 2 1 0 0 1 0 0 1
+1 10 6 0 1 2 0 1
+3 2 1 1
56 1 1
fi=(4)
+23 1 1
fe=(66)
-23 2 1
+8 3 1
+6 2 1 0 1 1 0 1
+16 1 1
+1 1
+2 2 1
+5 3 1 0 0 1 0 0 1
+14 12 4
+12 6 3 0 0 1 0 0 1
+4 3
-30 9 3 0 1 0 0 1
231 1 1 0 1 0 0 1
+3 1 1
-3 3
+3 1
110 1 1 0 1 0 0 1
+3 4 1 0 0 1 0 0 1
cfi=(26)
cfn=(74)
calls=1 -49 
* 74 14 0 0 1 0 0 1
* 1
224 5 1
+10 2 3 0 1 0 0 1
+9 2 1 0 1 0 0 1
+5 1
-50 1
cfn=(229) _dl_check_map_versions'2
calls=1 36 
* 4865 1467 143 11 60 7 8 49 6
397 1 1
+1 5
cfn=(229)
calls=1 155 
* 10946 3237 812 1 102 59 0 41 52
-2 1 1
+2 2
-1 1
-1 1

fn=(229)
155 24 0 24
+15 12 6 0 0 1
+2 6
fi=(4)
-93 36 6 48
fe=(66)
+93 12 6 0 0 1
+2 6 6 0 0 3 0 0 1
+1 6 6
+2 6
+3 4 4 0 0 1
-24 4 0 4
+24 4 4 0 0 1
-16 4
+16 4
+4 12 4 0 0 4 0 0 4
fi=(67)
76 24 0 4
fe=(66)
+71 4
fi=(67)
-71 4
fe=(66)
+71 16 0 12
36 12 4 0 0 1
200 8 8
36 12
200 4
36 29 11
200 14 14
36 21
200 7
36 14 7
+1 47 47
-1 47
+2 174
cfi=(46)
cfn=(148)
calls=58 +30 
* 4015 905 232 0 12
* 69
208 11
+5 11 11 0 0 4 0 0 4
+5 22
-5 22 0 11
+5 11 0 11
-5 22 0 33
+5 11 11
-1 11 11
+1 11 11
-1 22 11 0 0 2 0 0 2
+1 33 22
-1 22 22
+1 22 22
-1 44 22 0 0 5 0 0 5
+1 121 66
+3 22 11 11
56 11 11
fi=(4)
+23 11 11
fe=(66)
-23 22 11 0 0 2
218 66 66
+3 44 22 22
56 22 22 0 0 1
fi=(4)
+23 22 22 0 0 1
fe=(66)
-23 44 22 0 0 4
+8 99 33
+6 66 33 0 0 3
+16 33 33 0 0 2
+1 33
+2 66 33
+5 99 33 0 0 6 0 0 4
+14 1329 443 0 0 12 0 0 10
+12 820 410 0 0 9 0 0 8
+4 410
-30 1230 410 0 0 27 0 0 21
231 33 33
+3 33 33
-3 99
+3 33
+5 22
-24 22
cfn=(229)
calls=22 +3 
* 46510 15081 3366 98 328 371 64 184 339
110 33 33
+3 132 33 0 0 2 0 0 2
cfi=(26)
cfn=(74)
calls=33 -49 
* 1941 311 0 0 22 0 0 19
* 33
224 165 33
+10 22 33
+9 22 11
+5 6
-50 6
cfn=(229)
calls=6 36 
* 21263 6579 1158 25 208 105 16 139 96
-42 2 0 2
+8 2
+93 3
cfn=(229)
calls=1 368 
* 8 13
* 25 10 0 1 0 0 1
+3 20 10 0 0 1
cfn=(229)
calls=5 +3 
* 3265 1162 480 1 30 59 0 10 52
+10 106
-7 106 106 0 0 10 0 0 6
+3 106 106 0 0 4 0 0 4
-3 318
+3 106
-3 5 5 0 0 1
+3 5 5
-3 15
+3 5
+8 5
fi=(23)
44 30 6 6 1 3 0 1
fe=(66)
280 6
fi=(23)
44 6
cfi=(24)
cfn=(62)
calls=6 +36 
* 282 65 63 4 3 1
fe=(66)
279 6 0 6 1 0 4 1
+2 6 6
fi=(23)
44 6
fe=(66)
281 6
+13 6 6 0 0 5
fi=(4)
79 6 6
fe=(66)
294 6 6 0 0 3
-3 6 0 6
+3 12 0 6 0 0 3
+2 6
+3 5 5
+11 5
-11 15 5
+4 15 5 0 1 0 0 1
cfn=(229)
calls=5 +3 
* 2290 888 442 3 5 55 3 0 55
* 21 7
cfn=(229)
calls=7 +3 
* 3740 1432 738 6 7 83 6 0 83
+18 22
-15 44 22
+2 44
-2 24 12
+2 24
+2 34
+2 34 34
-2 34 34
+1 34
-1 34
+3 34 34
-1 34
+1 34
-2 34 0 68 1 0 14 1 0 14
+1 34 0 34 0 0 3 0 0 3
+1 34 0 34 0 0 1 0 0 1
+3 68 34
+8 24 12
+5 7
-28 7
cfn=(229)
calls=7 +2 
* 3761 1439 738 6 7 83 6 0 83
+33 5
+3 5 5
+11 5
-11 10
cfn=(229)
calls=5 +6 
* 1671 719 318 0 4 40 0 0 40
+20 106
-14 222 111
+4 106 106
-6 106 212
+7 212
+1 106 106
-1 106
+1 106
-1 106 0 106 0 0 28 0 0 28
+1 106 0 106
+1 106 0 106 0 0 12 0 0 12
+3 222 111
+12 5
+1 10 5 0 1 0 0 1
+1 10 5 0 1 5 0 1
+1 28 56
+19 28 35
274 1 0 0 1 0 0 1
+60 1
-40 2 1
cfn=(229)
calls=1 +43 
* 77 40 12 0 0 3 0 0 3
397 5 5 0 0 1
+1 25
cfn=(229)
calls=5 155 
* 23299 6924 1850 1 251 131 0 90 111
-2 6 6
+2 12
-1 6
-1 7 2
+5 4 4

fl=(54)
fn=(168)
120 55 0 0 2 0 0 2
+2 11

fn=(170)
120 60 0 0 2 0 0 1
+2 12

fl=(7)
fn=(12)
42 1 0 2 1 0 0 1
+1 2
-1 1
+1 2
+1 1
-1 1 0 1 0 0 1 0 0 1
+1 1
+1 1
+1 1
-1 1
+1 1
-1 1 0 2 0 0 1 0 0 1
+1 1 0 1
+1 2 2 0 1 0 0 1

fn=(306) lookup_malloc_symbol
61 1 0 2 1 0 0 1
+3 2
-3 3 0 2
+3 6 1 0 1 0 0 1
-3 1 0 2
+2 1 0 1
+1 1
cfi=(72)
cfn=(262)
calls=1 772 
* 602 202 80 2 17 0 2 3
+28 1
-1 1
+1 4
cfn=(307) lookup_malloc_symbol'2
calls=1 -31 
* 1981 636 265 2 38 2 2 17

fn=(307)
61 3 0 6
+3 6
-3 9 0 6
+3 18 3
-3 3 0 6
+2 3 0 3
+1 3
cfi=(72)
cfn=(262)
calls=3 772 
* 1914 627 240 0 38 0 0 17
+29 2 0 0 1 0 0 1
-1 1
+1 3
cfn=(307)
calls=1 -32 
* 1267 412 171 1 23 2 1 10
* 1
+1 2
-1 1
+1 3
cfn=(307)
calls=1 -33 
* 590 195 84 1 10 2 1 5
+5 3 0 1 0 0 1
+2 1 0 2 0 0 1
+1 1 0 1 1 0 0 1
+1 4 6

fn=(104)
239 2 0 0 1 0 0 1
+3 4 2 0 0 1 0 0 1
+2 2 2
+1 2
+4 2 1
-2 2 0 0 1 0 0 1
+4 2
cfn=(105) strsep'2
calls=1 +3 
* 197 70 1 1 0 0 1
+20 1

fn=(105)
251 26
cfn=(105)
calls=13 +3 
* 1287 455 13 13 0 0 13
+5 56 28
-2 84 28
-5 29 14
+18 1 0 1
+3 1 0 0 1 0 0 1

fn=(302)
76 1 0 2 1 0 0 1
fi=(82) ./elf/../sysdeps/generic/dl-hash.h
-32 1
+1 1
fe=(7)
+31 3 0 2 1 0 0 1
fi=(82)
-33 1
+1 1
-1 1
fe=(7)
+43 2
-10 1 0 2
+10 1 0 1
+1 1 0 1
fi=(82)
-39 1
-3 1 1 0 0 1 0 0 1
+3 1
+14 2
-17 1
+3 4
-3 4 4 0 0 1 0 0 1
+3 4
+14 8
-17 4
+22 1 0 0 1 0 0 1
fe=(7)
+24 5
fi=(82)
-19 1 0 1
fe=(7)
+17 1 0 1
+2 1
cfn=(306)
calls=1 -30 
* 2604 839 352 6 55 2 6 20
fi=(2)
2365 1
cfi=(84)
cfn=(310)
calls=1 30 
* 503 129 42 13 11 0 13 10
+6 1 1
+1 2 1
-1 2 0 1
+1 5 2
cfi=(70)
cfn=(253)
calls=1 207 
* 3317 1062 435 28 88 6 28 52 4
fe=(7)

fl=(35)
fn=(110)
54 19 0 0 1 0 0 1
+2 19
+1 19
+1 19 19 0 0 3 0 0 3
+1 19
+1 19
+1 19
+1 19
+1 19
+1 19
+1 19
+1 19
+1 19
+2 5
+1 5
+3 5
+1 5 0 0 1 0 0 1
+1 5
+1 5
+4 15 15 0 5 2 0 0 2
+1 15
+1 15
+1 15
+1 15
+1 15
+1 1 1
+1 1
+1 1
+1 1
+1 1
+1 1
+9 14 0 0 2 0 0 1
+1 14
+1 14
+1 14
+2 14
+1 14
+2 14
+1 14
+1 14
+1 14

fl=(96)
fn=(356)
0 6 2 1
56 2 0 2 1 0 0 1
+3 2
cfn=(358) __getauxval2
calls=1 -34 
* 15 6 3 3 0 0 3

fn=(358)
25 2 0 2 1 0 0 1
+5 2
+2 2 1
+1 1
cfn=(359) __getauxval2'2
calls=1 * 
* 4 2 1 1 0 0 1
+26 1
+1 1 1 0 1 0 0 1
+4 2 2

fn=(359)
33 1 0 0 1 0 0 1
+18 1 2
-14 1 0 1
+14 1

fl=(86)
fn=(316)
29 1 0 0 1 0 0 1
-2 1 0 2
+6 2
-6 1
+6 4
-6 3 0 2
+6 3
cfi=(85)
cfn=(312)
calls=1 +41 
* 220 61 17 0 9 0 0 9
+4 1
+2 6 3 0 1 0 0 1
+1 1
+1 1 2
-2 1
+2 1 2
-1 2
cob=(2)
cfi=(87) ./elf/./elf/libc_early_init.c
cfn=(318) __libc_early_init
calls=1 -7 
* 287 82 45 26 20 5 26 18 4

fl=(33)
fn=(92)
51 20 0 15 1 0 0 1
+3 10
cfn=(94)
calls=5 -29 
* 71 31 23 2 0 2 2 0 2
* 10
+8 20 15 0 1 0 0 1

fn=(94)
25 24 0 24 0 0 2 0 0 2
+1 12 6
+4 9 3 3 1 0 0 1
+4 9 3
+2 3
+11 6 12 0 1 0 0 1
-20 6
+20 12 12

fl=(52)
fn=(164)
33 12 0 12 1 0 2 1 0 1
+2 12 3
+14 6 8
-9 7 0 2 1 0 0 1
cfi=(12)
cfn=(33)
calls=1 390 
* 23 5 3 3 1 0 0 1
* 2 1
+7 2 0 1 1 0 0 1
+1 1 2
+1 3 4

fl=(57)
fn=(178)
25 6 0 12 5 0 0 1
+1 12
-1 6
+1 18
+1 12 12 0 1 0 0 1

fl=(36)
fn=(112)
40 24 0 24 1 0 0 1
+1 6
cfi=(18)
cfn=(48)
calls=6 +9 
* 157 17
fi=(37) ./string/../include/rtld-malloc.h
+15 6
fe=(36)
-15 6
fi=(37)
+15 18 6 0 1 0 0 1
cfi=(24)
cfn=(64)
calls=6 -20 
* 144 36 42 3
fe=(36)
-12 6
+3 12
+1 12 24
-1 6
cfi=(25)
cfn=(66)
calls=6 +25 
* 85 22 22 0 0 7 0 0 6

fl=(29)
fn=(84)
45 2 0 1 1 0 0 1
fi=(145) ./elf/./dl-main.h
+64 2 2
fe=(29)
-64 1 0 1
fi=(145)
+64 3 2
cfi=(30)
cfn=(86)
calls=1 706 
* 1431090 418763 156945 736 14890 2387 574 7818 1367
fe=(29)

ob=(2)
fl=(110)
fn=(496) __pthread_once_slow
68 12 2 7 2 1 0 2
+8 1 1
+4 1
+8 1 0 0 1 0 0 1
+4 2
-4 2 1 0 0 1 0 0 1
+4 2
cfi=(97)
cfn=(498) __aarch64_cas4_acq
calls=1 -92 
* 6 1 1 1 1 0 1
* 3
+9 4 0 0 1 0 0 1
+13 15 0 8 2 0 0 2
cfi=(111) ./nptl/./nptl/cleanup_compat.c
cfn=(500) _pthread_cleanup_push@@GLIBC_2.34
calls=1 -88 
* 10 3 6 1 1 0 1 1
+2 1
cob=(7)
cfi=(108)
cfn=(502) 0x00000000000c0ce0
calls=1 0 
* 1612 547 227 13 22 2 13 10
0 6 4

fn=(494)
136 28 0 28 1 0 0 1
+3 14 14 0 0 1 0 0 1
+1 14
+4 40 28 0 1 0 0 1
-1 1
cfn=(496)
calls=1 -75 
* 1678 559 249 21 26 2 21 12

fl=(136) ./setjmp/./setjmp/sigjmp.c
fn=(1034) __sigjmp_save
28 4 0 3
+2 1
-1 1 0 1
+5 4 3 0 1 0 0 1

fl=(139)
fn=(1060)
38 3 2 0 1 1 0 1 1
+2 1
+28 3 0 0 1 0 0 1
+1 1
-25 2

fl=(109)
fn=(478)
32 3 0 0 1 0 0 1
+5 3
+1 3
+2 3
+1 3
+43 3 0 0 1 0 0 1
+1 3
+1 3 0 3 0 0 2 0 0 2
+1 3
+1 3
+1 3
+2 3
+1 3
+1 3
+1 3 0 6 0 0 3 0 0 3
+1 3 0 6
+2 3 0 0 1
+1 3
-4 10 0 20 0 0 10 0 0 10
+1 10 0 20
+2 10
+1 10
+1 3 0 6
+1 3 0 6 0 0 1 0 0 1
+1 5 0 0 1 0 0 1
+5 2
+1 2

fl=(131) ./misc/../sysdeps/unix/sysv/linux/brk.c
fn=(870) brk
36 6 0 6 1 0 1 1 0 1
fi=(146) ./misc/../sysdeps/unix/sysv/linux/brk_call.h
-12 3
fe=(131)
+12 3
fi=(146)
-12 3 0 0 1 0 0 1
fe=(131)
+13 9 3 3
+1 6
+6 3
+1 6 6

fl=(115)
fn=(568)
30 1280 256 640 2 1 0 2
+9 256
+6 128
-1 256
+35 1408 896 0 1 0 0 1

fl=(97)
fn=(798) __aarch64_swp4_rel
0 78 26 13 1 0 0 1

fn=(498)
0 84 14 14 2 2 2 1 0 1

fn=(360)
fi=(93)
73 2
+1 10 2
cfi=(102) ./libio/./libio/vtables.c
cfn=(372) check_stdfiles_vtables
calls=1 546 
* 31 15 2 2 3 0 2 3
cfi=(99) ./csu/./csu/init-first.c
cfn=(366) _init_first
calls=1 -28 
* 92 20 13 9 4 3 9 4 3
-1 6
fe=(97)
-73 5 0 2 1 0 0 1
cfi=(98)
cfn=(364)
calls=1 56 
0 9 4 2 2 0 0 2
0 10 3 1 1 1 0 1 1

fl=(118) ./iconv/./iconv/gconv_simple.c
fn=(576) __gconv_btwoc_ascii
49 128 0 256 1 0 0 1
+2 128
-2 256
+5 384 256

fl=(114)
fn=(564)
31 6 2 0 1 1 0 1
-1 6 0 4
+1 2 2 0 0 1
+2 2
+3 6
+29 4 2 0 0 1
+1 4 2 0 0 1
+2 4 2 0 1 1 0 1
-31 2 0 2
+29 2 4 0 0 3 0 0 2
-1 2 0 2
+3 2 2
-2 2 0 2
+2 2 0 2
+4 4
+1 6 4

fl=(89) ./resource/../sysdeps/unix/sysv/linux/getrlimit64.c
fn=(322) getrlimit
38 1 0 2 1 0 0 1
+1 2
-1 1
+1 6
+1 2 2

fl=(137) ./string/../sysdeps/aarch64/multiarch/strlen_asimd.S
fn=(1042) __strlen_asimd
89 4 0 0 1 0 0 1
+2 4
+1 4
+1 4
+3 4 8 0 0 2 0 0 2
+1 4
+10 4
+1 4
+1 4
+1 4
+1 4
+1 4
+1 4
+1 4
+4 4
+1 4
+1 4 0 0 1 0 0 1
+1 4
+1 4
+1 4
+1 4

fl=(126)
fn=(860) tcache_init.part.0
3242 3 0 4 1 0 0 1
+9 3 1 0 1 0 0 1
-9 1 0 2
+9 6 1
cfi=(97)
cfn=(498)
calls=1 0 
* 6 1 1
* 1
+1 3
cfn=(862) _int_malloc
calls=1 3846 
* 407 103 66 44 3 2 44 3 2
fi=(109)
32 1 0 0 1
+5 1
+1 1
+2 1
+1 1
+43 1 0 0 1
+1 1
+1 1 0 1
+1 1
+1 1
+1 1
+2 1
+1 1
+1 1
+1 1 0 2
+1 1 0 2 0 0 1 0 0 1
+2 1
+1 1
-4 8 0 16
+1 8 0 16 0 0 8 0 0 8
+2 8
+1 8
+1 1 0 2
+1 1 0 2
+1 2 0 0 1
+5 1
+1 1
fe=(126)

fn=(862)
3846 792 0 1056 1 0 1 1 0 1
1326 264
+10 2640 264 1584 1 0 0 1
+9 1056
3887 264
1794 264 264
3914 528
+63 528 0 0 1 0 0 1
+62 17 0 4
+1 3 1
+20 3 1
-1 1
-1 1
+2 1
-1 1
+1 4 2
-2 2
+12 5 1
4257 2
+2 3
+3 4 1 0 0 1
+69 1
+3 1
-4 1
+1 2
+2 1
-1 1
+1 1
-2 2
+3 1
-1 1 1
+6 4
cfn=(863) _int_malloc'2
calls=1 3934 
* 48 18 5 0 0 1 0 0 1
4039 8 0 0 1 0 0 1
cfn=(863)
calls=1 +1 
* 94 25 5 1 0 1 1 0 1
+31 262 0 0 2 0 0 1
-91 1048
cfn=(863)
calls=262 +1 
* 29760 7189 1913 51 13 267 39 3 267
3252 1
+1 1
+8 3 0 0 1 0 0 1
cfi=(97)
cfn=(798)
calls=1 0 
* 6 2 1
* 2
+9 1
fi=(147) ./malloc/../string/bits/string_fortified.h
59 3
fe=(126)
3270 1 0 1
+4 3 6
fi=(147)
59 1
fe=(126)
3354 1578 2104 0 1
1461 263
3328 263
1461 526 263
3329 263
461 263
3329 263
461 526 263
3329 526 263 0 1 0 0 1
fi=(127) ./malloc/./malloc/arena.c
153 526 263
fe=(126)

fn=(863)
4040 3 1
+20 789 263 0 1 0 0 1
-1 263
-1 263
+2 263
-1 263
+1 1050 525
-2 524
+12 1315 263 0 2 0 0 1
-90 524 0 0 1 0 0 1
+2 786 262
4487 1056 1056 0 1 0 0 1
4081 524 0 524 1 0 0 1
cfn=(863)
calls=262 -21 
* 27926 6927 1389 49 13 267 37 3 267
4257 526 0 0 1 0 0 1
+2 3
+3 4 1
+69 263 0 0 1 0 0 1
+3 263
-4 263
+1 526
+2 263
-1 263
+1 263
-2 526
+3 263
-1 263 263 0 0 1
+6 1052
cfn=(863)
calls=263 3934 
* 18546 5636 1394 45 12 268 34 3 268
3934 1056 0 0 1 0 0 1
cfn=(863)
calls=264 4343 
* 17538 5654 1399 44 12 269 33 3 269
4346 3140 785
-3 3147
4443 264 264
+3 264 264 0 1 2 0 1 1
-2 528 264 0 0 1
+2 528
+3 792
+17 8 2 4 0 1
-12 786 0 0 2 0 0 1
-2 262
+2 262
-3 262
+2 262 0 262
+6 262 0 0 1
-5 262
+2 262
-2 524 0 262
+6 262
-4 262 0 262 0 0 262 0 0 262
+4 262
+23 262
cfn=(872) alloc_perturb
calls=262 1984 
* 1834 786 524 0 0 1 0 0 1
* 2 0 0 1 0 0 1
cfn=(872)
calls=2 1984 
* 14 6 4 2 0 0 2
* 1320 2112
cfn=(863)
calls=264 +4 
* 1056 1056 0 1 0 0 1
-2 6 0 0 1 0 0 1
cfn=(864) sysmalloc
calls=2 2532 
* 477 145 85 39 8 6 30 2 6

fn=(1080)
0 3796 6 629 5 2 77 5 1 60
fi=(132)
cob=(8)
cfi=(132)
cfn=(1086) std::mersenne_twister_engine<unsigned long, 32ul, 624ul, 397ul, 31ul, 2567483615ul, 11ul, 4294967295ul, 7ul, 2636928640ul, 15ul, 4022730752ul, 18ul, 1812433253ul>::_M_gen_rand()
calls=1 0 
0 20 7 0 1 0 0 1
3363 1 0 0 1 0 0 1
-4 3 0 4
+9 2
+3 2 1 0 0 1
-12 1 0 2
+12 1
-3 1 1
-9 1 0 1
+14 1
-2 1 1 0 0 1
-3 1
+7 2 1 0 1 0 0 1
+17 5 2 0 1 0 0 1
+3 3 1
fi=(127)
153 4 0 0 1 0 0 1
cfi=(126)
cfn=(1081) free'2
calls=1 3398 
* 68 25 13 6 3 0 6 1
fe=(126)

fn=(1081)
3398 3
cfn=(1084) _int_free
calls=1 4495 
* 65 25 13 6 3 0 6 1

fn=(1084)
4495 4 0 4 1 0 0 1
+4 1 1
-4 2 0 2
+4 1
+6 4 0 2
+1 2
+4 4 0 0 1 0 0 1
+8 9 2
-1 1
+10 1
-9 1 1
-1 1
+1 2 0 0 1 0 0 1
+9 1
-6 1
+6 4 2
+20 5 2 0 0 2 0 0 1
3163 2 0 0 1 0 0 1
+4 1
-2 1 1 0 1 1 0 1
-2 1 1
+2 1
-2 1 0 2
+3 1 0 1
+1 1 0 1
4550 1
cfn=(1085) _int_free'2
calls=1 4658 
* 5 8 0 1 0 0 1
3401 1 0 1
+1 5 7

fn=(1085)
4658 5 8 0 1 0 0 1

fn=(850)
3294 789 0 1052 2 0 1 1 0 1
+7 526
-7 526 0 526
+7 263 263 0 0 1 0 0 1
-7 263 0 526
+7 263
1326 262
+10 1048 262
3313 786 262 0 1
1345 262
3313 262
-2 786
+2 262 262 0 0 1
-2 524
+2 262
+3 1048 262
+10 786 262
fi=(127)
264 1 0 0 1 0 0 1
cfn=(854) ptmalloc_init.part.0
calls=1 -2 
* 1652 244 436 71 35 47 64 31 46
fe=(126)
3317 522
+1 522 261 0 0 1
+10 1048
cfn=(862)
calls=262 3846 
* 42078 10789 4486 14 11 267 0 0 267
0 5 0 4
fi=(108)
cob=(7)
cfi=(108)
cfn=(878) 0x00000000000a581c
calls=1 0 
0 13 9 0 1 1 0 1
0 1310 786

fn=(872)
1984 264 0 528 1 0 1 1 0 1
+1 264
-1 264
+1 528 264 0 1 0 0 1
+2 528 528

fn=(864)
2532 10 2 4 4 1 1 2 0 1
+20 4 2
-20 18 2 14 0 1
+20 2 2
+11 2
+1 8 2 0 1 2 0 1 1
-11 6 0 10
+35 4 2
+1 4 2
+1 2
+9 10 0 0 1
+6 6 0 0 1 0 0 1
+3 8
+61 2 0 0 1 0 0 1
+8 2 2
-8 2 2
+9 2
+13 2 2
-22 4
+9 4
+13 2 0 0 2 0 0 1
+8 10 0 2
+8 4
+2 6 0 4 2 0 0 1
cfi=(129) ./malloc/./malloc/morecore.c
cfn=(866) __glibc_morecore
calls=2 26 
* 247 71 41 21 4 4 19 1 4
+1 1 2
-1 1
+1 1
2008 1
2711 1
2008 4 1
2712 1 0 0 1
+3 1
+29 2
+2 1 1
-2 3 1
+2 1
+6 2 0 0 1
-6 3 1 1
+6 1
+1 1
2926 1 1
2753 3 0 1
cfn=(865) sysmalloc'2
calls=1 2921 
* 35 17 4 0 0 1 0 0 1
4481 2
+1 2
+1 4
cfn=(863)
calls=2 * 
* 34 30 4 4 0 0 4

fn=(865)
2921 6 2 0 1 0 0 1
+1 2 0 2
+5 4 2
+3 4 0 0 1 0 0 1
+5 2
-2 2
+2 2
-3 2
+3 2
+1 2
+2 2 4
-3 2
-1 2 0 2
+1 4 0 2
+3 4 4
-2 2 0 2 0 0 2 0 0 2
+8 26 22 0 1 0 0 1
2755 6 1 0 1 0 0 1
+34 1
+6 2
+22 1 0 0 1 0 0 1
+1 1
-1 1
+1 6
+2 1
+1 3 0 2
cfi=(129)
cfn=(867) __glibc_morecore'2
calls=1 26 
* 29 11 7
+12 1 2 0 1 0 0 1
-12 1
+12 1
2008 7 1
cfn=(865)
calls=1 2875 
* 45 18 7 4 0 2 4 0 2
2746 1
+6 2 0 0 1 0 0 1
-6 3 1 1
+6 1
2875 1
+1 3 0 0 1 0 0 1
+1 1 1
-2 1 0 1
+1 1 0 1 0 0 1 0 0 1
+1 2 0 1
+11 1
2695 1 0 0 1 0 0 1
+88 2
cfn=(865)
calls=1 +34 
* 97 32 16 6 0 2 6 0 2

fl=(123)
fn=(838)
29 2 1 0 1 0 0 1
-1 2 0 2
+1 2 1 0 0 1
+1 1 2
-1 1
cfi=(124) ./stdlib/./stdlib/getenv.c
cfn=(840) getenv
calls=1 -4 
* 301 78 7 11 22 0 11 19

fl=(75)
fn=(274)
34 12 4 2 2 1 1 2

fl=(99)
fn=(366)
46 1 0 2 1 0 0 1
+5 1
-5 1
+5 1 1
-5 3 0 2
+5 1
+4 8 4 0 1 2 0 1 2
+8 2 1
-2 2
+10 1
-10 1 0 1 0 0 1 0 0 1
+10 1
-8 1 0 1 0 0 1 0 0 1
-1 1 0 1
+10 2 4
-1 1
cfi=(100) ./misc/./misc/init-misc.c
cfn=(368) __init_misc
calls=1 -40 
* 64 10 6 7 2 1 7 2 1

fl=(112)
fn=(512)
43 16 2 13 2 0 0 2
+12 2
277 16 15 0 1 0 0 1
63 1 0 0 1 0 0 1
+3 2 0 0 1 0 0 1
-10 1
+10 2
+7 4 2 0 1 0 0 1
+2 1
-2 1

fl=(120) ./string/../sysdeps/aarch64/multiarch/../strlen.S
fn=(586) __GI_strlen
50 69 0 0 1 0 0 1
+2 69
+1 69 69 0 0 4 0 0 4
+1 69
+1 69
+1 69
+1 69
+1 69
+1 69
+2 51
+1 51
+1 51
+1 51
+4 18 18 0 1 1 0 1 1
+1 18
+1 18
+1 18
+1 18
+8 18
+1 18
+1 18
+2 18
+2 18
+1 18 0 0 1 0 0 1
+1 18
+1 18

fl=(129)
fn=(866)
26 6 2 0 2 0 0 1
-1 4 0 4 0 0 1 0 0 1
+4 2
cfi=(130) ./misc/./misc/sbrk.c
cfn=(868) sbrk
calls=2 +8 
* 96 28 19 7 4 1 7 1 1
+1 2 0 0 1
+4 2 2
fi=(126)
2710 1 2
-1 1
+1 1
2008 1
2711 1
2008 4 1
2712 1 0 0 1 0 0 1
+3 1
+29 2
+2 1 1
-2 2 1
+1 3 0 1 1 0 0 1
cfn=(865)
calls=1 +1 
* 116 34 17 9 0 2 9 0 2
fe=(129)

fn=(867)
26 3 1
-1 2 0 2
+4 1
cfi=(130)
cfn=(868)
calls=1 +8 
* 19 8 5
+1 2
+4 2 2

fl=(134) ./csu/../sysdeps/nptl/libc_start_call_main.h
fn=(1028) (below main)
29 11 2 6 1 0 0 1
+15 2 0 0 1 0 0 1
cfi=(135) ./setjmp/../sysdeps/aarch64/setjmp.S
cfn=(1030) _setjmp
calls=1 -14 
* 35 7 25 4 0 0 4
+2 1
+2 1
+7 1
-4 1
+4 1
+3 2 1
-7 1 1 0 0 1 0 0 1
+4 1 0 1
+3 3 3
-6 1
+6 1 1
-7 1 0 1
+7 1 0 0 1 0 0 1
cob=(8)
cfi=(132)
cfn=(1036) main
calls=1 -58 
* 82170 20749 14415 93 140 1355 67 23 1321

fl=(122)
fn=(792)
67 2 0 4 1 0 0 1
+1 4
-1 2
+2 2 4 0 1 0 0 1
-1 2
cfn=(794) __internal_atexit
calls=2 -32 
* 7292 1999 1384 151 195 71 136 76 66

fn=(793) __cxa_atexit'2
67 10 0 20 1
+1 20
-1 10
+2 10 20
-1 10
cfn=(795) __internal_atexit'2
calls=10 -32 
* 840 220 190 0 7 8 0 0 5

fn=(796) __new_exitfn
80 12 0 24 1 0 0 1
+6 12
-6 36 0 24
+6 24 12 0 0 2 0 0 1
+5 12 12 0 0 2 0 0 1
-10 12
+10 36
+2 12 12 0 1 3 0 1 1
+1 12
-1 23
+1 44 11 0 0 1
-3 1 1
+10 1 0 1
-10 2
+13 22
+25 11
+1 11
-1 11
+1 11 0 11
+7 11
-1 22 0 11 0 0 2
+1 11 11
+4 11 22
-4 11
+4 11 22
-4 11 0 11
+4 11
-18 1 0 0 1 0 0 1
-1 1
+1 1 0 1
+11 1
cfn=(797) __new_exitfn'2
calls=1 +3 
* 9 5 2 1 0 0 1
-90 1
+2 1
+6 2 1 0 0 1
+4 1
+1 2 1 0 1 0 0 1
-2 1 0 2 0 0 1 0 0 1
-3 1 1
+5 1
-5 1
+1 1 0 2
+4 1
cfi=(97)
cfn=(798)
calls=1 -57 
* 6 2 1 1 0 0 1
* 2
+1 1
+1 4 6

fn=(797)
137 1 0 0 1 0 0 1
-1 2 0 1
+1 1 1
+4 1 2
-4 1
+4 1 2
-4 1 0 1
+4 1

fn=(794)
fi=(93)
73 1 0 0 1
+1 5 1 0 0 1 0 0 1
cob=(7)
cfi=(108)
cfn=(800) 0x00000000000a6120
calls=1 -74 
* 7118 1954 1345 140 188 69 128 72 64
-1 3 0 0 1
fe=(122)
-37 8 0 12 1 0 0 1
+5 2
+2 18 2 0 1 1 0 1
cfi=(97)
cfn=(498)
calls=2 -43 
* 12 2 2 1 1 1 0 0 1
* 2
+1 4
cfn=(796)
calls=2 +36 
* 93 29 20 6 4 1 6 3 1
* 1
+2 1
+6 2 1
+4 1
+1 2 1
-2 1 0 2
-3 1 1
+5 1
-5 1
+1 1 0 2
+4 1
cfi=(97)
cfn=(798)
calls=1 -57 
* 6 2 1
* 2
+1 1
+1 4 6

fn=(795)
36 40 0 60
+5 10
+2 90 10
cfi=(97)
cfn=(498)
calls=10 -43 
* 60 10 10 0 0 1
* 10
+1 20
cfn=(796)
calls=10 +36 
* 350 90 70 0 5 2
* 10
+2 10
+6 20 10 0 0 2
+4 10
+1 20 10
-2 10 0 20 0 0 5 0 0 5
-3 10 10
+5 10
-5 10
+1 10 0 20
+4 10
cfi=(97)
cfn=(798)
calls=10 -57 
* 60 20 10
* 20
+1 10
+1 40 60

fl=(91) ./nptl/./nptl/pthread_mutex_conf.c
fn=(326) __pthread_tunables_init
55 1 0 0 1 0 0 1
+1 1
-1 2 1
+1 1
-1 3 0 3
+1 2
-1 3 1 1
+1 2
cob=(1)
cfi=(12)
cfn=(33)
calls=3 390 
* 69 15 9 3 6 0 3 6
* 33 9 0 3 1 0 3 1
fi=(87)
-7 11 6
fe=(91)

fl=(77)
fn=(286)
41 2 1 0 1 1 0 1 1
+21 2 0 2
-19 2 1 0 0 1 0 0 1
-2 1 1
+5 1 1
+2 1
-2 1
+7 2
+3 2 0 0 1 0 0 1
+6 1 2 0 1 0 0 1
-3 2 0 0 1 0 0 1
+3 1

fl=(88) ./ctype/./ctype/ctype-info.c
fn=(320) __ctype_init
31 3 1 0 1 1 0 1 1
-2 1 0 2
+2 2 1 0 1 1 0 1 1
-2 1
+2 1 1 0 0 1
+2 2 1 0 0 1 0 0 1
+2 2 1 0 0 1 0 0 1
-4 1 1 0 0 1 0 0 1
+2 1 2 0 0 1 0 0 1
+2 3 1 1
-4 1
+2 1
-2 1 0 1
+2 1 0 1 1 0 0 1
+3 2 2

fl=(127)
fn=(854)
262 1 0 0 1 0 0 1
+5 1
-5 2 1 0 0 1
fi=(128) ./malloc/../sysdeps/unix/sysv/linux/not-cancel.h
97 1
fe=(127)
262 2 0 2
fi=(128)
97 1
fe=(127)
262 1 0 2 1 0 0 1
+5 1
-5 1 0 2
+5 1
-5 3 1 1
fi=(128)
97 2
fe=(127)
267 1 0 1
fi=(128)
97 2
fi=(126)
3143 2
fe=(127)
274 4 0 0 2 0 0 2
cob=(1)
cfi=(12)
cfn=(32)
calls=13 390 
* 299 65 39 3 26 0 0 26
* 657 26 258 7 3 35 6 1 34
fi=(126)
1336 4 1 0 0 1 0 0 1
3313 3 1 0 1 0 0 1
1345 1
3313 1
-2 3
+2 1 1
-2 2
+2 1
+13 3 1 0 1 1 0 1
1326 1
3248 3 1 0 1 0 0 1
cfn=(860)
calls=1 -6 
* 486 106 114 49 3 11 46 3 11
+68 4 1 0 1 0 0 1
+12 4 0 0 1 0 0 1
cfn=(862)
calls=1 3846 
* 153 39 17 3 0 1 3 0 1
fe=(127)

fl=(102)
fn=(372)
fi=(93)
73 3
+3 5 7
fe=(102)
546 2 1 0 1 0 0 1
-1 1 0 2
+1 1
-1 1
+1 5 1 0 0 1 0 0 1
+1 5 2 0 1 1 0 1 1
+1 6 2 0 0 1 0 0 1
cfn=(373) check_stdfiles_vtables'2
calls=1 +2 
* 2 2

fn=(373)
550 2 2

fl=(130)
fn=(868)
fi=(129)
30 2 0 0 1 0 0 1
+4 2 2
fe=(130)
+3 3 0 6 1 0 0 1
+6 3
-6 3
+6 3 3 0 0 1
-6 3 0 3
+3 6 3 0 0 2 0 0 1
-3 6 0 6
+3 3 3 0 0 1
+3 3
+35 5 5
-20 3 0 0 1 0 0 1
+4 4
+4 3
+8 1
cfi=(131)
cfn=(870)
calls=1 -38 
* 13 3 3 0 0 1 0 0 1
* 1
+4 5 5
-19 2 0 0 1 0 0 1
cfi=(131)
cfn=(870)
calls=1 -23 
* 13 3 3 2 0 0 2
* 1
+4 2 1
cfn=(869) sbrk'2
calls=1 -1 
* 25 8 3 1 0 0 1

fn=(869)
62 2
+4 3
+8 1 0 0 1 0 0 1
cfi=(131)
cfn=(870)
calls=1 -38 
* 13 3 3
* 1
+4 5 5

fl=(116)
fn=(572)
32 2560 512 1280 1 0 0 1
+5 1280
+5 512 0 0 1 0 0 1
+52 1408 896
-48 640 384 0 1 1 0 1 1
fi=(148) ./wcsmbs/./wcsmbsload.h
+23 256 128 128 0 1
+1 256 128 0 0 1 0 0 1
fe=(116)
-23 128 128 0 0 1 0 0 1
+1 128 128 0 0 1 0 0 1
-1 128 128 0 0 1 0 0 1
+1 128
+4 256 128
+3 128
-3 256 0 0 1 0 0 1
+3 256
cfi=(117) ./elf/./elf/libc-dl-profstub.c
cfn=(574) _dl_mcount_wrapper_check
calls=128 -18 
* 768 256 0 2 1 0 2
* 1152 512
+39 128 256
-39 128
+39 128 256
-39 128 128 0 1 0 0 1
+39 128
-39 128
cfi=(118)
cfn=(576)
calls=128 -6 
* 896 256 256 1 0 0 1

fl=(79)
fn=(290)
41 2 1 0 1 1 0 1
+21 2 0 2
-19 2 1
-2 1 1
+5 1 1
+2 1 0 0 1 0 0 1
-2 1
+7 2
+3 2
+6 1 2 0 1 0 0 1
-3 2
+3 1

fl=(135)
fn=(1030)
30 1 0 0 1 0 0 1
+1 1
+1 1
cfn=(1032) __sigsetjmp
calls=1 +8 
* 32 7 25 3 0 0 3

fn=(1032)
40 1 0 2 1 0 0 1
+1 1 0 2
+1 1 0 2
+1 1 0 2
+1 1 0 2
+3 4 2
+1 1 0 2
+7 1
+1 1 0 2
+1 1 0 2
+1 1 0 2
+1 1 0 2
+2 1 0 0 1 0 0 1
+1 4 2
+1 1 0 1
+10 1
cfi=(136)
cfn=(1034)
calls=1 -45 
* 10 3 4 1 0 0 1

fl=(125) ./string/../sysdeps/aarch64/strncmp.S
fn=(842) strncmp
72 2 0 0 1 0 0 1
+1 2
+1 2
+1 2
+1 2
+1 2
+1 2
+23 1 0 0 1 0 0 1
+1 1
+4 1
+1 1
+1 1
+1 1 0 0 1 0 0 1
+1 1
+1 1
+1 1
+3 1
+1 1
+1 1
+1 1
+74 2 0 0 1 0 0 1
+1 2
+16 2
+32 2 0 0 1 0 0 1
+1 2
+1 2
+1 2
+1 2 2
+1 2 4
+1 2
+1 2
+2 2
+4 1
+1 1
+1 1 0 0 1 0 0 1
+1 1
+1 1
+1 1
+1 1
+1 1
+1 1
+1 1
+1 1
+5 1
+10 1
+1 1
+1 1
+1 1
+4 1
+1 1 0 0 1 0 0 1
+1 1
+1 1
+1 1
+3 1 2 0 0 1 0 0 1
+1 1
+1 1
+1 1
+1 1
+1 1
+1 1
+1 1
+2 1 1
+1 1
+1 1
cfn=(843) strncmp'2
calls=1 -50 
* 24

fn=(843)
101 1
+1 1
+4 1
+1 1
+1 1
+1 1
+1 1
+1 1
+1 1
+3 1
+1 1
+1 1
+1 1
254 1
+1 1
+1 1
+1 1
+1 1
+1 1
+1 1
+1 1
+1 1
+1 1
+1 1

fl=(119)
fn=(584)
0 4 0 1
fi=(108)
cob=(7)
cfi=(108)
cfn=(581) std::ctype<wchar_t>::_M_convert_to_wmask(unsigned short) const'2
calls=1 0 
0 3322 467 93 5 5 1 5 4 1
fi=(108)
0 4 1
fe=(119)
0 5 0 1 0 0 1 0 0 1
26 5 0 6 1 0 0 1
+7 1
-7 2 0 2
+3 1
cfi=(120)
cfn=(586)
calls=1 +21 
* 13 1 0 1 1 0 1 1
+3 1 1
-3 1
+3 1 1 0 0 1 0 0 1
+1 1
cfn=(585) wctype_l'2
calls=1 +2 
* 53 15 0 5 3 0 5 3

fn=(585)
0 33 0 6
fi=(108)
cob=(7)
cfi=(108)
cfn=(581)
calls=7 0 
0 15114 2066 346 7 23 5 7 17 5
fi=(108)
0 37 7 2
fe=(119)
0 42 0 9 0 0 1 0 0 1
fi=(108)
cob=(7)
cfi=(108)
cfn=(581)
calls=3 0 
0 1852 252 32 0 2
fi=(108)
0 23 11 1 0 1
fe=(119)
0 12 0 3
26 45 0 54
+7 9
-7 18 0 18
+3 9
cfi=(120)
cfn=(586)
calls=9 +21 
* 117 9 0 0 2 0 0 2
+3 9 9
-3 9
+3 9 9
+1 9
cfn=(585)
calls=9 +2 
* 2748 404 0 2 2 0 2 2
+7 48
-7 48
+7 48
+1 96 48
-6 116 0 0 1 0 0 1
cfi=(120)
cfn=(586)
calls=58 +15 
* 907 75 0 2 2 0 2 2
* 58
+2 312
cfi=(121) ./string/../sysdeps/aarch64/memcmp.S
cfn=(588) bcmp
calls=49 +9 
* 1029 196 0 3 0 0 3
* 49
+8 10 10 0 0 1 0 0 1
+2 10 20
-2 10
+2 10 20
-1 10 0 0 1 0 0 1
+1 10 20
-1 10 10 0 0 2 0 0 2
+1 20 20

fl=(76)
fn=(276)
34 26 8 4 2 0 0 2

fl=(111)
fn=(514) _pthread_cleanup_pop@@GLIBC_2.34
41 1
-1 1 0 2
+3 1
-3 1
+3 2 1 1 1 0 0 1
+4 1
+2 2 2

fn=(500)
26 1 0 0 1 0 0 1
-1 1 0 2
+5 1
-5 1
+5 1 1 0 0 1 0 0 1
-1 1 0 2
+1 1 0 1
+2 1 0 1
+1 2 2

fl=(78)
fn=(288)
41 4 2 0 1 0 0 1
+23 4 0 4
-21 4 2 0 0 1
-2 2 2
+5 2 2
-5 2 2
+7 2
-2 2
+6 4
+3 4 0 0 2 0 0 1
+6 12
+3 4 4

fl=(133) ./csu/../csu/libc-start.c
fn=(1010) __libc_start_main@@GLIBC_2.34
242 11 0 11 1 0 0 1
+69 2
+1 3
cfi=(122)
cfn=(792)
calls=1 67 
* 90 24 21
+25 5 2 0 1 0 0 1
+6 3 2 0 0 2
-3 1
128 3 2 0 1 2 0 1
+6 2 1
+1 7 2 0 1 1 0 1 1
cob=(3)
cfi=(92)
cfn=(1012)
calls=1 0 
* 10 3 2 3 0 0 3
+3 1 1 0 0 1
+1 1
+3 1 1
+1 1 1
-1 1 1 0 0 1 0 0 1
+1 1 1
-1 1
+1 1
+1 5
cfn=(1011) __libc_start_main@@GLIBC_2.34'2
calls=1 +1 
* 82277 20772 14452 106 143 1355 80 25 1321

fn=(1011)
350 2 1
cfi=(134)
cfn=(1028)
calls=1 29 
* 82234 20764 14448 100 141 1355 74 24 1321
cob=(1)
cfi=(42)
cfn=(1026)
calls=1 118 
* 11 5 4 1 1 0 1 1
* 9 1 0 1 0 0 1
145 5 1 0 1 1 0 1
cob=(8)
cfi=(132)
cfn=(1018) 0x00000000000016a0
calls=1 0 
* 12 0 0 3 0 0 3
-1 4
cfn=(1011)
calls=1 350 
* 82256 20771 14452 102 142 1355 76 25 1321

fl=(87)
fn=(318)
fi=(2)
2387 1
cob=(1)
cfi=(9)
cfn=(330)
calls=1 147 
* 4 2 2 1 0 0 1
+3 3 0 0 1 0 0 1
cob=(1)
cfi=(42)
cfn=(332)
calls=1 45 
* 14 4 2 2 0 0 2
+4 2
cob=(1)
cfi=(38)
cfn=(180)
calls=1 38 
* 10 3 2 2 1 0 2 1
+1 1 0 1
-1 1
+2 1
cob=(1)
cfi=(38)
cfn=(128)
calls=1 116 
* 4 2 2 1 0 0 1
+1 1
+4 1
cob=(1)
cfi=(62)
cfn=(334)
calls=1 525 
* 22 6 6 3 1 1 3 1
+5 9 12 0 1 2 0 1 2
fe=(87)
33 10 2 4 1 1 0 1
+2 1
cfi=(88)
cfn=(320)
calls=1 -4 
* 23 11 5 3 7 0 3 6
+3 2 1
+3 2
fi=(90) ./elf/../sysdeps/nptl/pthread_early_init.h
-8 1
fe=(87)
+8 1 0 1 1 0 1 1 0 1
fi=(90)
-8 1
fe=(87)
+8 1 0 1 0 0 1 0 0 1
-3 1 0 1
fi=(90)
-5 1
cfi=(89)
cfn=(322)
calls=1 +5 
* 12 2 2 1 0 0 1
* 2
+1 3 1
+4 3
+7 2 1
+8 2 0 0 1 0 0 1
fi=(149) ./elf/../nptl/nptl-stack.h
+8 1 2 0 0 1 0 0 1
fi=(90)
-16 1 1
+9 1 0 1 0 0 1 0 0 1
-8 1
+6 1
fi=(149)
+9 1
fi=(90)
-9 1
fi=(149)
+9 2
fi=(90)
-15 1
+2 2
+4 3 0 1
+1 1 0 1 1 0 1 1 0 1
+3 1
cfi=(91)
cfn=(326)
calls=1 -1 
* 128 32 13 7 7 0 7 7
fe=(87)

ob=(8)
fl=(132)
fn=(1038) std::__cxx11::basic_string<char, std::char_traits<char>, std::allocator<char> >::basic_string<std::allocator<char> >(char const*, std::allocator<char> const&) [clone .constprop.0]
0 4 0 0 1 0 0 1
cfn=(1048) bool std::operator==<char, std::char_traits<char>, std::allocator<char> >(std::__cxx11::basic_string<char, std::char_traits<char>, std::allocator<char> > const&, char const*)
calls=1 0 
0 82075 20733 14397 82 138 1353 56 22 1321
0 11 0 7 1 0 2 1
cfn=(1039) std::__cxx11::basic_string<char, std::char_traits<char>, std::allocator<char> >::basic_string<std::allocator<char> >(char const*, std::allocator<char> const&) [clone .constprop.0]'2
calls=1 0 
0 7 7 2
cob=(2)
cfi=(138) ./string/../sysdeps/aarch64/multiarch/../memcpy.S
cfn=(1046) __GI_memcpy
calls=1 72 
0 16 2 2 2 0 0 2
cob=(2)
cfi=(137)
cfn=(1042)
calls=1 89 
0 21 2 0 2 0 0 2
0 19 2 0 3 1 0 3 1

fn=(1039)
0 4
cfn=(1049) bool std::operator==<char, std::char_traits<char>, std::allocator<char> >(std::__cxx11::basic_string<char, std::char_traits<char>, std::allocator<char> > const&, char const*)'2
calls=1 0 
0 81943 20709 14381 78 137 1353 52 21 1321
0 11 0 7
cfn=(1039)
calls=1 0 
0 7 7 2
cob=(2)
cfi=(138)
cfn=(1046)
calls=1 72 
0 16 2 2
cob=(2)
cfi=(137)
cfn=(1042)
calls=1 89 
0 21 2
0 19 2
0 14 14 4

fn=(1020) 0x0000000000001610
0 10 0 0 2 0 0 2

fn=(1018)
0 2 0 0 1 0 0 1
cfn=(1020)
calls=1 0 
0 10 0 0 2 0 0 2

fn=(1062) generate_grid[abi:cxx11](int, int)
0 28 2 16 3 0 2 3 0 2
cob=(7)
cfi=(108)
cfn=(1066) operator new(unsigned long)
calls=1 0 
0 81040 20427 14246 47 96 1338 29 11 1316
0 4 1 0 1 0 0 1

fn=(1063) generate_grid[abi:cxx11](int, int)'2
0 3120 520 1040 1 0 130 1 0 130

ob=(2)
fl=(100)
fn=(368)
31 1 0 0 1 0 0 1
-1 4 0 4 1 0 0 1
+1 2 1
+2 3
cfi=(101) ./string/../sysdeps/aarch64/strrchr.S
cfn=(370) rindex
calls=1 +24 
* 42 2 0 4 1 0 4 1
+4 4 1 0 0 1 0 0 1
+1 5 2 2 0 0 1 0 0 1
+2 3 4 0 1 0 0 1

fl=(117)
fn=(574)
37 256 128 0 1 1 0 1
-1 128
+1 256 128
+1 128 0 0 1 0 0 1

fl=(124)
fn=(840)
25 2 1 0 1 1 0 1
-1 3 0 4
+1 7 2 3 1 2 0 1 1
+3 1
cfi=(120)
cfn=(586)
calls=1 +22 
* 22 2
* 1
+1 58 29 0 0 4 0 0 4
+2 84 28 0 0 14 0 0 13
+1 8 0 0 1 0 0 1
cfi=(125)
cfn=(842)
calls=2 +40 
* 107 9 0 7 1 0 7 1
* 2
+5 6 7 0 1 0 0 1

fl=(98)
fn=(364)
56 12 0 12 2 0 0 1
-26 12
+5 4
-3 8 4 0 2 2 0 1
+32 4 8
-32 4 4
+32 4
-27 4 2 0 1 1 0 1
+27 2 4
-27 2 2 0 0 1
+27 2

fl=(121)
fn=(588)
46 50 0 0 2 0 0 1
+5 50
+1 50
+58 50 0 0 2 0 0 1
+1 50
+1 50
+9 50 0 0 2 0 0 1
+1 50 50
+1 50 50
+1 50 50
+1 50 50
+1 50
cfn=(589) bcmp'2
calls=50 -33 
* 450

fn=(589)
93 50
+1 50
+1 50
+5 50
+1 50
+2 50
+1 50
+1 50
+1 50

fl=(138)
fn=(1046)
72 262 0 0 1 0 0 1
+5 262
+1 262
+1 262
+1 262
+1 2
+1 2
+3 2
+1 2
+9 2
+9 2 0 0 1 0 0 1
+1 2 2
+1 2 2
+1 2 0 2
+1 2 0 2
+1 2
+46 260 260 0 1 0 0 1
+1 260
+1 260
+1 260
+1 260
+1 260 520
+1 260 0 260 0 0 65 0 0 65
+1 260 520
+1 260
+1 260
+2 520 0 1040 1 0 260 1 0 260
+1 520 1040
+1 520 0 1040 0 0 260 0 0 260
+1 520 1040
+1 520
+1 520
+1 520
+1 520
+4 260 520
+1 260 0 520 0 0 130 0 0 130
+1 260 520
+1 260 0 520 0 0 130 0 0 130
+1 260 0 520
+1 260 0 520
+1 260

fl=(101)
fn=(370)
57 1 0 0 1 0 0 1
+2 1
+1 1
+1 1
+1 1 1 0 0 1 0 0 1
+1 1
+1 1
+1 1
+1 1
+1 1
+1 1
+1 1
+1 1
+1 1
+1 1
+1 1
+46 1 0 0 1 0 0 1
+1 1
+3 1 0 0 1 0 0 1
+1 1
+1 1
+1 1 1
+1 1
+1 1
+1 1
+1 1
+1 1
+1 1
+1 1
+2 1
+1 1
+1 1
+1 1
+1 1
+1 1 0 0 1 0 0 1
+1 1
+1 1
+1 1
+1 1
+1 1
+1 1
+1 1

ob=(8)
fl=(132)
fn=(1063)
0 8 2 1 1 1 1 1
cob=(7)
cfi=(108)
cfn=(1072) operator delete(void*, unsigned long)
calls=1 0 
0 5232 510 869 20 82 88 19 11 68
0 4 1
0 1300 260 0 2 0 0 2
cob=(7)
cfi=(108)
cfn=(1067) operator new(unsigned long)'2
calls=260 0 
0 11198074 2720428 1962254 7190 22924 184786 5202 2860 179326
0 1040 260

fn=(1036)
0 17 3 7 2 1 0 2
cfn=(1038)
calls=1 0 
0 82153 20746 14408 91 139 1355 65 23 1321

fn=(1037) main'2
0 3 0 0 1 0 0 1
cob=(7)
cfi=(108)
cfn=(1056) std::chrono::_V2::steady_clock::now()
calls=1 0 
0 81846 20692 14370 70 135 1353 47 19 1321
0 4 1 0 1 1 0 1 1

fn=(1014)
0 4 1 0 1 0 0 1

fn=(1006)
0 12 2 0 1 1 0 1 1
cob=(2)
cfi=(133)
cfn=(1010)
calls=1 242 
0 82427 20813 14486 113 150 1355 87 27 1321
0 4 1 0 1 1 0 1

fn=(1048)
0 3
cfn=(1050) std::__cxx11::basic_string<char, std::char_traits<char>, std::allocator<char> >::_M_dispose()
calls=1 0 
0 6 1 0 1 0 0 1
0 4 1 0 1 0 0 1
cfn=(1039)
calls=1 0 
0 82021 20722 14392 78 137 1353 52 21 1321
0 9 1 5 2 0 0 2
cob=(2)
cfi=(137)
cfn=(1042)
calls=1 89 
0 21 2 0 0 1 0 0 1
0 11 6

fn=(1049)
0 4
cfn=(1050)
calls=1 0 
0 6 1
0 7 0 6 1 0 0 1
cfn=(1037)
calls=1 0 
0 81853 20693 14370 72 136 1353 49 20 1321
0 9 1 5
cob=(2)
cfi=(121)
cfn=(588)
calls=1 46 
0 21 4 0 3
cob=(2)
cfi=(137)
cfn=(1042)
calls=1 89 
0 21 2 0 0 1 0 0 1
0 22 8 0 2 0 0 2

fn=(1050)
0 12 2 0 1 0 0 1

ob=(6)
fl=(105)
fn=(418) 0x0000000000003700
0 11 1 3 1 1 0 1 1
cfn=(428) 0x0000000000009a80
calls=1 0 
0 207 19 16 14 0 0 14
cob=(2)
cfi=(98)
cfn=(364)
calls=1 56 
0 11 4 2
cob=(1)
cfi=(106)
cfn=(400)
calls=1 38 
0 783 270 112 1 15 0 1 5
0 23 3 5 2 1 0 2 1
fi=(93)
73 3
+3 5 7
fe=(105)

fn=(408) 0x00000000000037c0
0 5 0 2
cob=(2)
cfi=(98)
cfn=(364)
calls=1 56 
0 9 4 2
0 10 3 1 0 0 1 0 0 1
fi=(93)
73 2
+1 10 2
cfi=(105)
cfn=(418)
calls=1 -74 
* 1043 304 138 18 17 0 18 7
cfi=(105)
cfn=(412) 0x00000000000038c0
calls=1 -74 
* 12 0 0 3 0 0 3
-1 6
fe=(105)

fn=(438) 0x0000000000003758
0 4 3

fn=(414) 0x0000000000003830
0 10 0 0 2 0 0 2

fn=(388)
0 4 1 0 1 1 0 1 1

fn=(412)
0 2 0 0 1 0 0 1
cfn=(414)
calls=1 0 
0 10 0 0 2 0 0 2

fn=(428)
0 203 16 16 14 0 0 14
cfn=(438)
calls=1 0 
0 4 3

fn=(394)
0 5 0 2 1 0 0 1
cob=(1)
cfi=(106)
cfn=(400)
calls=1 38 
0 742 258 105 14 28 12 14 12 9
0 15 4 3 2 1 1 2 1 1
fi=(93)
73 1
+1 5 1 0 0 1 0 0 1
cfi=(105)
cfn=(408)
calls=1 -74 
* 1097 313 143 21 17 1 21 7 1
-1 3
fe=(105)

ob=(7)
fl=(108)
fn=(528)
0 13 1 6 1 1 1 1 0 1
cfn=(490)
calls=1 0 
0 33 15 6 1 1 0 1
0 4 1
0 5 1 0 0 1
cfn=(521) std::locale::_Impl::_M_install_facet(std::locale::id const*, std::locale::facet const*)'2
calls=1 0 
0 59795 16907 7396 222 455 92 222 139 66
0 4 1 0 0 1

fn=(548)
0 11 2 5 3 0 0 3
cfn=(491) std::locale::facet::_S_get_c_locale()'2
calls=1 0 
0 144 16 53 7 1 0 7
0 4 1
0 4 3

fn=(608)
0 5 1
cfn=(521)
calls=1 0 
0 12260 3621 1604 83 133 32 83 33 9
0 4 1 0 0 1
0 14 1 7 1 1 0 1
cob=(1)
cfi=(106)
cfn=(401)
calls=1 38 
0 944 279 156 10 8 0 10 4
cfn=(482)
calls=1 0 
0 4 1
0 17 3 3 2 2 0 2 1

fn=(696)
0 101 22 29 5 0 2 5
cfn=(697) std::moneypunct<wchar_t, false>::_M_initialize_moneypunct(__locale_struct*, char const*)'2
calls=1 0 
0 12 7 0 1 0 0 1
0 13 4 2 1 1 0 1
cob=(1)
cfi=(106)
cfn=(401)
calls=1 38 
0 1936 648 309 16 25 7 16 5 1
cfn=(524)
calls=1 0 
0 23 8 5
0 27 5 6 2 2 0 2

fn=(697)
0 12 7 0 1 0 0 1

fn=(728)
0 11 5 1 1 2 0 1
cfn=(524)
calls=7 0 
0 95 32 23
0 73 31 7 3 3 2 3
0 13 1 5 2 0 1 2
cfn=(491)
calls=1 0 
0 43 16 7
0 4 1

fn=(762)
0 4 1 0 1 1 0 1
cfn=(763) std::basic_ios<char, std::char_traits<char> >::init(std::basic_streambuf<char, std::char_traits<char> >*)'2
calls=1 0 
0 3975 1251 829 19 33 32 17 6 30
cfn=(758)
calls=1 0 
0 81 15 31 0 0 3 0 0 3
0 23 3 7 1 0 1 1
0 7 0 4 1 0 0 1
cob=(1)
cfi=(106)
cfn=(401)
calls=1 38 
0 2794 976 446 16 38 0 15 12
0 9 2 2 1 1 0 1

fn=(763)
0 4 1 0 0 1
cfn=(763)
calls=1 0 
0 3645 1154 744 19 31 27 17 6 25
cfn=(758)
calls=1 0 
0 81 15 31 0 0 5 0 0 5
0 18 2 6
0 4 1 0 1 1 0 1
cfn=(763)
calls=1 0 
0 3315 1057 659 18 30 23 16 6 21
cfn=(758)
calls=1 0 
0 81 15 31 0 0 4 0 0 4
0 18 2 6
0 22 3 11 2 0 2 2 0 2
cob=(1)
cfi=(106)
cfn=(401)
calls=1 38 
0 2812 907 515 12 26 12 10 6 10
cfn=(758)
calls=1 0 
0 81 15 31 0 0 4 0 0 4
cfn=(458)
calls=3 0 
0 96 39 21
0 77 14 33 4 4 5 4 0 5
0 21 0 12
cfn=(766)
calls=3 0 
0 648 234 132 0 1
0 12 3

fn=(824) 0x00000000000a5660
0 4 0 1 0 0 1

fn=(904) 0x00000000000a5bc0
0 8 0 0 1 0 0 1
cob=(2)
cfi=(122)
cfn=(793)
calls=1 67 
0 90 24 21 0 0 1 0 0 1
0 4 1

fn=(482)
0 28 7 0 1 1 0 1

fn=(706)
0 98 22 29 4 0 2 4
cfn=(707) std::moneypunct<wchar_t, true>::_M_initialize_moneypunct(__locale_struct*, char const*)'2
calls=1 0 
0 12 7 0 1 0 0 1
0 11 4 1 0 1
cob=(1)
cfi=(106)
cfn=(401)
calls=1 38 
0 837 300 142 6 13 3 6 2
cfn=(524)
calls=4 0 
0 92 32 20
0 91 20 18 5 3 2 5 1 1

fn=(707)
0 12 7 0 1 0 0 1

fn=(592)
0 13 1 6 2 1 1 2 0 1
cfn=(491)
calls=1 0 
0 33 15 6
0 4 1
0 5 1 0 0 1
cfn=(521)
calls=1 0 
0 20530 5821 2561 128 216 52 128 53 28
0 4 1

fn=(830)
0 4 0 0 1 0 0 1

fn=(902) 0x00000000000a5ba0
0 8
cob=(2)
cfi=(122)
cfn=(793)
calls=1 67 
0 90 24 21 1 5 2
0 4 1

fn=(928) 0x00000000000a5d20
0 50 16 8 3 6 0 3

fn=(1066)
0 5 0 2 0 0 1 0 0 1
fi=(132)
cfn=(1067)
calls=1 0 
0 80765 20371 14194 36 91 1328 26 11 1307
cob=(2)
cfi=(109)
cfn=(478)
calls=1 32 
0 29 0 17 1 0 3 0 0 3
fi=(132)
0 22 4 5 2 0 1 2
fe=(108)
0 8 0 3 1 0 1 1 0 1
cob=(2)
cfi=(126)
cfn=(850)
calls=1 3294 
0 207 51 25 7 5 4 0 0 4
0 4 1

fn=(1067)
0 8 0 4 1 0 0 1
fi=(132)
cob=(8)
cfi=(132)
cfn=(1063)
calls=1 0 
0 80556 20322 14162 35 90 1327 25 11 1306
0 1300 260 520
fi=(132)
cob=(8)
cfi=(132)
cfn=(1063)
calls=260 0 
0 11128222 2701659 1950002 7179 22917 183678 5200 2860 178218
cob=(2)
cfi=(138)
cfn=(1046)
calls=260 72 
0 9880 4420 4420 2 0 845 2 0 845
fi=(132)
0 1560 520
fe=(108)
0 2088 0 783
cob=(2)
cfi=(126)
cfn=(850)
calls=261 3294 
0 54181 13357 6557 9 8 264 0 0 264
0 1044 261

fn=(508)
fi=(110)
132 13 9
-14 3
cob=(2)
cfi=(111)
cfn=(514)
calls=1 -77 
* 9 3 3 1 0 0 1
+6 2 0 1
fi=(113) ./nptl/../sysdeps/nptl/futex-internal.h
+85 8 0 0 1 0 0 1
fe=(108)
0 7 0 3 1 0 0 1
cob=(1)
cfi=(106)
cfn=(401)
calls=1 38 
0 768 269 116 6 12 0 6 7
0 15 5 3 1 1 0 1

fn=(524)
0 1560 536 354 2 22 0 2 12

fn=(442)
0 4 1 0 1 1 0 1

fn=(544)
0 5 1 0 0 1
cfn=(521)
calls=1 0 
0 51390 14630 6437 177 367 77 177 115 51
0 4 1 0 0 1
0 14 1 7 1 1 1 1 0 1
cob=(1)
cfi=(106)
cfn=(401)
calls=1 38 
0 926 277 157 10 9 0 10 2
cfn=(482)
calls=1 0 
0 4 1
0 17 3 3 2 1 0 2

fn=(556)
0 13 1 6 2 0 1 2 0 1
cfn=(491)
calls=1 0 
0 35 15 7
0 4 1
0 5 1 2
fi=(92)
cob=(1)
cfi=(106)
cfn=(401)
calls=1 38 
0 26939 7701 3440 36 106 21 36 51 20
0 4 1 0 1 1 0 1

fn=(782)
0 4 1
cfn=(783) std::basic_ios<wchar_t, std::char_traits<wchar_t> >::init(std::basic_streambuf<wchar_t, std::char_traits<wchar_t> >*)'2
calls=1 0 
0 912 289 227 5 2 8 3 0 7
cfn=(758)
calls=1 0 
0 81 15 31 0 0 3 0 0 3
0 24 3 8 1 1 1 1
0 7 0 4 1 0 0 1
cfn=(766)
calls=1 0 
0 1002 338 146 5 12 0 5 4
0 4 1

fn=(783)
0 4 1 0 0 1
cfn=(783)
calls=1 0 
0 580 192 140 2 1 4 2 0 3
cfn=(758)
calls=1 0 
0 81 15 31 0 0 4 0 0 4
0 19 2 7 1 0 0 1
0 4 1
cfn=(783)
calls=1 0 
0 248 95 53 1 1 0 1
cfn=(758)
calls=1 0 
0 81 15 31 0 0 4 0 0 3
0 19 2 7 1 0 0 1
0 41 16 16 1 1 0 1
cfn=(766)
calls=3 0 
0 651 234 135 2
0 12 3

fn=(616)
0 5 1 0 0 1 0 0 1
cfn=(521)
calls=1 0 
0 10438 3143 1433 79 119 31 79 27 8
0 4 1
0 13 1 5 1 0 0 1
cfn=(491)
calls=1 0 
0 43 16 7 1 0 0 1
0 4 1

fn=(888) 0x00000000000a595c
0 35 10 15 1 5 1 1 0 1
cfn=(896) 0x00000000000a59c0
calls=1 0 
0 12 3 7 0 2

fn=(604)
0 98 22 29 4 1 0 4
cfn=(605) std::__cxx11::moneypunct<wchar_t, true>::_M_initialize_moneypunct(__locale_struct*, char const*)'2
calls=1 0 
0 12 7 0 1 0 0 1
0 5 1 0 0 1
cfn=(521)
calls=1 0 
0 15111 4387 1956 100 160 39 100 42 15
0 4 1 0 0 1

fn=(605)
0 12 7 0 1 0 0 1

fn=(816)
0 12 2 2 1 0 0 1

fn=(580)
0 11 1 0 2 0 0 2
cob=(1)
cfi=(106)
cfn=(401)
calls=1 38 
0 4090 724 206 12 19 2 12 15 2
0 9 2 2 1 1 0 1

fn=(581)
0 94 1
cob=(2)
cfi=(119)
cfn=(585)
calls=1 26 
0 1682 229 31 0 2 0 0 1
0 4 1
0 25 1 0 1 0 0 1
cob=(2)
cfi=(119)
cfn=(585)
calls=1 26 
0 2109 285 43 0 2 1 0 1 1
0 4 1
0 4 1
cob=(2)
cfi=(119)
cfn=(585)
calls=1 26 
0 1177 161 21 0 1
0 4 1
0 10 1 0 1 0 0 1
cob=(2)
cfi=(119)
cfn=(585)
calls=1 26 
0 3143 438 83 4 5 1 4 4 1
0 4 1
0 4 1
cob=(2)
cfi=(119)
cfn=(585)
calls=1 26 
0 3304 465 93 4 5 1 4 4 1
0 4 1
0 4 1 0 1 0 0 1
cob=(2)
cfi=(119)
cfn=(585)
calls=1 26 
0 2932 404 73 1 5 1 1 4 1
0 4 1
0 8 1
cob=(2)
cfi=(119)
cfn=(585)
calls=1 26 
0 2458 334 53 0 4 1 0 3 1
0 4 1
0 4 1
cob=(2)
cfi=(119)
cfn=(585)
calls=1 26 
0 2669 364 63 0 5 1 0 4 1
0 4 1
0 4 1
cob=(2)
cfi=(119)
cfn=(585)
calls=1 26 
0 621 87 11 0 1
0 4 1

fn=(882) 0x00000000000a5920
0 25 7 8 4 5 2 4 1 2
cfn=(888)
calls=1 0 
0 47 13 22 1 7 1 1 0 1

fn=(998) 0x00000000000a6080
0 12 0 3 1 0 0 1
cob=(2)
cfi=(122)
cfn=(793)
calls=2 67 
0 180 48 42 0 0 1 0 0 1
0 23 5 0 1 0 0 1
0 4 1
fi=(92)
cob=(2)
cfi=(122)
cfn=(793)
calls=1 67 
0 90 24 21
fe=(108)

fn=(1056)
0 5
fi=(132)
cob=(8)
cfi=(132)
cfn=(1062)
calls=1 0 
0 81072 20430 14262 51 96 1340 33 11 1318
0 12 2 3 2 0 0 2
cob=(1)
cfi=(106)
cfn=(400)
calls=1 38 
0 733 251 103 15 37 13 10 8 3
0 24 9 2 2 2 0 2

fn=(454)
0 49 12 21 6 8 2 5 2 2
cfn=(458)
calls=2 0 
0 64 26 14 1
cob=(1)
cfi=(106)
cfn=(401)
calls=3 38 
0 77885 22889 10497 334 724 165 328 213 130
0 91 18 39 8 7 6 6 1 5

fn=(540)
0 116 35 29 5 0 0 5

fn=(618) 0x00000000000e2140
0 7 2 0 1 0 0 1
cfn=(524)
calls=8 0 
0 96 32 24 0 3
0 96 37 8 4 6 2 4
0 25 4 15 2 0 1 2 0 1
cob=(1)
cfi=(106)
cfn=(401)
calls=1 38 
0 8324 2674 1280 67 105 27 67 26 6
0 9 2 2 1 0 0 1

fn=(648)
0 116 35 29 5 0 2 5

fn=(770)
0 192 80 48 5 0 0 4

fn=(560)
0 11 1 8 1 0 0 1
cfn=(561) std::ctype<wchar_t>::_M_initialize_ctype()'2
calls=1 0 
0 25504 7205 3216 32 66 20 32 38 20
cob=(1)
cfi=(106)
cfn=(401)
calls=1 38 
0 730 255 109 2 31 1 2 9
0 11 2 2 1 1 0 1
0 4 1
fi=(92)
cob=(2)
cfi=(114)
cfn=(564)
calls=1 31 
0 28 10 6 0 2 0 0 2
fe=(108)

fn=(561)
0 2 0 0 1 0 0 1
cfn=(561)
calls=1 0 
0 19908 5669 2336 26 50 18 26 29 18
cob=(2)
cfi=(115)
cfn=(568)
calls=127 30 
0 3302 1143 635
cob=(1)
cfi=(106)
cfn=(401)
calls=1 38 
0 751 264 115 3 15 0 3 9
0 1541 129 130 2 1 2 2 0 2
0 5 0 1
cob=(2)
cfi=(116)
cfn=(572)
calls=255 32 
0 11876 4215 1659 6 7 0 6 5
cob=(1)
cfi=(106)
cfn=(401)
calls=2 38 
0 5444 1195 415 17 41 2 17 24 2
0 2583 259 261 3 2 16 3 0 16

fn=(834) 0x00000000000a56c0
fi=(93)
73 11
+1 55 11 0 0 3 0 0 2
cfi=(108)
cfn=(1004) 0x00000000000a6100
calls=1 -74 
* 102 27 21 0 2 1 0 0 1
cfi=(108)
cfn=(998)
calls=1 -74 
* 309 78 66 2 0 1 2 0 1
cfi=(108)
cfn=(972) 0x00000000000a5f40
calls=1 -74 
* 74 24 12 5 9 0 5
cfi=(108)
cfn=(946) 0x00000000000a5e00
calls=1 -74 
* 74 24 12 5 10 0 5
cfi=(108)
cfn=(928)
calls=1 -74 
* 50 16 8 3 6 0 3
cfi=(108)
cfn=(910) 0x00000000000a5c40
calls=1 -74 
* 50 16 8 4 7 0 4 1
cfi=(108)
cfn=(906) 0x00000000000a5be0
calls=1 -74 
* 209 53 45 1 0 1 1 0 1
cfi=(108)
cfn=(904)
calls=1 -74 
* 102 25 21 1 0 1 1 0 1
cfi=(108)
cfn=(902)
calls=1 -74 
* 102 25 21 1 5 2
cfi=(108)
cfn=(900) 0x00000000000a5aa0
calls=1 -74 
* 57 9 28 4 4 6 4 3 6
cfi=(108)
cfn=(882)
calls=1 -74 
* 72 20 30 5 12 3 5 1 3
-1 36
+3 5 7 0 0 1
fe=(108)
-76 21 2 16 2 0 2 2 0 2
cob=(1)
cfi=(106)
cfn=(401)
calls=2 38 
0 3488 858 677 87 91 47 80 57 46
0 36 4 11 4 2 0 4

fn=(1072)
0 2 0 0 1 0 0 1
cob=(1)
cfi=(106)
cfn=(400)
calls=1 38 
0 5221 508 867 18 80 88 18 11 68
0 9 2 2 1 2

fn=(486)
0 5 1 0 1 1 0 1
cob=(1)
cfi=(106)
cfn=(401)
calls=1 38 
0 62224 17695 7727 236 492 93 236 146 67
0 9 2 2 1 1 0 1
0 16 1 7 1 1 1 1 0 1
cob=(1)
cfi=(106)
cfn=(401)
calls=1 38 
0 3311 1098 507 29 67 11 29 29 8
0 9 2 2 1 1 0 1

fn=(487) std::ctype<char>::ctype(unsigned short const*, bool, unsigned long)'2
0 28 5 35 1 1 7 1 0 7

fn=(502)
0 9 3 0 2 0 0 2
cob=(1)
cfi=(106)
cfn=(401)
calls=1 38 
0 1594 542 225 10 21 2 10 10
0 9 2 2 1 1 0 1

fn=(536)
0 118 35 29 5 3 0 5 2

fn=(600)
0 101 22 29 5 4 0 5
cfn=(601) std::__cxx11::moneypunct<wchar_t, false>::_M_initialize_moneypunct(__locale_struct*, char const*)'2
calls=1 0 
0 12 7 0 1 0 0 1
0 5 1 0 1 1 0 1
cfn=(521)
calls=1 0 
0 16456 4770 2122 108 176 40 108 45 16
0 4 1

fn=(601)
0 12 7 0 1 0 0 1

fn=(670)
0 11 4 1 1 1 0 1
cob=(1)
cfi=(106)
cfn=(401)
calls=1 38 
0 4170 1328 652 34 55 14 34 14 2
cfn=(524)
calls=1 0 
0 23 8 5
0 27 7 6 2 2 1 2 0 1
0 13 1 5 2 1 0 2
cfn=(491)
calls=1 0 
0 43 16 7
0 4 1

fn=(786)
0 36 4 16 2 0 0 2
cfn=(524)
calls=12 0 
0 144 48 36 0 1
0 144 72 12 1 2 0 1
0 44 16 24

fn=(800)
fi=(93)
73 4
+1 20 4
cfi=(108)
cfn=(826) 0x00000000000a5680
calls=1 -74 
* 5480 1419 1080 127 160 64 119 67 61
cfi=(108)
cfn=(824)
calls=1 -74 
* 4 0 1 0 0 1
cfi=(108)
cfn=(812) 0x00000000000a55c0
calls=1 -74 
* 847 275 154 5 13 3 4 3 2
cfi=(108)
cfn=(806) 0x00000000000a6220
calls=1 -74 
* 12 0 0 3 0 0 3
-1 12
fe=(108)
-73 5 0 2 1 0 0 1
cob=(1)
cfi=(106)
cfn=(401)
calls=1 38 
0 719 252 105 2 14 0 0 2
0 15 4 3 2 1 1 1 0 1

fn=(808) 0x00000000000a6190
0 10 0 0 2 0 0 2

fn=(896)
0 12 3 7 0 2

fn=(906)
0 12 0 3 1 0 0 1
cob=(2)
cfi=(122)
cfn=(793)
calls=1 67 
0 90 24 21
0 13 4
0 4 1
fi=(92)
cob=(2)
cfi=(122)
cfn=(793)
calls=1 67 
0 90 24 21 0 0 1 0 0 1
fe=(108)

fn=(910)
0 50 16 8 4 7 0 4 1

fn=(1004)
0 8 2 0 0 2
cob=(2)
cfi=(122)
cfn=(793)
calls=1 67 
0 90 24 21 0 0 1 0 0 1
0 4 1

fn=(460) 0x00000000000de2c0
0 220 88 0 3 2 0 2 1
cfn=(466) 0x00000000000de240
calls=1 0 
0 68927 19933 8843 287 624 123 285 188 92

fn=(490)
0 38 13 10 3 3 0 3
cob=(2)
cfi=(110)
cfn=(494)
calls=2 136 
0 14 6 4
cob=(1)
cfi=(106)
cfn=(401)
calls=1 38 
0 2576 854 364 23 52 2 23 23
0 29 12 2 1 2 0 1
0 7 1 1 1 1 0 1
cfn=(521)
calls=1 0 
0 56950 16177 7122 210 425 88 210 131 62
0 4 1
0 12 3 4 2 1 1 2 1 1
cfn=(487)
calls=1 0 
0 28 5 35 1 1 7 1 0 7

fn=(491)
0 126 37 34 0 1
cob=(2)
cfi=(110)
cfn=(494)
calls=11 136 
0 77 33 22
0 110 55
0 246 14 99 15 1 0 15
cfn=(521)
calls=1 0 
0 17828 5157 2288 117 192 45 117 50 21
0 4 1
0 13 4 2 1 0 0 1
cob=(1)
cfi=(106)
cfn=(401)
calls=3 38 
0 6713 2175 1031 49 84 19 49 21 3
cfn=(524)
calls=6 0 
0 138 48 30 0 2 0 0 1
0 160 34 29 10 8 3 10 1 2
0 14 4 3 1 0 0 1
cob=(1)
cfi=(106)
cfn=(401)
calls=1 38 
0 2925 960 450 25 38 9 25 10 1
cfn=(524)
calls=1 0 
0 23 8 5 0 1 0 0 1
0 27 5 6 2 2 1 2 0 1
0 2 0 1
cfn=(482)
calls=1 0 
0 4 1
0 9 4 1 1 0 0 1
0 2 0 1
cfn=(482)
calls=1 0 
0 4 1
0 9 4 1 1 0 0 1
0 2 0 1
cfn=(482)
calls=1 0 
0 4 1
0 9 4 1
0 2 0 1
cfn=(482)
calls=1 0 
0 4 1
0 9 4 1

fn=(520)
0 14 0 11 1 0 0 1
cfn=(521)
calls=1 0 
0 296 59 0 3 1 0 3
cob=(1)
cfi=(106)
cfn=(401)
calls=1 38 
0 620 222 104 2 9 0 2 2
0 33 10 4 5 2 0 5
0 4
cob=(1)
cfi=(106)
cfn=(401)
calls=1 38 
0 60497 17151 7507 224 467 93 224 141 67
0 9 2 2 1 1 0 1

fn=(521)
0 434 0 341
cfn=(521)
calls=31 0 
0 9176 1829 0 0 1
cfn=(524)
calls=31 0 
0 713 248 155 0 12 0 0 10
0 868 279 62 0 4
0 9496 1890 14 5 4 4 5 0 4
cob=(1)
cfi=(106)
cfn=(401)
calls=1 38 
0 59401 16827 7362 219 451 88 219 138 62
0 9 2 2 1 1 0 1
0 12 2 2 1 2 0 1
cfn=(521)
calls=1 0 
0 57740 16347 7168 212 430 88 212 132 62
0 4 1
0 12 2 2 1 1 0 1
cfn=(521)
calls=1 0 
0 57363 16268 7148 211 428 88 211 131 62
0 4 1
0 9 1 2 0 1
cfn=(490)
calls=1 0 
0 56989 16190 7128 211 426 88 211 131 62
0 4 1
0 28 2 18 1 1 3 1 0 3
cfn=(521)
calls=1 0 
0 55585 15786 6956 202 410 85 202 124 59
cob=(1)
cfi=(106)
cfn=(401)
calls=1 38 
0 958 309 128 5 12 0 5 7
0 18 4 2 2 2 0 2
0 28 2 18 1 2 1 1 1 1
cfn=(521)
calls=1 0 
0 54222 15395 6790 194 396 84 194 120 58
cob=(1)
cfi=(106)
cfn=(401)
calls=1 38 
0 956 309 128 5 9 0 5 2
0 18 4 2 2 2 0 2
0 12 2 2 0 1
cfn=(521)
calls=1 0 
0 53845 15316 6770 194 395 84 194 120 58
0 4 1
0 12 2 2 1 0 0 1
cfn=(521)
calls=1 0 
0 53468 15237 6750 193 395 84 193 120 58
0 4 1
0 27 1 27 2 0 6 2 0 6
cob=(1)
cfi=(106)
cfn=(401)
calls=1 38 
0 53071 15158 6703 190 394 78 190 120 52
0 9 2 2 1 1 0 1
0 12 2 2 1 2 0 1
cfn=(521)
calls=1 0 
0 51013 14551 6417 176 364 77 176 114 51
0 4 1
0 12 2 2 1 2 1 1 0 1
cfn=(521)
calls=1 0 
0 50636 14472 6397 175 362 76 175 114 50
0 4 1
0 4
cob=(1)
cfi=(106)
cfn=(401)
calls=1 38 
0 50262 14394 6377 174 361 76 174 113 50
0 9 2 2 1 1 0 1 1
0 4 0 0 1 0 0 1
cfn=(521)
calls=1 0 
0 21606 6143 2692 131 233 54 131 56 29
cob=(1)
cfi=(106)
cfn=(401)
calls=1 38 
0 27579 7929 3554 39 116 22 39 55 21
0 18 4 2 1 3 0 1
0 4
cob=(1)
cfi=(106)
cfn=(401)
calls=1 38 
0 21232 6065 2672 130 229 54 130 55 29
0 9 2 2 1 1 0 1
0 24 2 14 2 2 4 2 0 4
cob=(1)
cfi=(106)
cfn=(401)
calls=1 38 
0 20136 5741 2527 125 212 48 125 53 24
0 9 2 2 1 1 0 1
0 12 2 2 1 1 0 1
cfn=(521)
calls=1 0 
0 18618 5327 2334 119 196 45 119 51 21
0 4 1
0 12 2 2 1 1 0 1
cfn=(521)
calls=1 0 
0 18241 5248 2314 118 194 45 118 50 21
0 4 1
0 9 1 2 0 1
cfn=(491)
calls=1 0 
0 17867 5170 2294 118 193 45 118 50 21
0 4 1
0 28 2 18 1 0 5 1 0 5
cob=(1)
cfi=(106)
cfn=(401)
calls=1 38 
0 17430 5077 2250 115 191 40 115 50 16
0 9 2 2 1 1 0 1
0 28 2 18 2 2 1 2 0 1
cob=(1)
cfi=(106)
cfn=(401)
calls=1 38 
0 16058 4690 2084 105 171 39 105 43 15
0 9 2 2 1 1 0 1 1
0 12 2 2 1 2 0 1
cfn=(521)
calls=1 0 
0 14734 4308 1936 99 157 39 99 42 15
0 4 1
0 12 2 2 0 2 1 0 2 1
cfn=(521)
calls=1 0 
0 14357 4229 1916 99 155 38 99 40 14
0 4 1
0 27 1 27 2 1 6 2 0 5
cob=(1)
cfi=(106)
cfn=(401)
calls=1 38 
0 13960 4150 1869 96 153 32 96 40 9
0 9 2 2 1 1 0 1
0 12 2 2 1 2 1 1 0 1
cfn=(521)
calls=1 0 
0 11883 3542 1584 82 130 31 82 32 8
0 4 1
0 12 2 2 1 1 0 1 1
cfn=(521)
calls=1 0 
0 11506 3463 1564 81 129 31 81 31 8
0 4 1
0 4
cob=(1)
cfi=(106)
cfn=(401)
calls=1 38 
0 11132 3385 1544 81 129 31 81 31 8
0 9 2 2
0 12 2 2 1 1 1 1 1 1
cfn=(521)
calls=1 0 
0 10061 3064 1413 78 118 30 78 26 7
0 4 1
0 12 2 2 1 1 0 1
cfn=(521)
calls=1 0 
0 9684 2985 1393 77 116 30 77 26 7
0 4 1
0 12 2 2 1 2 0 1
cfn=(521)
calls=1 0 
0 9307 2906 1373 76 114 30 76 26 7
0 4 1
0 12 2 2
cfn=(521)
calls=1 0 
0 8930 2827 1353 76 114 30 76 26 7
0 4 1
0 12 0 6 1 0 0 1
cfn=(618)
calls=1 0 
0 8557 2751 1329 75 114 30 75 26 7

fn=(622)
0 465 132 71 5 1 2 5
cfn=(623) std::numpunct<char>::_M_initialize_numpunct(__locale_struct*)'2
calls=1 0 
0 12 4 4 1 0 0 1
0 14 5 1 1 0 0 1
cfn=(491)
calls=1 0 
0 7052 2272 1097 60 94 22 60 23 5
cfn=(524)
calls=1 0 
0 23 8 5 0 1
0 17 3 3 0 1 1 0 0 1

fn=(623)
0 12 4 4 1 0 0 1

fn=(680)
0 340 69 70 4 2 3 4
cfn=(681) std::numpunct<wchar_t>::_M_initialize_numpunct(__locale_struct*)'2
calls=1 0 
0 12 4 4 1 0 0 1
0 13 4 2 0 1 0 0 1
cfn=(491)
calls=1 0 
0 3017 988 469 28 41 10 28 11 2
cfn=(524)
calls=1 0 
0 23 8 5
0 18 4 3 1 0 1 1

fn=(681)
0 12 4 4 1 0 0 1

fn=(752)
0 3 0 1 1 0 0 1

fn=(758)
0 360 8 192 2 0 31 2 0 30
cfn=(458)
calls=8 0 
0 256 104 56
0 32 8

fn=(806)
0 2 0 0 1 0 0 1
cfn=(808)
calls=1 0 
0 10 0 0 2 0 0 2

fn=(812)
0 11 0 6 1 0 1 1 0 1
cfn=(816)
calls=1 0 
0 6 1 1
cob=(2)
cfi=(122)
cfn=(793)
calls=1 67 
0 90 24 21 0 2 1
cob=(1)
cfi=(106)
cfn=(401)
calls=1 38 
0 603 216 100 1 10 0 1 3
0 43 9 5 3 1 0 2
0 4 1
fi=(92)
cob=(2)
cfi=(122)
cfn=(793)
calls=1 67 
0 90 24 21 0 0 1 0 0 1
fe=(108)

fn=(596)
0 340 69 70 4 3 3 4 1 3
cfn=(597) std::__cxx11::numpunct<wchar_t>::_M_initialize_numpunct(__locale_struct*)'2
calls=1 0 
0 12 4 4 1 0 0 1
0 5 1 0 0 1
cfn=(521)
calls=1 0 
0 18995 5406 2354 120 198 45 120 52 21
0 4 1

fn=(597)
0 12 4 4 1 0 0 1

fn=(900)
0 57 9 28 4 4 6 4 3 6

fn=(946)
0 74 24 12 5 10 0 5

fn=(448)
0 8 0 3 1 0 0 1
cob=(1)
cfi=(106)
cfn=(400)
calls=1 38 
0 78690 23159 10670 349 757 173 339 219 137
0 9 2 2 1 2 0 1 1
0 5 1 2
fi=(92)
cob=(1)
cfi=(106)
cfn=(400)
calls=1 38 
0 7990 2242 1477 155 224 71 139 81 66
0 4 1

fn=(552)
0 5 1
cfn=(521)
calls=1 0 
0 49568 14152 6266 172 352 76 172 111 50
0 4 1
0 13 1 5 1 1 0 1
cfn=(491)
calls=1 0 
0 43 16 7 1 0 0 1
0 4 1

fn=(612)
0 11 2 4 3 0 0 3
cfn=(491)
calls=1 0 
0 144 15 53 7 0 0 7
0 4 1
0 4 3

fn=(638)
0 118 35 29 5 1 2 5

fn=(774)
0 120 48 24 2 0 0 2

fn=(532)
0 465 132 71 5 4 0 5 2
cfn=(533) std::__cxx11::numpunct<char>::_M_initialize_numpunct(__locale_struct*)'2
calls=1 0 
0 12 4 4 1 0 0 1
0 5 1 0 0 1
cfn=(521)
calls=1 0 
0 58117 16426 7188 213 433 88 213 133 62
0 4 1

fn=(533)
0 12 4 4 1 0 0 1

fn=(826)
fi=(93)
73 1
+1 5 1
cfi=(108)
cfn=(834)
calls=1 -74 
* 4853 1199 976 124 152 64 116 64 61
-1 3
fe=(108)
-73 4 0 2 1 0 0 1
cob=(1)
cfi=(106)
cfn=(401)
calls=1 38 
0 599 214 99 1 7 0 1 2
0 15 5 3 1 1 0 1 1

fn=(878)
0 13 9 0 1 1 0 1

fn=(972)
0 74 24 12 5 9 0 5

fn=(766)
0 144 24 56 3 1 0 2 1
cfn=(774)
calls=7 0 
0 105 42 21
cfn=(770)
calls=7 0 
0 168 70 42 1
cob=(1)
cfi=(106)
cfn=(401)
calls=2 38 
0 1219 437 207 6 13 0 6 2
cfn=(458)
calls=8 0 
0 256 104 56
0 242 82 4 3 3 0 2
0 12 0 0 1 0 0 1
cfn=(778)
calls=3 0 
0 273 105 63
cob=(1)
cfi=(106)
cfn=(401)
calls=1 38 
0 871 294 120 3 12 0 3 3
0 21 5 2 1 1 0 1
0 12 0 0 1 0 0 1
cfn=(786)
calls=3 0 
0 276 105 66
cob=(1)
cfi=(106)
cfn=(401)
calls=1 38 
0 872 294 121 3 11 0 3 4
0 21 5 2 1 1 0 1

fn=(778)
0 36 4 16 2 0 0 2
cfn=(524)
calls=12 0 
0 144 48 36
0 144 72 12 1 4 0 1
0 40 16 20

fn=(1076)
0 2 0 0 1 0 0 1
cob=(1)
cfi=(106)
cfn=(401)
calls=1 38 
0 4685 310 766 16 40 77 16 7 60
0 9 2 2 1 1 0 1

fn=(458)
0 176 0 132 1 0 0 1
cfn=(460)
calls=22 0 
0 69147 20021 8843 290 626 123 287 189 92
0 308 198 22 3 1 1 2

fn=(466)
0 13 2 4 2 0 0 2
cob=(1)
cfi=(106)
cfn=(401)
calls=1 38 
0 68282 19710 8735 282 612 123 281 184 92
0 9 2 2 1 1 0 1
0 5 1 2
fi=(92)
cob=(1)
cfi=(106)
cfn=(401)
calls=1 38 
0 614 217 100 1 10 0 1 4
0 4 1 0 1 1

fn=(472)
0 26 2 15 3 1 2 3 0 2
cob=(2)
cfi=(109)
cfn=(478)
calls=1 32 
0 40 0 25 0 0 6 0 0 6
cob=(1)
cfi=(106)
cfn=(401)
calls=3 38 
0 67556 19483 8577 275 601 113 274 181 83
0 60 8 17 4 4 1 4 1 1
0 11 5 2 0 1 1

totals: 1618622 468875 184372 1595 16239 4072 1374 8316 2974
